image_id,target_ar,decision_type,selected_k,delta_improve_vs_baseline,teacher_backend,teacher_confidence,validator_note,baseline_used_candidate_id
sstk_image_1237001830,1:1,keep_full,5,0.0,qwen25_vl,1.0,,1x1_g12x12_smaxc_i0001
sstk_image_1237001830,9:16,keep_full,5,0.0,qwen25_vl,1.0,,9x16_g12x12_smaxc_i0001
sstk_image_1237001830,16:9,keep_full,5,0.0,qwen25_vl,1.0,,16x9_g12x12_smaxc_i0001
sstk_image_1237001830,3:4,keep_full,5,0.0,qwen25_vl,1.0,,3x4_g12x12_smaxc_i0001
sstk_image_1237001830,4:3,keep_full,5,0.0,qwen25_vl,1.0,,4x3_g12x12_smaxc_i0001
pond5_image_47113082,1:1,keep_full,5,0.0,qwen25_vl,0.5,,1x1_g12x12_smaxc_i0001
pond5_image_47113082,9:16,crop,5,0.0,qwen25_vl,0.5,,9x16_g12x12_smaxc_i0001
pond5_image_47113082,16:9,keep_full,5,0.0,qwen25_vl,0.5,,16x9_g12x12_smaxc_i0001
pond5_image_47113082,3:4,keep_full,5,0.0,qwen25_vl,0.5,,3x4_g12x12_smaxc_i0001
pond5_image_47113082,4:3,crop,5,0.0,qwen25_vl,1.0,,4x3_g12x12_smaxc_i0001
sstk_image_1108055033,1:1,keep_full,5,0.0,qwen25_vl,1.0,,1x1_g12x12_smaxc_i0001
sstk_image_1108055033,9:16,keep_full,5,0.0,qwen25_vl,1.0,,9x16_g12x12_smaxc_i0001
sstk_image_1108055033,16:9,crop,5,0.0,qwen25_vl,0.5,,16x9_g12x12_steach_gaic_proj0_i0001
sstk_image_1108055033,3:4,keep_full,5,0.0,qwen25_vl,1.0,,3x4_g12x12_smaxc_i0001
sstk_image_1108055033,4:3,keep_full,5,0.0,qwen25_vl,0.5,,4x3_g12x12_smaxc_i0001
sstk_image_139509770,1:1,keep_full,5,0.0,qwen25_vl,1.0,,1x1_g12x12_smaxc_i0001
sstk_image_139509770,9:16,keep_full,5,0.0,qwen25_vl,1.0,,9x16_g12x12_smaxc_i0001
sstk_image_139509770,16:9,keep_full,5,0.0,qwen25_vl,1.0,,16x9_g12x12_smaxc_i0001
sstk_image_139509770,3:4,keep_full,5,0.0,qwen25_vl,1.0,,3x4_g12x12_smaxc_i0001
sstk_image_139509770,4:3,keep_full,5,0.0,qwen25_vl,1.0,,4x3_g12x12_smaxc_i0001
pond5_image_143575051,1:1,keep_full,5,0.0,qwen25_vl,1.0,,1x1_g12x12_smy0_i0002
pond5_image_143575051,9:16,keep_full,5,0.0,qwen25_vl,1.0,,9x16_g12x12_smaxc_i0001
pond5_image_143575051,16:9,crop,5,0.0,qwen25_vl,1.0,,16x9_g12x12_s1_i0023
pond5_image_143575051,3:4,keep_full,4,0.0,qwen25_vl,1.0,,3x4_g12x12_smy0_i0002
pond5_image_143575051,4:3,crop,5,0.0,qwen25_vl,1.0,,4x3_g12x12_smy0_i0002
bigstock_image_459741757,1:1,keep_full,5,0.0,qwen25_vl,0.5,,1x1_g12x12_smaxc_i0001
bigstock_image_459741757,9:16,crop,5,0.0,qwen25_vl,0.9826269999999999,,9x16_g12x12_smaxc_i0001
bigstock_image_459741757,16:9,crop,5,0.0,qwen25_vl,1.0,,16x9_g12x12_smaxc_i0001
bigstock_image_459741757,3:4,crop,5,0.0,qwen25_vl,0.9844520000000001,,3x4_g12x12_smaxc_i0001
bigstock_image_459741757,4:3,crop,5,0.0,qwen25_vl,1.0,,4x3_g12x12_smaxc_i0001
pond5_image_32036946,1:1,crop,5,0.0,qwen25_vl,0.5,,1x1_g12x12_smaxc_i0001
pond5_image_32036946,9:16,crop,5,0.0,qwen25_vl,0.5818669999999999,,9x16_g12x12_smx2_i0004
pond5_image_32036946,16:9,keep_full,5,0.0,qwen25_vl,0.5239010000000002,,16x9_g12x12_smaxc_i0001
pond5_image_32036946,3:4,keep_full,1,0.0,qwen25_vl,0.5,,3x4_g12x12_smx2_i0004
pond5_image_32036946,4:3,crop,5,0.0,qwen25_vl,0.535167,,4x3_g12x12_smaxc_i0001
sstk_image_1760226062,1:1,keep_full,5,0.0,qwen25_vl,0.5,,1x1_g12x12_smaxc_i0001
sstk_image_1760226062,9:16,crop,5,0.0,qwen25_vl,1.0,,9x16_g12x12_smaxc_i0001
sstk_image_1760226062,16:9,keep_full,5,0.0,qwen25_vl,0.5,,16x9_g12x12_smaxc_i0001
sstk_image_1760226062,3:4,crop,5,0.0,qwen25_vl,1.0,,3x4_g12x12_smaxc_i0001
sstk_image_1760226062,4:3,keep_full,5,0.0,qwen25_vl,1.0,,4x3_g12x12_smaxc_i0001
sstk_image_1330253276,1:1,keep_full,5,0.0,qwen25_vl,0.5186730000000002,,1x1_g12x12_smaxc_i0001
sstk_image_1330253276,9:16,keep_full,5,0.0,qwen25_vl,1.0,,9x16_g12x12_smaxc_i0001
sstk_image_1330253276,16:9,keep_full,5,0.0,qwen25_vl,0.501056,,16x9_g12x12_smaxc_i0001
sstk_image_1330253276,3:4,keep_full,5,0.0,qwen25_vl,1.0,,3x4_g12x12_smaxc_i0001
sstk_image_1330253276,4:3,keep_full,5,0.0,qwen25_vl,0.5311139999999999,,4x3_g12x12_smaxc_i0001
sstk_image_2076606415,1:1,crop,5,0.0,qwen25_vl,1.0,,1x1_g12x12_smaxc_i0001
sstk_image_2076606415,9:16,crop,5,0.0,qwen25_vl,0.5,,9x16_g12x12_smaxc_i0001
sstk_image_2076606415,16:9,crop,5,0.0,qwen25_vl,1.0,,16x9_g12x12_smaxc_i0001
sstk_image_2076606415,3:4,crop,5,0.0,qwen25_vl,1.0,,3x4_g12x12_smaxc_i0001
sstk_image_2076606415,4:3,keep_full,5,0.0,qwen25_vl,1.0,,4x3_g12x12_smaxc_i0001
sstk_image_1944153295,1:1,keep_full,5,0.0,qwen25_vl,1.0,,1x1_g12x12_smaxc_i0001
sstk_image_1944153295,9:16,crop,5,0.0,qwen25_vl,1.0,,9x16_g12x12_smaxc_i0001
sstk_image_1944153295,16:9,crop,5,0.0,qwen25_vl,1.0,,16x9_g12x12_steach_cgs_proj0_i0001
sstk_image_1944153295,3:4,keep_full,5,0.0,qwen25_vl,0.5,,3x4_g12x12_smaxc_i0001
sstk_image_1944153295,4:3,keep_full,5,0.0,qwen25_vl,0.9141009999999999,,4x3_g12x12_smaxc_i0001
sstk_image_1528364276,1:1,keep_full,4,0.0,qwen25_vl,0.968196,,1x1_g12x12_smx1_i0003
sstk_image_1528364276,9:16,keep_full,5,0.0,qwen25_vl,1.0,,9x16_g12x12_smx1_i0003
sstk_image_1528364276,16:9,keep_full,5,0.0,qwen25_vl,1.0,,16x9_g12x12_smaxc_i0001
sstk_image_1528364276,3:4,keep_full,5,0.0,qwen25_vl,1.0,,3x4_g12x12_smx1_i0003
sstk_image_1528364276,4:3,keep_full,5,0.0,qwen25_vl,0.5,,4x3_g12x12_smaxc_i0001
pond5_image_158641577,1:1,keep_full,5,0.0,qwen25_vl,0.5,,1x1_g12x12_smaxc_i0001
pond5_image_158641577,9:16,keep_full,5,0.0,qwen25_vl,1.0,,9x16_g12x12_smx1_i0003
pond5_image_158641577,16:9,keep_full,5,0.0,qwen25_vl,1.0,,16x9_g12x12_smaxc_i0001
pond5_image_158641577,3:4,crop,5,0.0,qwen25_vl,0.502531,,3x4_g12x12_smx1_i0003
pond5_image_158641577,4:3,keep_full,5,0.0,qwen25_vl,0.5274349999999999,,4x3_g12x12_smaxc_i0001
sstk_image_672381601,1:1,crop,4,0.0,qwen25_vl,1.0,,1x1_g12x12_s4_i0053
sstk_image_672381601,9:16,keep_full,2,0.0,qwen25_vl,1.0,,9x16_g12x12_smx1_i0003
sstk_image_672381601,16:9,keep_full,5,0.0,qwen25_vl,1.0,,16x9_g12x12_smy1_i0003
sstk_image_672381601,3:4,keep_full,2,0.0,qwen25_vl,0.6867479999999999,,3x4_g12x12_smy1_i0003
sstk_image_672381601,4:3,crop,2,0.0,qwen25_vl,1.0,,4x3_g12x12_s2_i0040
sstk_image_2256628113,1:1,keep_full,5,0.0,qwen25_vl,1.0,,1x1_g12x12_smaxc_i0001
sstk_image_2256628113,9:16,keep_full,5,0.0,qwen25_vl,0.5,,9x16_g12x12_smaxc_i0001
sstk_image_2256628113,16:9,keep_full,5,0.0,qwen25_vl,0.5412410000000001,,16x9_g12x12_smaxc_i0001
sstk_image_2256628113,3:4,crop,5,0.0,qwen25_vl,1.0,,3x4_g12x12_smaxc_i0001
sstk_image_2256628113,4:3,keep_full,5,0.0,qwen25_vl,0.5225500000000001,,4x3_g12x12_smaxc_i0001
sstk_image_498932281,1:1,crop,5,0.0,qwen25_vl,1.0,,1x1_g12x12_smaxc_i0001
sstk_image_498932281,9:16,crop,5,0.0,qwen25_vl,1.0,,9x16_g12x12_smaxc_i0001
sstk_image_498932281,16:9,keep_full,5,0.0,qwen25_vl,1.0,,16x9_g12x12_smy2_i0003
sstk_image_498932281,3:4,crop,5,0.0,qwen25_vl,1.0,,3x4_g12x12_smaxc_i0001
sstk_image_498932281,4:3,keep_full,5,0.0,qwen25_vl,1.0,,4x3_g12x12_smaxc_i0001
sstk_image_392316445,1:1,crop,5,0.0,qwen25_vl,1.0,,1x1_g12x12_smaxc_i0001
sstk_image_392316445,9:16,crop,5,0.0,qwen25_vl,1.0,,9x16_g12x12_smaxc_i0001
sstk_image_392316445,16:9,crop,5,0.0,qwen25_vl,1.0,,16x9_g12x12_smaxc_i0001
sstk_image_392316445,3:4,crop,5,0.0,qwen25_vl,1.0,,3x4_g12x12_smaxc_i0001
sstk_image_392316445,4:3,keep_full,5,0.0,qwen25_vl,0.5,,4x3_g12x12_smaxc_i0001
pond5_image_58100333,1:1,crop,5,0.0,qwen25_vl,1.0,,1x1_g12x12_steach_cacnet_jit0_13_i0005
pond5_image_58100333,9:16,crop,5,0.0,qwen25_vl,0.7122269999999999,,9x16_g12x12_smaxc_i0001
pond5_image_58100333,16:9,crop,1,0.0,qwen25_vl,0.5,,16x9_g12x12_s1_i0029
pond5_image_58100333,3:4,keep_full,2,0.0,qwen25_vl,0.697665,,3x4_g12x12_smy0_i0002
pond5_image_58100333,4:3,crop,5,0.0,qwen25_vl,1.0,,4x3_g12x12_s2_i0033
bigstock_image_427310582,1:1,crop,5,0.0,qwen25_vl,1.0,,1x1_g12x12_smaxc_i0001
bigstock_image_427310582,9:16,keep_full,5,0.0,qwen25_vl,0.556982,,9x16_g12x12_smaxc_i0001
bigstock_image_427310582,16:9,crop,5,0.0,qwen25_vl,1.0,,16x9_g12x12_smaxc_i0001
bigstock_image_427310582,3:4,keep_full,5,0.0,qwen25_vl,0.554421,,3x4_g12x12_smaxc_i0001
bigstock_image_427310582,4:3,crop,5,0.0,qwen25_vl,1.0,,4x3_g12x12_smaxc_i0001
sstk_image_255303343,1:1,keep_full,5,0.0,qwen25_vl,0.5,,1x1_g12x12_smaxc_i0001
sstk_image_255303343,9:16,crop,5,0.0,qwen25_vl,0.5,,9x16_g12x12_smaxc_i0001
sstk_image_255303343,16:9,keep_full,5,0.0,qwen25_vl,1.0,,16x9_g12x12_smy2_i0004
sstk_image_255303343,3:4,crop,5,0.0,qwen25_vl,1.0,,3x4_g12x12_smaxc_i0001
sstk_image_255303343,4:3,keep_full,5,0.0,qwen25_vl,0.976602,,4x3_g12x12_smaxc_i0001
sstk_image_1032537781,1:1,keep_full,5,0.0,qwen25_vl,1.0,,1x1_g12x12_smaxc_i0001
sstk_image_1032537781,9:16,keep_full,5,0.0,qwen25_vl,1.0,,9x16_g12x12_smaxc_i0001
sstk_image_1032537781,16:9,keep_full,5,0.0,qwen25_vl,1.0,,16x9_g12x12_smaxc_i0001
sstk_image_1032537781,3:4,keep_full,5,0.0,qwen25_vl,1.0,,3x4_g12x12_smaxc_i0001
sstk_image_1032537781,4:3,keep_full,5,0.0,qwen25_vl,1.0,,4x3_g12x12_smaxc_i0001
sstk_image_581983456,1:1,crop,1,0.0,qwen25_vl,0.5,,1x1_g12x12_steach_gaic_jit0_23_i0005
sstk_image_581983456,9:16,keep_full,5,0.0,qwen25_vl,1.0,,9x16_g12x12_smaxc_i0001
sstk_image_581983456,16:9,keep_full,5,0.0,qwen25_vl,1.0,,16x9_g12x12_smaxc_i0001
sstk_image_581983456,3:4,crop,5,0.0,qwen25_vl,0.5,,3x4_g12x12_steach_cgs_proj0_i0004
sstk_image_581983456,4:3,keep_full,5,0.0,qwen25_vl,1.0,,4x3_g12x12_smaxc_i0001
sstk_image_2259351075,1:1,keep_full,5,0.0,qwen25_vl,0.50584,,1x1_g12x12_smaxc_i0001
sstk_image_2259351075,9:16,keep_full,1,0.0,qwen25_vl,0.5,,9x16_g12x12_smx1_i0003
sstk_image_2259351075,16:9,keep_full,5,0.0,qwen25_vl,1.0,,16x9_g12x12_smy1_i0002
sstk_image_2259351075,3:4,crop,5,0.0,qwen25_vl,1.0,,3x4_g12x12_smaxc_i0001
sstk_image_2259351075,4:3,keep_full,5,0.0,qwen25_vl,0.507582,,4x3_g12x12_smaxc_i0001
sstk_image_1737587903,1:1,crop,5,0.0,qwen25_vl,1.0,,1x1_g12x12_smaxc_i0001
sstk_image_1737587903,9:16,crop,5,0.0,qwen25_vl,0.5,,9x16_g12x12_smaxc_i0001
sstk_image_1737587903,16:9,keep_full,5,0.0,qwen25_vl,0.5,,16x9_g12x12_smaxc_i0001
sstk_image_1737587903,3:4,keep_full,5,0.0,qwen25_vl,1.0,,3x4_g12x12_smx1_i0003
sstk_image_1737587903,4:3,keep_full,5,0.0,qwen25_vl,0.5288059999999999,,4x3_g12x12_smaxc_i0001
sstk_image_2101673092,1:1,keep_full,2,0.0,qwen25_vl,0.591308,,1x1_g12x12_smx0_i0002
sstk_image_2101673092,9:16,keep_full,5,0.0,qwen25_vl,0.6147959999999997,,9x16_g12x12_smx1_i0003
sstk_image_2101673092,16:9,keep_full,3,0.0,qwen25_vl,0.545849,,16x9_g12x12_smy1_i0003
sstk_image_2101673092,3:4,keep_full,3,0.0,qwen25_vl,0.522822,,3x4_g12x12_smx0_i0002
sstk_image_2101673092,4:3,crop,5,0.0,qwen25_vl,0.5595359999999999,,4x3_g12x12_steach_cacnet_proj0_i0001
sstk_image_2256565717,1:1,keep_full,5,0.0,qwen25_vl,0.5,,1x1_g12x12_smaxc_i0001
sstk_image_2256565717,9:16,keep_full,5,0.0,qwen25_vl,0.5,,9x16_g12x12_smaxc_i0001
sstk_image_2256565717,16:9,keep_full,5,0.0,qwen25_vl,1.0,,16x9_g12x12_smaxc_i0001
sstk_image_2256565717,3:4,keep_full,5,0.0,qwen25_vl,0.5,,3x4_g12x12_smaxc_i0001
sstk_image_2256565717,4:3,keep_full,5,0.0,qwen25_vl,0.5,,4x3_g12x12_smaxc_i0001
pond5_image_119598077,1:1,keep_full,5,0.0,qwen25_vl,0.5,,1x1_g12x12_smaxc_i0001
pond5_image_119598077,9:16,crop,5,0.0,qwen25_vl,1.0,,9x16_g12x12_smaxc_i0001
pond5_image_119598077,16:9,keep_full,5,0.0,qwen25_vl,0.5968650000000001,,16x9_g12x12_smaxc_i0001
pond5_image_119598077,3:4,crop,5,0.0,qwen25_vl,1.0,,3x4_g12x12_smaxc_i0001
pond5_image_119598077,4:3,keep_full,5,0.0,qwen25_vl,0.5420389999999999,,4x3_g12x12_smaxc_i0001
sstk_image_1235169733,1:1,crop,5,0.0,qwen25_vl,1.0,,1x1_g12x12_smaxc_i0001
sstk_image_1235169733,9:16,crop,5,0.0,qwen25_vl,1.0,,9x16_g12x12_smx1_i0003
sstk_image_1235169733,16:9,crop,2,0.0,qwen25_vl,0.572648,,16x9_g12x12_steach_gaic_jit0_19_i0005
sstk_image_1235169733,3:4,crop,5,0.0,qwen25_vl,1.0,,3x4_g12x12_smx1_i0003
sstk_image_1235169733,4:3,keep_full,5,0.0,qwen25_vl,0.508246,,4x3_g12x12_smaxc_i0001
sstk_image_1445944226,1:1,keep_full,3,0.0,qwen25_vl,0.5,,1x1_g12x12_smx2_i0003
sstk_image_1445944226,9:16,keep_full,5,0.0,qwen25_vl,1.0,,9x16_g12x12_smx2_i0004
sstk_image_1445944226,16:9,keep_full,5,0.0,qwen25_vl,1.0,,16x9_g12x12_smaxc_i0001
sstk_image_1445944226,3:4,keep_full,5,0.0,qwen25_vl,1.0,,3x4_g12x12_smx2_i0004
sstk_image_1445944226,4:3,keep_full,4,0.0,qwen25_vl,0.5,,4x3_g12x12_smaxc_i0001
sstk_image_709647808,1:1,crop,5,0.0,qwen25_vl,1.0,,1x1_g12x12_smaxc_i0001
sstk_image_709647808,9:16,crop,5,0.0,qwen25_vl,0.580737,,9x16_g12x12_smaxc_i0001
sstk_image_709647808,16:9,crop,5,0.0,qwen25_vl,1.0,,16x9_g12x12_smaxc_i0001
sstk_image_709647808,3:4,keep_full,5,0.0,qwen25_vl,0.5251600000000001,,3x4_g12x12_smaxc_i0001
sstk_image_709647808,4:3,crop,5,0.0,qwen25_vl,1.0,,4x3_g12x12_smaxc_i0001
sstk_image_736725859,1:1,keep_full,5,0.0,qwen25_vl,0.5,,1x1_g12x12_smaxc_i0001
sstk_image_736725859,9:16,crop,5,0.0,qwen25_vl,1.0,,9x16_g12x12_smaxc_i0001
sstk_image_736725859,16:9,keep_full,5,0.0,qwen25_vl,0.5150680000000001,,16x9_g12x12_smaxc_i0001
sstk_image_736725859,3:4,crop,5,0.0,qwen25_vl,1.0,,3x4_g12x12_smaxc_i0001
sstk_image_736725859,4:3,keep_full,5,0.0,qwen25_vl,0.5,,4x3_g12x12_smaxc_i0001
sstk_image_688883812,1:1,keep_full,5,0.0,qwen25_vl,1.0,,1x1_g12x12_smaxc_i0001
sstk_image_688883812,9:16,keep_full,5,0.0,qwen25_vl,1.0,,9x16_g12x12_smaxc_i0001
sstk_image_688883812,16:9,keep_full,5,0.0,qwen25_vl,1.0,,16x9_g12x12_smaxc_i0001
sstk_image_688883812,3:4,keep_full,5,0.0,qwen25_vl,1.0,,3x4_g12x12_smaxc_i0001
sstk_image_688883812,4:3,keep_full,5,0.0,qwen25_vl,1.0,,4x3_g12x12_smaxc_i0001
bigstock_image_249573325,1:1,keep_full,5,0.0,qwen25_vl,0.5,,1x1_g12x12_smaxc_i0001
bigstock_image_249573325,9:16,crop,5,0.0,qwen25_vl,0.5,,9x16_g12x12_smaxc_i0001
bigstock_image_249573325,16:9,keep_full,5,0.0,qwen25_vl,0.5080689999999999,,16x9_g12x12_smaxc_i0001
bigstock_image_249573325,3:4,crop,5,0.0,qwen25_vl,0.5,,3x4_g12x12_smaxc_i0001
bigstock_image_249573325,4:3,keep_full,5,0.0,qwen25_vl,0.5210219999999999,,4x3_g12x12_smaxc_i0001
bigstock_image_5751897,1:1,keep_full,5,0.0,qwen25_vl,0.5,,1x1_g12x12_smaxc_i0001
bigstock_image_5751897,9:16,keep_full,5,0.0,qwen25_vl,0.5,,9x16_g12x12_smaxc_i0001
bigstock_image_5751897,16:9,keep_full,5,0.0,qwen25_vl,1.0,,16x9_g12x12_smaxc_i0001
bigstock_image_5751897,3:4,keep_full,5,0.0,qwen25_vl,0.5,,3x4_g12x12_smaxc_i0001
bigstock_image_5751897,4:3,keep_full,5,0.0,qwen25_vl,0.5,,4x3_g12x12_smaxc_i0001
sstk_image_635478968,1:1,keep_full,5,0.0,qwen25_vl,1.0,,1x1_g12x12_smaxc_i0001
sstk_image_635478968,9:16,keep_full,5,0.0,qwen25_vl,1.0,,9x16_g12x12_smaxc_i0001
sstk_image_635478968,16:9,keep_full,5,0.0,qwen25_vl,0.5,,16x9_g12x12_smaxc_i0001
sstk_image_635478968,3:4,keep_full,5,0.0,qwen25_vl,1.0,,3x4_g12x12_smaxc_i0001
sstk_image_635478968,4:3,keep_full,5,0.0,qwen25_vl,1.0,,4x3_g12x12_smaxc_i0001
sstk_image_1681704610,1:1,keep_full,5,0.0,qwen25_vl,1.0,,1x1_g12x12_smaxc_i0001
sstk_image_1681704610,9:16,keep_full,5,0.0,qwen25_vl,0.5,,9x16_g12x12_smaxc_i0001
sstk_image_1681704610,16:9,keep_full,5,0.0,qwen25_vl,0.7479840000000001,,16x9_g12x12_smaxc_i0001
sstk_image_1681704610,3:4,keep_full,5,0.0,qwen25_vl,1.0,,3x4_g12x12_smaxc_i0001
sstk_image_1681704610,4:3,crop,5,0.0,qwen25_vl,0.9218219999999999,,4x3_g12x12_smaxc_i0001
sstk_image_401922541,1:1,crop,5,0.0,qwen25_vl,0.5028620000000001,,1x1_g12x12_smaxc_i0001
sstk_image_401922541,9:16,keep_full,5,0.0,qwen25_vl,0.5230000000000001,,9x16_g12x12_smaxc_i0001
sstk_image_401922541,16:9,keep_full,5,0.0,qwen25_vl,0.5082990000000001,,16x9_g12x12_smaxc_i0001
sstk_image_401922541,3:4,keep_full,5,0.0,qwen25_vl,0.5530600000000001,,3x4_g12x12_smaxc_i0001
sstk_image_401922541,4:3,keep_full,5,0.0,qwen25_vl,0.5144790000000001,,4x3_g12x12_smaxc_i0001
sstk_image_731468185,1:1,crop,5,0.0,qwen25_vl,1.0,,1x1_g12x12_smy1_i0003
sstk_image_731468185,9:16,keep_full,5,0.0,qwen25_vl,0.5166210000000007,,9x16_g12x12_smx0_i0002
sstk_image_731468185,16:9,crop,5,0.0,qwen25_vl,0.5,,16x9_g12x12_steach_cacnet_jit0_13_i0008
sstk_image_731468185,3:4,crop,5,0.0,qwen25_vl,1.0,,3x4_g12x12_smy1_i0003
sstk_image_731468185,4:3,crop,5,0.0,qwen25_vl,1.0,,4x3_g12x12_smy1_i0003
sstk_image_548134252,1:1,keep_full,5,0.0,qwen25_vl,0.514448,,1x1_g12x12_smaxc_i0001
sstk_image_548134252,9:16,crop,5,0.0,qwen25_vl,1.0,,9x16_g12x12_smaxc_i0001
sstk_image_548134252,16:9,keep_full,5,0.0,qwen25_vl,0.5048679999999999,,16x9_g12x12_smaxc_i0001
sstk_image_548134252,3:4,keep_full,5,0.0,qwen25_vl,0.512743,,3x4_g12x12_smaxc_i0001
sstk_image_548134252,4:3,keep_full,5,0.0,qwen25_vl,0.526959,,4x3_g12x12_smaxc_i0001
pond5_image_245714401,1:1,keep_full,5,0.0,qwen25_vl,0.5,,1x1_g12x12_smaxc_i0001
pond5_image_245714401,9:16,crop,5,0.0,qwen25_vl,1.0,,9x16_g12x12_smx0_i0002
pond5_image_245714401,16:9,keep_full,5,0.0,qwen25_vl,0.5,,16x9_g12x12_smaxc_i0001
pond5_image_245714401,3:4,keep_full,3,0.0,qwen25_vl,1.0,,3x4_g12x12_smx1_i0003
pond5_image_245714401,4:3,keep_full,5,0.0,qwen25_vl,1.0,,4x3_g12x12_smaxc_i0001
sstk_image_1870234546,1:1,keep_full,5,0.0,qwen25_vl,1.0,,1x1_g12x12_smaxc_i0001
sstk_image_1870234546,9:16,keep_full,5,0.0,qwen25_vl,1.0,,9x16_g12x12_smaxc_i0001
sstk_image_1870234546,16:9,keep_full,5,0.0,qwen25_vl,1.0,,16x9_g12x12_smaxc_i0001
sstk_image_1870234546,3:4,keep_full,5,0.0,qwen25_vl,1.0,,3x4_g12x12_smaxc_i0001
sstk_image_1870234546,4:3,keep_full,5,0.0,qwen25_vl,1.0,,4x3_g12x12_smaxc_i0001
sstk_image_2061015101,1:1,crop,5,0.0,qwen25_vl,0.5,,1x1_g12x12_smaxc_i0001
sstk_image_2061015101,9:16,crop,5,0.0,qwen25_vl,1.0,,9x16_g12x12_smaxc_i0001
sstk_image_2061015101,16:9,keep_full,5,0.0,qwen25_vl,0.511137,,16x9_g12x12_smaxc_i0001
sstk_image_2061015101,3:4,crop,5,0.0,qwen25_vl,0.5092450000000002,,3x4_g12x12_smaxc_i0001
sstk_image_2061015101,4:3,keep_full,5,0.0,qwen25_vl,0.5303659999999999,,4x3_g12x12_smaxc_i0001
sstk_image_1976333639,1:1,keep_full,5,0.0,qwen25_vl,1.0,,1x1_g12x12_smaxc_i0001
sstk_image_1976333639,9:16,keep_full,5,0.0,qwen25_vl,0.8300770000000002,,9x16_g12x12_smaxc_i0001
sstk_image_1976333639,16:9,keep_full,5,0.0,qwen25_vl,1.0,,16x9_g12x12_smaxc_i0001
sstk_image_1976333639,3:4,keep_full,5,0.0,qwen25_vl,1.0,,3x4_g12x12_smaxc_i0001
sstk_image_1976333639,4:3,keep_full,5,0.0,qwen25_vl,1.0,,4x3_g12x12_smaxc_i0001
sstk_image_1566222097,1:1,keep_full,5,0.0,qwen25_vl,0.5012720000000002,,1x1_g12x12_smaxc_i0001
sstk_image_1566222097,9:16,keep_full,5,0.0,qwen25_vl,1.0,,9x16_g12x12_smaxc_i0001
sstk_image_1566222097,16:9,minimal_crop,5,0.0,qwen25_vl,0.5008349999999999,,16x9_g12x12_steach_gaic_proj0_i0002
sstk_image_1566222097,3:4,crop,5,0.0,qwen25_vl,1.0,,3x4_g12x12_smaxc_i0001
sstk_image_1566222097,4:3,keep_full,5,0.0,qwen25_vl,0.510745,,4x3_g12x12_smaxc_i0001
sstk_image_102697559,1:1,crop,5,0.0,qwen25_vl,1.0,,1x1_g12x12_steach_cgs_jit0_19_i0004
sstk_image_102697559,9:16,keep_full,5,0.0,qwen25_vl,1.0,,9x16_g12x12_smaxc_i0001
sstk_image_102697559,16:9,crop,5,0.0,qwen25_vl,1.0,,16x9_g12x12_steach_cgs_jit0_13_i0007
sstk_image_102697559,3:4,keep_full,5,0.0,qwen25_vl,1.0,,3x4_g12x12_smx0_i0002
sstk_image_102697559,4:3,keep_full,5,0.0,qwen25_vl,1.0,,4x3_g12x12_smy2_i0003
sstk_image_393935044,1:1,keep_full,5,0.0,qwen25_vl,1.0,,1x1_g12x12_smaxc_i0001
sstk_image_393935044,9:16,keep_full,5,0.0,qwen25_vl,1.0,,9x16_g12x12_smaxc_i0001
sstk_image_393935044,16:9,keep_full,5,0.0,qwen25_vl,1.0,,16x9_g12x12_smaxc_i0001
sstk_image_393935044,3:4,keep_full,5,0.0,qwen25_vl,1.0,,3x4_g12x12_smaxc_i0001
sstk_image_393935044,4:3,keep_full,5,0.0,qwen25_vl,1.0,,4x3_g12x12_smaxc_i0001
sstk_image_319469393,1:1,crop,5,0.0,qwen25_vl,1.0,,1x1_g12x12_smaxc_i0001
sstk_image_319469393,9:16,keep_full,1,0.0,qwen25_vl,0.5,,9x16_g12x12_smx0_i0002
sstk_image_319469393,16:9,crop,5,0.0,qwen25_vl,1.0,,16x9_g12x12_smy1_i0003
sstk_image_319469393,3:4,crop,5,0.0,qwen25_vl,0.5,,3x4_g12x12_smaxc_i0001
sstk_image_319469393,4:3,crop,5,0.0,qwen25_vl,1.0,,4x3_g12x12_smaxc_i0001
bigstock_image_180474223,1:1,crop,5,0.0,qwen25_vl,1.0,,1x1_g12x12_smaxc_i0001
bigstock_image_180474223,9:16,crop,5,0.0,qwen25_vl,1.0,,9x16_g12x12_smaxc_i0001
bigstock_image_180474223,16:9,crop,5,0.0,qwen25_vl,0.542055,,16x9_g12x12_smaxc_i0001
bigstock_image_180474223,3:4,crop,5,0.0,qwen25_vl,1.0,,3x4_g12x12_smaxc_i0001
bigstock_image_180474223,4:3,crop,5,0.0,qwen25_vl,1.0,,4x3_g12x12_smaxc_i0001
bigstock_image_149147297,1:1,keep_full,5,0.0,qwen25_vl,0.5,,1x1_g12x12_smaxc_i0001
bigstock_image_149147297,9:16,keep_full,5,0.0,qwen25_vl,0.5,,9x16_g12x12_smaxc_i0001
bigstock_image_149147297,16:9,keep_full,5,0.0,qwen25_vl,0.5,,16x9_g12x12_smaxc_i0001
bigstock_image_149147297,3:4,keep_full,5,0.0,qwen25_vl,0.5,,3x4_g12x12_smaxc_i0001
bigstock_image_149147297,4:3,keep_full,5,0.0,qwen25_vl,0.5,,4x3_g12x12_smaxc_i0001
pond5_image_97691404,1:1,crop,5,0.0,qwen25_vl,1.0,,1x1_g12x12_smaxc_i0001
pond5_image_97691404,9:16,crop,5,0.0,qwen25_vl,1.0,,9x16_g12x12_smaxc_i0001
pond5_image_97691404,16:9,crop,5,0.0,qwen25_vl,1.0,,16x9_g12x12_smaxc_i0001
pond5_image_97691404,3:4,crop,5,0.0,qwen25_vl,1.0,,3x4_g12x12_smaxc_i0001
pond5_image_97691404,4:3,crop,5,0.0,qwen25_vl,1.0,,4x3_g12x12_smaxc_i0001
sstk_image_2317883239,1:1,keep_full,5,0.0,qwen25_vl,0.5,,1x1_g12x12_smaxc_i0001
sstk_image_2317883239,9:16,keep_full,5,0.0,qwen25_vl,0.5,,9x16_g12x12_smaxc_i0001
sstk_image_2317883239,16:9,crop,5,0.0,qwen25_vl,0.7482500000000001,,16x9_g12x12_smaxc_i0001
sstk_image_2317883239,3:4,keep_full,5,0.0,qwen25_vl,0.5,,3x4_g12x12_smaxc_i0001
sstk_image_2317883239,4:3,keep_full,5,0.0,qwen25_vl,0.5,,4x3_g12x12_smaxc_i0001
sstk_image_1433938418,1:1,keep_full,5,0.0,qwen25_vl,1.0,,1x1_g12x12_smaxc_i0001
sstk_image_1433938418,9:16,keep_full,5,0.0,qwen25_vl,1.0,,9x16_g12x12_smaxc_i0001
sstk_image_1433938418,16:9,keep_full,5,0.0,qwen25_vl,1.0,,16x9_g12x12_smaxc_i0001
sstk_image_1433938418,3:4,keep_full,5,0.0,qwen25_vl,1.0,,3x4_g12x12_smaxc_i0001
sstk_image_1433938418,4:3,keep_full,5,0.0,qwen25_vl,1.0,,4x3_g12x12_smaxc_i0001
pond5_image_157535868,1:1,keep_full,5,0.0,qwen25_vl,0.5022769999999999,,1x1_g12x12_smaxc_i0001
pond5_image_157535868,9:16,keep_full,5,0.0,qwen25_vl,0.544724,,9x16_g12x12_smaxc_i0001
pond5_image_157535868,16:9,keep_full,5,0.0,qwen25_vl,0.5,,16x9_g12x12_smaxc_i0001
pond5_image_157535868,3:4,keep_full,5,0.0,qwen25_vl,0.5100560000000001,,3x4_g12x12_smaxc_i0001
pond5_image_157535868,4:3,keep_full,5,0.0,qwen25_vl,0.508165,,4x3_g12x12_smaxc_i0001
sstk_image_148859447,1:1,keep_full,5,0.0,qwen25_vl,1.0,,1x1_g12x12_smy1_i0002
sstk_image_148859447,9:16,crop,5,0.0,qwen25_vl,1.0,,9x16_g12x12_smaxc_i0001
sstk_image_148859447,16:9,crop,5,0.0,qwen25_vl,1.0,,16x9_g12x12_steach_cacnet_jit0_13_i0007
sstk_image_148859447,3:4,keep_full,4,0.0,qwen25_vl,0.5016070000000001,,3x4_g12x12_smy0_i0002
sstk_image_148859447,4:3,keep_full,5,0.0,qwen25_vl,1.0,,4x3_g12x12_smy1_i0003
sstk_image_1470239924,1:1,keep_full,5,0.0,qwen25_vl,1.0,,1x1_g12x12_smaxc_i0001
sstk_image_1470239924,9:16,keep_full,5,0.0,qwen25_vl,1.0,,9x16_g12x12_smaxc_i0001
sstk_image_1470239924,16:9,crop,5,0.0,qwen25_vl,1.0,,16x9_g12x12_smaxc_i0001
sstk_image_1470239924,3:4,crop,5,0.0,qwen25_vl,1.0,,3x4_g12x12_smy2_i0003
sstk_image_1470239924,4:3,crop,5,0.0,qwen25_vl,1.0,,4x3_g12x12_smaxc_i0001
sstk_image_1943619616,1:1,keep_full,5,0.0,qwen25_vl,0.803262,,1x1_g12x12_smx0_i0002
sstk_image_1943619616,9:16,keep_full,1,0.0,qwen25_vl,0.5,,9x16_g12x12_smx1_i0003
sstk_image_1943619616,16:9,keep_full,5,0.0,qwen25_vl,0.5,,16x9_g12x12_smaxc_i0001
sstk_image_1943619616,3:4,keep_full,5,0.0,qwen25_vl,1.0,,3x4_g12x12_smx1_i0003
sstk_image_1943619616,4:3,keep_full,5,0.0,qwen25_vl,1.0,,4x3_g12x12_smaxc_i0001
sstk_image_137051318,1:1,crop,5,0.0,qwen25_vl,1.0,,1x1_g12x12_smaxc_i0001
sstk_image_137051318,9:16,crop,5,0.0,qwen25_vl,1.0,,9x16_g12x12_smaxc_i0001
sstk_image_137051318,16:9,crop,5,0.0,qwen25_vl,0.5,,16x9_g12x12_smaxc_i0001
sstk_image_137051318,3:4,crop,5,0.0,qwen25_vl,1.0,,3x4_g12x12_smaxc_i0001
sstk_image_137051318,4:3,keep_full,5,0.0,qwen25_vl,0.5,,4x3_g12x12_smaxc_i0001
bigstock_image_170252891,1:1,crop,5,0.0,qwen25_vl,0.552075,,1x1_g12x12_steach_cacnet_proj0_i0001
bigstock_image_170252891,9:16,keep_full,5,0.0,qwen25_vl,0.5,,9x16_g12x12_smaxc_i0001
bigstock_image_170252891,16:9,keep_full,5,0.0,qwen25_vl,0.5,,16x9_g12x12_smaxc_i0001
bigstock_image_170252891,3:4,keep_full,5,0.0,qwen25_vl,0.56887,,3x4_g12x12_smaxc_i0001
bigstock_image_170252891,4:3,keep_full,5,0.0,qwen25_vl,0.551978,,4x3_g12x12_smaxc_i0001
sstk_image_791108359,1:1,keep_full,5,0.0,qwen25_vl,1.0,,1x1_g12x12_smaxc_i0001
sstk_image_791108359,9:16,keep_full,5,0.0,qwen25_vl,0.5,,9x16_g12x12_smaxc_i0001
sstk_image_791108359,16:9,keep_full,5,0.0,qwen25_vl,1.0,,16x9_g12x12_smaxc_i0001
sstk_image_791108359,3:4,keep_full,5,0.0,qwen25_vl,0.5,,3x4_g12x12_smaxc_i0001
sstk_image_791108359,4:3,keep_full,5,0.0,qwen25_vl,0.5418689999999999,,4x3_g12x12_smaxc_i0001
sstk_image_1668376156,1:1,crop,5,0.0,qwen25_vl,0.991039,,1x1_g12x12_smaxc_i0001
sstk_image_1668376156,9:16,crop,5,0.0,qwen25_vl,1.0,,9x16_g12x12_smaxc_i0001
sstk_image_1668376156,16:9,crop,5,0.0,qwen25_vl,1.0,,16x9_g12x12_smaxc_i0001
sstk_image_1668376156,3:4,crop,5,0.0,qwen25_vl,1.0,,3x4_g12x12_smaxc_i0001
sstk_image_1668376156,4:3,crop,5,0.0,qwen25_vl,1.0,,4x3_g12x12_smaxc_i0001
sstk_image_1137779690,1:1,crop,5,0.0,qwen25_vl,1.0,,1x1_g12x12_smaxc_i0001
sstk_image_1137779690,9:16,keep_full,5,0.0,qwen25_vl,0.5,,9x16_g12x12_smaxc_i0001
sstk_image_1137779690,16:9,keep_full,5,0.0,qwen25_vl,0.536673,,16x9_g12x12_smaxc_i0001
sstk_image_1137779690,3:4,keep_full,5,0.0,qwen25_vl,1.0,,3x4_g12x12_smaxc_i0001
sstk_image_1137779690,4:3,keep_full,5,0.0,qwen25_vl,1.0,,4x3_g12x12_smaxc_i0001
sstk_image_628725542,1:1,keep_full,5,0.0,qwen25_vl,0.5,,1x1_g12x12_smaxc_i0001
sstk_image_628725542,9:16,keep_full,5,0.0,qwen25_vl,0.5,,9x16_g12x12_smaxc_i0001
sstk_image_628725542,16:9,keep_full,5,0.0,qwen25_vl,0.5386280000000001,,16x9_g12x12_smaxc_i0001
sstk_image_628725542,3:4,keep_full,5,0.0,qwen25_vl,0.5,,3x4_g12x12_smaxc_i0001
sstk_image_628725542,4:3,keep_full,5,0.0,qwen25_vl,0.5415690000000002,,4x3_g12x12_smaxc_i0001
sstk_image_505126018,1:1,keep_full,5,0.0,qwen25_vl,1.0,,1x1_g12x12_smaxc_i0001
sstk_image_505126018,9:16,keep_full,5,0.0,qwen25_vl,0.8705150000000001,,9x16_g12x12_smaxc_i0001
sstk_image_505126018,16:9,keep_full,5,0.0,qwen25_vl,1.0,,16x9_g12x12_smaxc_i0001
sstk_image_505126018,3:4,keep_full,5,0.0,qwen25_vl,1.0,,3x4_g12x12_smaxc_i0001
sstk_image_505126018,4:3,crop,5,0.0,qwen25_vl,1.0,,4x3_g12x12_smaxc_i0001
pond5_image_117339417,1:1,crop,2,0.0,qwen25_vl,0.5055829999999979,,1x1_g12x12_s1_i0072
pond5_image_117339417,9:16,keep_full,4,0.0,qwen25_vl,0.5,,9x16_g12x12_smaxc_i0001
pond5_image_117339417,16:9,crop,3,0.0,qwen25_vl,0.5,,16x9_g12x12_s0_i0067
pond5_image_117339417,3:4,crop,5,0.0,qwen25_vl,1.0,,3x4_g12x12_steach_gaic_jit0_24_i0011
pond5_image_117339417,4:3,crop,1,0.0,qwen25_vl,0.5,,4x3_g12x12_s2_i0049
pond5_image_162814744,1:1,keep_full,1,0.0,qwen25_vl,0.5,,1x1_g12x12_smx0_i0002
pond5_image_162814744,9:16,keep_full,5,0.0,qwen25_vl,1.0,,9x16_g12x12_smx1_i0003
pond5_image_162814744,16:9,keep_full,5,0.0,qwen25_vl,1.0,,16x9_g12x12_smaxc_i0001
pond5_image_162814744,3:4,crop,5,0.0,qwen25_vl,1.0,,3x4_g12x12_smx0_i0002
pond5_image_162814744,4:3,keep_full,1,0.0,qwen25_vl,0.5,,4x3_g12x12_smx0_i0002
sstk_image_1909520068,1:1,keep_full,5,0.0,qwen25_vl,0.500793,,1x1_g12x12_smaxc_i0001
sstk_image_1909520068,9:16,keep_full,5,0.0,qwen25_vl,0.514481,,9x16_g12x12_smaxc_i0001
sstk_image_1909520068,16:9,keep_full,5,0.0,qwen25_vl,0.546845,,16x9_g12x12_smaxc_i0001
sstk_image_1909520068,3:4,keep_full,5,0.0,qwen25_vl,0.512221,,3x4_g12x12_smaxc_i0001
sstk_image_1909520068,4:3,keep_full,5,0.0,qwen25_vl,0.562394,,4x3_g12x12_smaxc_i0001
sstk_image_1967838535,1:1,crop,5,0.0,qwen25_vl,0.988692,,1x1_g12x12_smaxc_i0001
sstk_image_1967838535,9:16,crop,5,0.0,qwen25_vl,1.0,,9x16_g12x12_smx1_i0003
sstk_image_1967838535,16:9,crop,4,0.0,qwen25_vl,0.5023619999999998,,16x9_g12x12_steach_cgs_jit0_18_i0023
sstk_image_1967838535,3:4,keep_full,1,0.0,qwen25_vl,0.5,,3x4_g12x12_smx1_i0003
sstk_image_1967838535,4:3,keep_full,5,0.0,qwen25_vl,0.5,,4x3_g12x12_smaxc_i0001
sstk_image_2245805149,1:1,keep_full,5,0.0,qwen25_vl,0.5128360000000001,,1x1_g12x12_smaxc_i0001
sstk_image_2245805149,9:16,crop,5,0.0,qwen25_vl,1.0,,9x16_g12x12_smaxc_i0001
sstk_image_2245805149,16:9,keep_full,5,0.0,qwen25_vl,0.5,,16x9_g12x12_smaxc_i0001
sstk_image_2245805149,3:4,keep_full,5,0.0,qwen25_vl,0.529341,,3x4_g12x12_smaxc_i0001
sstk_image_2245805149,4:3,keep_full,5,0.0,qwen25_vl,0.5119670000000001,,4x3_g12x12_smaxc_i0001
sstk_image_596038367,1:1,keep_full,5,0.0,qwen25_vl,1.0,,1x1_g12x12_smaxc_i0001
sstk_image_596038367,9:16,keep_full,5,0.0,qwen25_vl,1.0,,9x16_g12x12_smaxc_i0001
sstk_image_596038367,16:9,keep_full,5,0.0,qwen25_vl,0.5,,16x9_g12x12_smaxc_i0001
sstk_image_596038367,3:4,keep_full,5,0.0,qwen25_vl,0.5,,3x4_g12x12_smaxc_i0001
sstk_image_596038367,4:3,keep_full,5,0.0,qwen25_vl,1.0,,4x3_g12x12_smaxc_i0001
bigstock_image_59312051,1:1,keep_full,5,0.0,qwen25_vl,1.0,,1x1_g12x12_smaxc_i0001
bigstock_image_59312051,9:16,keep_full,5,0.0,qwen25_vl,1.0,,9x16_g12x12_smaxc_i0001
bigstock_image_59312051,16:9,keep_full,5,0.0,qwen25_vl,0.8224689999999999,,16x9_g12x12_smaxc_i0001
bigstock_image_59312051,3:4,keep_full,5,0.0,qwen25_vl,1.0,,3x4_g12x12_smaxc_i0001
bigstock_image_59312051,4:3,keep_full,5,0.0,qwen25_vl,1.0,,4x3_g12x12_smaxc_i0001
sstk_image_1059769676,1:1,crop,5,0.0,qwen25_vl,1.0,,1x1_g12x12_smaxc_i0001
sstk_image_1059769676,9:16,crop,5,0.0,qwen25_vl,1.0,,9x16_g12x12_smaxc_i0001
sstk_image_1059769676,16:9,keep_full,5,0.0,qwen25_vl,1.0,,16x9_g12x12_smaxc_i0001
sstk_image_1059769676,3:4,crop,5,0.0,qwen25_vl,1.0,,3x4_g12x12_smaxc_i0001
sstk_image_1059769676,4:3,keep_full,5,0.0,qwen25_vl,0.5,,4x3_g12x12_smaxc_i0001
bigstock_image_194163277,1:1,keep_full,5,0.0,qwen25_vl,1.0,,1x1_g12x12_smaxc_i0001
bigstock_image_194163277,9:16,keep_full,5,0.0,qwen25_vl,1.0,,9x16_g12x12_smx1_i0003
bigstock_image_194163277,16:9,keep_full,5,0.0,qwen25_vl,1.0,,16x9_g12x12_smaxc_i0001
bigstock_image_194163277,3:4,keep_full,1,0.0,qwen25_vl,0.5,,3x4_g12x12_smx1_i0003
bigstock_image_194163277,4:3,keep_full,5,0.0,qwen25_vl,0.505525,,4x3_g12x12_smaxc_i0001
sstk_image_1644420205,1:1,crop,5,0.0,qwen25_vl,1.0,,1x1_g12x12_smaxc_i0001
sstk_image_1644420205,9:16,keep_full,5,0.0,qwen25_vl,0.5,,9x16_g12x12_smaxc_i0001
sstk_image_1644420205,16:9,crop,5,0.0,qwen25_vl,0.5,,16x9_g12x12_smaxc_i0001
sstk_image_1644420205,3:4,crop,5,0.0,qwen25_vl,1.0,,3x4_g12x12_smaxc_i0001
sstk_image_1644420205,4:3,crop,5,0.0,qwen25_vl,1.0,,4x3_g12x12_smaxc_i0001
bigstock_image_170224748,1:1,keep_full,5,0.0,qwen25_vl,0.5,,1x1_g12x12_smaxc_i0001
bigstock_image_170224748,9:16,crop,5,0.0,qwen25_vl,1.0,,9x16_g12x12_smaxc_i0001
bigstock_image_170224748,16:9,crop,5,0.0,qwen25_vl,1.0,,16x9_g12x12_smaxc_i0001
bigstock_image_170224748,3:4,keep_full,5,0.0,qwen25_vl,1.0,,3x4_g12x12_smaxc_i0001
bigstock_image_170224748,4:3,keep_full,5,0.0,qwen25_vl,0.5,,4x3_g12x12_smaxc_i0001
pond5_image_120248059,1:1,keep_full,5,0.0,qwen25_vl,0.503703,,1x1_g12x12_smaxc_i0001
pond5_image_120248059,9:16,crop,5,0.0,qwen25_vl,0.5,,9x16_g12x12_smx0_i0002
pond5_image_120248059,16:9,keep_full,5,0.0,qwen25_vl,0.510767,,16x9_g12x12_smaxc_i0001
pond5_image_120248059,3:4,crop,5,0.0,qwen25_vl,0.502502,,3x4_g12x12_s2_i0042
pond5_image_120248059,4:3,keep_full,5,0.0,qwen25_vl,0.534754,,4x3_g12x12_smaxc_i0001
bigstock_image_337444474,1:1,crop,5,0.0,qwen25_vl,1.0,,1x1_g12x12_steach_gaic_jit0_13_i0010
bigstock_image_337444474,9:16,keep_full,5,0.0,qwen25_vl,1.0,,9x16_g12x12_smaxc_i0001
bigstock_image_337444474,16:9,crop,4,0.0,qwen25_vl,1.0,,16x9_g12x12_s1_i0056
bigstock_image_337444474,3:4,keep_full,1,0.0,qwen25_vl,0.5,,3x4_g12x12_smy1_i0003
bigstock_image_337444474,4:3,crop,5,0.0,qwen25_vl,1.0,,4x3_g12x12_steach_cgs_proj0_i0005
sstk_image_150109370,1:1,crop,5,0.0,qwen25_vl,1.0,,1x1_g12x12_steach_cgs_jit0_12_i0005
sstk_image_150109370,9:16,keep_full,2,0.0,qwen25_vl,0.5209250000000001,,9x16_g12x12_smx0_i0002
sstk_image_150109370,16:9,keep_full,5,0.0,qwen25_vl,1.0,,16x9_g12x12_smaxc_i0001
sstk_image_150109370,3:4,keep_full,2,0.0,qwen25_vl,1.0,,3x4_g12x12_smy1_i0003
sstk_image_150109370,4:3,keep_full,1,0.0,qwen25_vl,0.5,,4x3_g12x12_s2_i0046
sstk_image_395158177,1:1,crop,5,0.0,qwen25_vl,1.0,,1x1_g12x12_smaxc_i0001
sstk_image_395158177,9:16,crop,5,0.0,qwen25_vl,1.0,,9x16_g12x12_smaxc_i0001
sstk_image_395158177,16:9,crop,5,0.0,qwen25_vl,1.0,,16x9_g12x12_smaxc_i0001
sstk_image_395158177,3:4,crop,5,0.0,qwen25_vl,1.0,,3x4_g12x12_smaxc_i0001
sstk_image_395158177,4:3,crop,5,0.0,qwen25_vl,1.0,,4x3_g12x12_smaxc_i0001
bigstock_image_297686437,1:1,crop,5,0.0,qwen25_vl,0.5205139999999999,,1x1_g12x12_smaxc_i0001
bigstock_image_297686437,9:16,keep_full,5,0.0,qwen25_vl,0.5,,9x16_g12x12_smaxc_i0001
bigstock_image_297686437,16:9,keep_full,5,0.0,qwen25_vl,0.512814,,16x9_g12x12_smaxc_i0001
bigstock_image_297686437,3:4,keep_full,5,0.0,qwen25_vl,0.568265,,3x4_g12x12_smaxc_i0001
bigstock_image_297686437,4:3,keep_full,5,0.0,qwen25_vl,0.5258339999999999,,4x3_g12x12_smaxc_i0001
sstk_image_2315550471,1:1,keep_full,5,0.0,qwen25_vl,0.5,,1x1_g12x12_smaxc_i0001
sstk_image_2315550471,9:16,crop,5,0.0,qwen25_vl,1.0,,9x16_g12x12_smaxc_i0001
sstk_image_2315550471,16:9,crop,5,0.0,qwen25_vl,1.0,,16x9_g12x12_steach_cgs_proj0_i0001
sstk_image_2315550471,3:4,crop,5,0.0,qwen25_vl,1.0,,3x4_g12x12_smaxc_i0001
sstk_image_2315550471,4:3,keep_full,5,0.0,qwen25_vl,1.0,,4x3_g12x12_smaxc_i0001
bigstock_image_183873547,1:1,keep_full,5,0.0,qwen25_vl,0.5,,1x1_g12x12_smaxc_i0001
bigstock_image_183873547,9:16,keep_full,5,0.0,qwen25_vl,0.5,,9x16_g12x12_smaxc_i0001
bigstock_image_183873547,16:9,keep_full,5,0.0,qwen25_vl,0.5,,16x9_g12x12_smaxc_i0001
bigstock_image_183873547,3:4,keep_full,5,0.0,qwen25_vl,0.5,,3x4_g12x12_smaxc_i0001
bigstock_image_183873547,4:3,keep_full,5,0.0,qwen25_vl,1.0,,4x3_g12x12_smaxc_i0001
sstk_image_2249973943,1:1,crop,5,0.0,qwen25_vl,0.5,,1x1_g12x12_smaxc_i0001
sstk_image_2249973943,9:16,crop,5,0.0,qwen25_vl,1.0,,9x16_g12x12_smaxc_i0001
sstk_image_2249973943,16:9,crop,5,0.0,qwen25_vl,1.0,,16x9_g12x12_smaxc_i0001
sstk_image_2249973943,3:4,crop,5,0.0,qwen25_vl,1.0,,3x4_g12x12_smaxc_i0001
sstk_image_2249973943,4:3,crop,5,0.0,qwen25_vl,0.5519320000000001,,4x3_g12x12_smaxc_i0001
sstk_image_1212031423,1:1,keep_full,5,0.0,qwen25_vl,0.5,,1x1_g12x12_smaxc_i0001
sstk_image_1212031423,9:16,keep_full,5,0.0,qwen25_vl,0.501713,,9x16_g12x12_smx1_i0003
sstk_image_1212031423,16:9,keep_full,5,0.0,qwen25_vl,1.0,,16x9_g12x12_smaxc_i0001
sstk_image_1212031423,3:4,keep_full,5,0.0,qwen25_vl,0.572624,,3x4_g12x12_smx1_i0003
sstk_image_1212031423,4:3,keep_full,5,0.0,qwen25_vl,1.0,,4x3_g12x12_smaxc_i0001
sstk_image_2223969033,1:1,keep_full,5,0.0,qwen25_vl,0.5050890000000001,,1x1_g12x12_smaxc_i0001
sstk_image_2223969033,9:16,keep_full,5,0.0,qwen25_vl,0.5,,9x16_g12x12_smaxc_i0001
sstk_image_2223969033,16:9,keep_full,5,0.0,qwen25_vl,1.0,,16x9_g12x12_smy2_i0004
sstk_image_2223969033,3:4,keep_full,5,0.0,qwen25_vl,0.531387,,3x4_g12x12_smaxc_i0001
sstk_image_2223969033,4:3,keep_full,5,0.0,qwen25_vl,0.519541,,4x3_g12x12_smaxc_i0001
sstk_image_1483883669,1:1,keep_full,5,0.0,qwen25_vl,0.5210509999999999,,1x1_g12x12_smaxc_i0001
sstk_image_1483883669,9:16,keep_full,5,0.0,qwen25_vl,0.5,,9x16_g12x12_smaxc_i0001
sstk_image_1483883669,16:9,keep_full,5,0.0,qwen25_vl,1.0,,16x9_g12x12_smaxc_i0001
sstk_image_1483883669,3:4,keep_full,5,0.0,qwen25_vl,1.0,,3x4_g12x12_smaxc_i0001
sstk_image_1483883669,4:3,keep_full,5,0.0,qwen25_vl,0.5,,4x3_g12x12_smaxc_i0001
sstk_image_1863068152,1:1,keep_full,5,0.0,qwen25_vl,1.0,,1x1_g12x12_smaxc_i0001
sstk_image_1863068152,9:16,keep_full,5,0.0,qwen25_vl,1.0,,9x16_g12x12_smaxc_i0001
sstk_image_1863068152,16:9,keep_full,5,0.0,qwen25_vl,1.0,,16x9_g12x12_smaxc_i0001
sstk_image_1863068152,3:4,keep_full,5,0.0,qwen25_vl,1.0,,3x4_g12x12_smaxc_i0001
sstk_image_1863068152,4:3,keep_full,5,0.0,qwen25_vl,1.0,,4x3_g12x12_smaxc_i0001
sstk_image_124956428,1:1,crop,5,0.0,qwen25_vl,1.0,,1x1_g12x12_smaxc_i0001
sstk_image_124956428,9:16,crop,5,0.0,qwen25_vl,1.0,,9x16_g12x12_smaxc_i0001
sstk_image_124956428,16:9,keep_full,5,0.0,qwen25_vl,0.5209270000000001,,16x9_g12x12_smaxc_i0001
sstk_image_124956428,3:4,crop,5,0.0,qwen25_vl,1.0,,3x4_g12x12_smaxc_i0001
sstk_image_124956428,4:3,keep_full,5,0.0,qwen25_vl,0.531234,,4x3_g12x12_smaxc_i0001
pond5_image_214773394,1:1,keep_full,5,0.0,qwen25_vl,1.0,,1x1_g12x12_smaxc_i0001
pond5_image_214773394,9:16,crop,5,0.0,qwen25_vl,1.0,,9x16_g12x12_smaxc_i0001
pond5_image_214773394,16:9,keep_full,5,0.0,qwen25_vl,1.0,,16x9_g12x12_smaxc_i0001
pond5_image_214773394,3:4,keep_full,5,0.0,qwen25_vl,0.5,,3x4_g12x12_smaxc_i0001
pond5_image_214773394,4:3,keep_full,5,0.0,qwen25_vl,0.5,,4x3_g12x12_smaxc_i0001
sstk_image_1627438084,1:1,crop,5,0.0,qwen25_vl,1.0,,1x1_g12x12_smaxc_i0001
sstk_image_1627438084,9:16,crop,5,0.0,qwen25_vl,1.0,,9x16_g12x12_smaxc_i0001
sstk_image_1627438084,16:9,keep_full,5,0.0,qwen25_vl,0.514934,,16x9_g12x12_smaxc_i0001
sstk_image_1627438084,3:4,crop,5,0.0,qwen25_vl,1.0,,3x4_g12x12_smaxc_i0001
sstk_image_1627438084,4:3,crop,5,0.0,qwen25_vl,0.536451,,4x3_g12x12_steach_cacnet_proj0_i0001
sstk_image_568388461,1:1,crop,5,0.0,qwen25_vl,1.0,,1x1_g12x12_smx0_i0002
sstk_image_568388461,9:16,crop,3,0.0,qwen25_vl,0.5484000000000009,,9x16_g12x12_s0_i0029
sstk_image_568388461,16:9,keep_full,5,0.0,qwen25_vl,1.0,,16x9_g12x12_smaxc_i0001
sstk_image_568388461,3:4,crop,2,0.0,qwen25_vl,1.0,,3x4_g12x12_s2_i0022
sstk_image_568388461,4:3,keep_full,5,0.0,qwen25_vl,1.0,,4x3_g12x12_smx0_i0002
sstk_image_1709715430,1:1,crop,5,0.0,qwen25_vl,0.515881,,1x1_g12x12_smaxc_i0001
sstk_image_1709715430,9:16,keep_full,5,0.0,qwen25_vl,0.5,,9x16_g12x12_smaxc_i0001
sstk_image_1709715430,16:9,crop,5,0.0,qwen25_vl,1.0,,16x9_g12x12_s5_i0050
sstk_image_1709715430,3:4,crop,5,0.0,qwen25_vl,1.0,,3x4_g12x12_smaxc_i0001
sstk_image_1709715430,4:3,keep_full,5,0.0,qwen25_vl,0.502448,,4x3_g12x12_smaxc_i0001
sstk_image_244324930,1:1,keep_full,5,0.0,qwen25_vl,0.5,,1x1_g12x12_smaxc_i0001
sstk_image_244324930,9:16,keep_full,5,0.0,qwen25_vl,1.0,,9x16_g12x12_smaxc_i0001
sstk_image_244324930,16:9,keep_full,5,0.0,qwen25_vl,1.0,,16x9_g12x12_smy0_i0002
sstk_image_244324930,3:4,keep_full,5,0.0,qwen25_vl,0.517471,,3x4_g12x12_smaxc_i0001
sstk_image_244324930,4:3,keep_full,5,0.0,qwen25_vl,0.5,,4x3_g12x12_smaxc_i0001
sstk_image_1894665262,1:1,crop,5,0.0,qwen25_vl,1.0,,1x1_g12x12_steach_cacnet_proj0_i0004
sstk_image_1894665262,9:16,crop,5,0.0,qwen25_vl,0.672752,,9x16_g12x12_smaxc_i0001
sstk_image_1894665262,16:9,crop,4,0.0,qwen25_vl,1.0,,16x9_g12x12_s1_i0038
sstk_image_1894665262,3:4,keep_full,5,0.0,qwen25_vl,1.0,,3x4_g12x12_smaxc_i0001
sstk_image_1894665262,4:3,keep_full,5,0.0,qwen25_vl,1.0,,4x3_g12x12_smy0_i0002
sstk_image_737438290,1:1,keep_full,5,0.0,qwen25_vl,0.5,,1x1_g12x12_smaxc_i0001
sstk_image_737438290,9:16,crop,5,0.0,qwen25_vl,1.0,,9x16_g12x12_smaxc_i0001
sstk_image_737438290,16:9,keep_full,5,0.0,qwen25_vl,1.0,,16x9_g12x12_smaxc_i0001
sstk_image_737438290,3:4,keep_full,5,0.0,qwen25_vl,0.545622,,3x4_g12x12_smaxc_i0001
sstk_image_737438290,4:3,keep_full,5,0.0,qwen25_vl,1.0,,4x3_g12x12_smaxc_i0001
pond5_image_63398631,1:1,keep_full,5,0.0,qwen25_vl,0.5462529999999999,,1x1_g12x12_smx0_i0002
pond5_image_63398631,9:16,keep_full,5,0.0,qwen25_vl,1.0,,9x16_g12x12_smx1_i0003
pond5_image_63398631,16:9,keep_full,5,0.0,qwen25_vl,1.0,,16x9_g12x12_smaxc_i0001
pond5_image_63398631,3:4,keep_full,5,0.0,qwen25_vl,1.0,,3x4_g12x12_smx1_i0003
pond5_image_63398631,4:3,keep_full,5,0.0,qwen25_vl,0.5,,4x3_g12x12_smaxc_i0001
bigstock_image_74177035,1:1,crop,5,0.0,qwen25_vl,1.0,,1x1_g12x12_smaxc_i0001
bigstock_image_74177035,9:16,crop,5,0.0,qwen25_vl,1.0,,9x16_g12x12_smaxc_i0001
bigstock_image_74177035,16:9,crop,5,0.0,qwen25_vl,1.0,,16x9_g12x12_smaxc_i0001
bigstock_image_74177035,3:4,crop,5,0.0,qwen25_vl,1.0,,3x4_g12x12_smaxc_i0001
bigstock_image_74177035,4:3,keep_full,5,0.0,qwen25_vl,0.52057,,4x3_g12x12_smaxc_i0001
pond5_image_166699751,1:1,crop,5,0.0,qwen25_vl,1.0,,1x1_g12x12_smaxc_i0001
pond5_image_166699751,9:16,crop,5,0.0,qwen25_vl,1.0,,9x16_g12x12_smaxc_i0001
pond5_image_166699751,16:9,crop,5,0.0,qwen25_vl,1.0,,16x9_g12x12_smaxc_i0001
pond5_image_166699751,3:4,crop,5,0.0,qwen25_vl,1.0,,3x4_g12x12_smaxc_i0001
pond5_image_166699751,4:3,crop,5,0.0,qwen25_vl,1.0,,4x3_g12x12_smaxc_i0001
pond5_image_111876739,1:1,keep_full,5,0.0,qwen25_vl,0.9071690000000006,,1x1_g12x12_smaxc_i0001
pond5_image_111876739,9:16,keep_full,5,0.0,qwen25_vl,1.0,,9x16_g12x12_smaxc_i0001
pond5_image_111876739,16:9,keep_full,5,0.0,qwen25_vl,0.8429579999999999,,16x9_g12x12_smaxc_i0001
pond5_image_111876739,3:4,keep_full,5,0.0,qwen25_vl,1.0,,3x4_g12x12_smaxc_i0001
pond5_image_111876739,4:3,keep_full,5,0.0,qwen25_vl,1.0,,4x3_g12x12_smaxc_i0001
sstk_image_2107561898,1:1,keep_full,5,0.0,qwen25_vl,0.5,,1x1_g12x12_smaxc_i0001
sstk_image_2107561898,9:16,crop,5,0.0,qwen25_vl,1.0,,9x16_g12x12_smaxc_i0001
sstk_image_2107561898,16:9,keep_full,5,0.0,qwen25_vl,0.5,,16x9_g12x12_smaxc_i0001
sstk_image_2107561898,3:4,keep_full,5,0.0,qwen25_vl,0.5,,3x4_g12x12_smaxc_i0001
sstk_image_2107561898,4:3,keep_full,5,0.0,qwen25_vl,0.5,,4x3_g12x12_smaxc_i0001
bigstock_image_32897534,1:1,crop,5,0.0,qwen25_vl,1.0,,1x1_g12x12_smaxc_i0001
bigstock_image_32897534,9:16,crop,5,0.0,qwen25_vl,1.0,,9x16_g12x12_smaxc_i0001
bigstock_image_32897534,16:9,keep_full,5,0.0,qwen25_vl,1.0,,16x9_g12x12_smaxc_i0001
bigstock_image_32897534,3:4,crop,5,0.0,qwen25_vl,1.0,,3x4_g12x12_smaxc_i0001
bigstock_image_32897534,4:3,crop,5,0.0,qwen25_vl,0.5116970000000001,,4x3_g12x12_steach_cacnet_proj0_i0001
bigstock_image_179956204,1:1,keep_full,5,0.0,qwen25_vl,1.0,,1x1_g12x12_smaxc_i0001
bigstock_image_179956204,9:16,keep_full,5,0.0,qwen25_vl,0.5,,9x16_g12x12_smaxc_i0001
bigstock_image_179956204,16:9,keep_full,5,0.0,qwen25_vl,0.5159469999999999,,16x9_g12x12_smaxc_i0001
bigstock_image_179956204,3:4,crop,5,0.0,qwen25_vl,0.7217990000000003,,3x4_g12x12_smaxc_i0001
bigstock_image_179956204,4:3,keep_full,5,0.0,qwen25_vl,0.5276259999999999,,4x3_g12x12_smaxc_i0001
bigstock_image_139993538,1:1,keep_full,5,0.0,qwen25_vl,0.5,,1x1_g12x12_smaxc_i0001
bigstock_image_139993538,9:16,crop,5,0.0,qwen25_vl,1.0,,9x16_g12x12_smaxc_i0001
bigstock_image_139993538,16:9,keep_full,5,0.0,qwen25_vl,0.5,,16x9_g12x12_smaxc_i0001
bigstock_image_139993538,3:4,crop,5,0.0,qwen25_vl,0.5,,3x4_g12x12_smaxc_i0001
bigstock_image_139993538,4:3,keep_full,5,0.0,qwen25_vl,0.5,,4x3_g12x12_smaxc_i0001
pond5_image_64839514,1:1,keep_full,5,0.0,qwen25_vl,1.0,,1x1_g12x12_smaxc_i0001
pond5_image_64839514,9:16,keep_full,5,0.0,qwen25_vl,1.0,,9x16_g12x12_smaxc_i0001
pond5_image_64839514,16:9,keep_full,5,0.0,qwen25_vl,0.5,,16x9_g12x12_smaxc_i0001
pond5_image_64839514,3:4,keep_full,5,0.0,qwen25_vl,1.0,,3x4_g12x12_smaxc_i0001
pond5_image_64839514,4:3,keep_full,5,0.0,qwen25_vl,1.0,,4x3_g12x12_smaxc_i0001
sstk_image_194997254,1:1,crop,5,0.0,qwen25_vl,0.823923,,1x1_g12x12_steach_cacnet_proj0_i0001
sstk_image_194997254,9:16,keep_full,5,0.0,qwen25_vl,1.0,,9x16_g12x12_smaxc_i0001
sstk_image_194997254,16:9,keep_full,5,0.0,qwen25_vl,1.0,,16x9_g12x12_smaxc_i0001
sstk_image_194997254,3:4,keep_full,5,0.0,qwen25_vl,1.0,,3x4_g12x12_smaxc_i0001
sstk_image_194997254,4:3,keep_full,5,0.0,qwen25_vl,0.5,,4x3_g12x12_smaxc_i0001
sstk_image_1288898353,1:1,keep_full,5,0.0,qwen25_vl,1.0,,1x1_g12x12_smx1_i0003
sstk_image_1288898353,9:16,keep_full,5,0.0,qwen25_vl,1.0,,9x16_g12x12_smx1_i0003
sstk_image_1288898353,16:9,keep_full,5,0.0,qwen25_vl,0.539649,,16x9_g12x12_smaxc_i0001
sstk_image_1288898353,3:4,keep_full,5,0.0,qwen25_vl,1.0,,3x4_g12x12_smx1_i0003
sstk_image_1288898353,4:3,keep_full,5,0.0,qwen25_vl,0.5,,4x3_g12x12_smaxc_i0001
pond5_image_245784270,1:1,keep_full,5,0.0,qwen25_vl,1.0,,1x1_g12x12_smaxc_i0001
pond5_image_245784270,9:16,keep_full,5,0.0,qwen25_vl,1.0,,9x16_g12x12_smx1_i0003
pond5_image_245784270,16:9,keep_full,5,0.0,qwen25_vl,0.5,,16x9_g12x12_smaxc_i0001
pond5_image_245784270,3:4,keep_full,3,0.0,qwen25_vl,1.0,,3x4_g12x12_smx1_i0003
pond5_image_245784270,4:3,keep_full,5,0.0,qwen25_vl,0.5,,4x3_g12x12_smaxc_i0001
bigstock_image_393470339,1:1,crop,5,0.0,qwen25_vl,0.5,,1x1_g12x12_smx0_i0002
bigstock_image_393470339,9:16,crop,5,0.0,qwen25_vl,1.0,,9x16_g12x12_smaxc_i0001
bigstock_image_393470339,16:9,keep_full,5,0.0,qwen25_vl,1.0,,16x9_g12x12_smaxc_i0001
bigstock_image_393470339,3:4,crop,5,0.0,qwen25_vl,1.0,,3x4_g12x12_steach_gaic_jit0_15_i0007
bigstock_image_393470339,4:3,crop,5,0.0,qwen25_vl,1.0,,4x3_g12x12_smaxc_i0001
sstk_image_1555543013,1:1,keep_full,5,0.0,qwen25_vl,0.5,,1x1_g12x12_smaxc_i0001
sstk_image_1555543013,9:16,keep_full,5,0.0,qwen25_vl,1.0,,9x16_g12x12_smx1_i0003
sstk_image_1555543013,16:9,keep_full,1,0.0,qwen25_vl,0.5,,16x9_g12x12_smy1_i0003
sstk_image_1555543013,3:4,crop,5,0.0,qwen25_vl,1.0,,3x4_g12x12_smaxc_i0001
sstk_image_1555543013,4:3,keep_full,5,0.0,qwen25_vl,0.5,,4x3_g12x12_smaxc_i0001
sstk_image_1790705057,1:1,keep_full,5,0.0,qwen25_vl,1.0,,1x1_g12x12_smx1_i0003
sstk_image_1790705057,9:16,crop,5,0.0,qwen25_vl,0.5,,9x16_g12x12_smx1_i0003
sstk_image_1790705057,16:9,crop,5,0.0,qwen25_vl,0.5,,16x9_g12x12_steach_cgs_proj0_i0001
sstk_image_1790705057,3:4,keep_full,2,0.0,qwen25_vl,1.0,,3x4_g12x12_smx1_i0003
sstk_image_1790705057,4:3,keep_full,5,0.0,qwen25_vl,1.0,,4x3_g12x12_smaxc_i0001
sstk_image_2060791553,1:1,keep_full,5,0.0,qwen25_vl,1.0,,1x1_g12x12_smaxc_i0001
sstk_image_2060791553,9:16,keep_full,4,0.0,qwen25_vl,1.0,,9x16_g12x12_smx1_i0003
sstk_image_2060791553,16:9,keep_full,5,0.0,qwen25_vl,1.0,,16x9_g12x12_smy0_i0002
sstk_image_2060791553,3:4,crop,5,0.0,qwen25_vl,1.0,,3x4_g12x12_smaxc_i0001
sstk_image_2060791553,4:3,keep_full,5,0.0,qwen25_vl,0.5,,4x3_g12x12_smaxc_i0001
sstk_image_1385377421,1:1,keep_full,5,0.0,qwen25_vl,0.5,,1x1_g12x12_smaxc_i0001
sstk_image_1385377421,9:16,crop,5,0.0,qwen25_vl,0.5,,9x16_g12x12_smaxc_i0001
sstk_image_1385377421,16:9,keep_full,5,0.0,qwen25_vl,0.5,,16x9_g12x12_smaxc_i0001
sstk_image_1385377421,3:4,crop,5,0.0,qwen25_vl,1.0,,3x4_g12x12_smaxc_i0001
sstk_image_1385377421,4:3,keep_full,5,0.0,qwen25_vl,0.5,,4x3_g12x12_smaxc_i0001
bigstock_image_163220822,1:1,keep_full,5,0.0,qwen25_vl,0.5,,1x1_g12x12_smaxc_i0001
bigstock_image_163220822,9:16,keep_full,5,0.0,qwen25_vl,0.5,,9x16_g12x12_smaxc_i0001
bigstock_image_163220822,16:9,keep_full,5,0.0,qwen25_vl,0.5077639999999999,,16x9_g12x12_smaxc_i0001
bigstock_image_163220822,3:4,crop,5,0.0,qwen25_vl,1.0,,3x4_g12x12_smaxc_i0001
bigstock_image_163220822,4:3,keep_full,5,0.0,qwen25_vl,0.534308,,4x3_g12x12_smaxc_i0001
sstk_image_228560485,1:1,keep_full,5,0.0,qwen25_vl,0.5,,1x1_g12x12_smaxc_i0001
sstk_image_228560485,9:16,keep_full,5,0.0,qwen25_vl,1.0,,9x16_g12x12_smaxc_i0001
sstk_image_228560485,16:9,crop,5,0.0,qwen25_vl,1.0,,16x9_g12x12_smaxc_i0001
sstk_image_228560485,3:4,keep_full,5,0.0,qwen25_vl,0.5,,3x4_g12x12_smaxc_i0001
sstk_image_228560485,4:3,keep_full,5,0.0,qwen25_vl,1.0,,4x3_g12x12_smaxc_i0001
bigstock_image_165044747,1:1,keep_full,5,0.0,qwen25_vl,1.0,,1x1_g12x12_smaxc_i0001
bigstock_image_165044747,9:16,keep_full,5,0.0,qwen25_vl,0.5,,9x16_g12x12_smaxc_i0001
bigstock_image_165044747,16:9,keep_full,5,0.0,qwen25_vl,0.8842830000000004,,16x9_g12x12_smaxc_i0001
bigstock_image_165044747,3:4,keep_full,5,0.0,qwen25_vl,1.0,,3x4_g12x12_smaxc_i0001
bigstock_image_165044747,4:3,keep_full,5,0.0,qwen25_vl,0.7994549999999998,,4x3_g12x12_smaxc_i0001
sstk_image_592973876,1:1,crop,5,0.0,qwen25_vl,0.516473,,1x1_g12x12_smaxc_i0001
sstk_image_592973876,9:16,crop,5,0.0,qwen25_vl,0.5354760000000001,,9x16_g12x12_smaxc_i0001
sstk_image_592973876,16:9,minimal_crop,5,0.0,qwen25_vl,0.5018939999999998,,16x9_g12x12_smaxc_i0001
sstk_image_592973876,3:4,crop,5,0.0,qwen25_vl,0.508089,,3x4_g12x12_smaxc_i0001
sstk_image_592973876,4:3,crop,5,0.0,qwen25_vl,0.546062,,4x3_g12x12_steach_cgs_proj0_i0001
bigstock_image_266651224,1:1,crop,5,0.0,qwen25_vl,1.0,,1x1_g12x12_smaxc_i0001
bigstock_image_266651224,9:16,keep_full,5,0.0,qwen25_vl,1.0,,9x16_g12x12_smaxc_i0001
bigstock_image_266651224,16:9,keep_full,5,0.0,qwen25_vl,0.5,,16x9_g12x12_smaxc_i0001
bigstock_image_266651224,3:4,keep_full,5,0.0,qwen25_vl,0.5,,3x4_g12x12_smaxc_i0001
bigstock_image_266651224,4:3,crop,5,0.0,qwen25_vl,1.0,,4x3_g12x12_smaxc_i0001
sstk_image_596033150,1:1,keep_full,5,0.0,qwen25_vl,0.5074350000000001,,1x1_g12x12_smaxc_i0001
sstk_image_596033150,9:16,keep_full,5,0.0,qwen25_vl,1.0,,9x16_g12x12_smaxc_i0001
sstk_image_596033150,16:9,keep_full,5,0.0,qwen25_vl,0.518642,,16x9_g12x12_smaxc_i0001
sstk_image_596033150,3:4,keep_full,5,0.0,qwen25_vl,0.5,,3x4_g12x12_smaxc_i0001
sstk_image_596033150,4:3,keep_full,5,0.0,qwen25_vl,0.50881,,4x3_g12x12_smaxc_i0001
bigstock_image_185033908,1:1,keep_full,5,0.0,qwen25_vl,0.5,,1x1_g12x12_smaxc_i0001
bigstock_image_185033908,9:16,keep_full,3,0.0,qwen25_vl,1.0,,9x16_g12x12_smx1_i0003
bigstock_image_185033908,16:9,keep_full,5,0.0,qwen25_vl,0.5,,16x9_g12x12_smaxc_i0001
bigstock_image_185033908,3:4,crop,5,0.0,qwen25_vl,1.0,,3x4_g12x12_smaxc_i0001
bigstock_image_185033908,4:3,keep_full,5,0.0,qwen25_vl,0.522068,,4x3_g12x12_smaxc_i0001
sstk_image_662823373,1:1,keep_full,1,0.0,qwen25_vl,0.5,,1x1_g12x12_s4_i0044
sstk_image_662823373,9:16,keep_full,5,0.0,qwen25_vl,1.0,,9x16_g12x12_smx1_i0003
sstk_image_662823373,16:9,keep_full,5,0.0,qwen25_vl,1.0,,16x9_g12x12_smy1_i0003
sstk_image_662823373,3:4,minimal_crop,5,0.0,qwen25_vl,1.0,,3x4_g12x12_smx1_i0003
sstk_image_662823373,4:3,crop,2,0.0,qwen25_vl,1.0,,4x3_g12x12_steach_cacnet_jit0_10_i0004
sstk_image_1613918794,1:1,crop,5,0.0,qwen25_vl,1.0,,1x1_g12x12_smaxc_i0001
sstk_image_1613918794,9:16,keep_full,5,0.0,qwen25_vl,1.0,,9x16_g12x12_smaxc_i0001
sstk_image_1613918794,16:9,crop,1,0.0,qwen25_vl,0.5,,16x9_g12x12_steach_cacnet_jit0_13_i0009
sstk_image_1613918794,3:4,keep_full,5,0.0,qwen25_vl,1.0,,3x4_g12x12_smaxc_i0001
sstk_image_1613918794,4:3,crop,5,0.0,qwen25_vl,1.0,,4x3_g12x12_steach_cgs_jit0_12_i0008
pond5_image_94619594,1:1,minimal_crop,5,0.0,qwen25_vl,0.5,,1x1_g12x12_smx0_i0002
pond5_image_94619594,9:16,keep_full,5,0.0,qwen25_vl,1.0,,9x16_g12x12_smx1_i0003
pond5_image_94619594,16:9,keep_full,1,0.0,qwen25_vl,0.5,,16x9_g12x12_smy2_i0004
pond5_image_94619594,3:4,keep_full,1,0.0,qwen25_vl,0.5,,3x4_g12x12_smx0_i0002
pond5_image_94619594,4:3,keep_full,5,0.0,qwen25_vl,0.5015719999999999,,4x3_g12x12_smaxc_i0001
sstk_image_1838768437,1:1,keep_full,5,0.0,qwen25_vl,0.5,,1x1_g12x12_smaxc_i0001
sstk_image_1838768437,9:16,keep_full,5,0.0,qwen25_vl,0.5,,9x16_g12x12_smaxc_i0001
sstk_image_1838768437,16:9,keep_full,5,0.0,qwen25_vl,0.5,,16x9_g12x12_smaxc_i0001
sstk_image_1838768437,3:4,keep_full,5,0.0,qwen25_vl,0.5,,3x4_g12x12_smaxc_i0001
sstk_image_1838768437,4:3,keep_full,5,0.0,qwen25_vl,0.5,,4x3_g12x12_smaxc_i0001
sstk_image_558709444,1:1,keep_full,5,0.0,qwen25_vl,0.5,,1x1_g12x12_smaxc_i0001
sstk_image_558709444,9:16,keep_full,5,0.0,qwen25_vl,0.5,,9x16_g12x12_smaxc_i0001
sstk_image_558709444,16:9,keep_full,5,0.0,qwen25_vl,0.513592,,16x9_g12x12_smaxc_i0001
sstk_image_558709444,3:4,crop,5,0.0,qwen25_vl,1.0,,3x4_g12x12_smaxc_i0001
sstk_image_558709444,4:3,keep_full,5,0.0,qwen25_vl,0.525404,,4x3_g12x12_smaxc_i0001
sstk_image_2051559014,1:1,keep_full,5,0.0,qwen25_vl,0.5,,1x1_g12x12_smaxc_i0001
sstk_image_2051559014,9:16,crop,5,0.0,qwen25_vl,1.0,,9x16_g12x12_smaxc_i0001
sstk_image_2051559014,16:9,keep_full,5,0.0,qwen25_vl,0.5,,16x9_g12x12_smaxc_i0001
sstk_image_2051559014,3:4,keep_full,5,0.0,qwen25_vl,0.5,,3x4_g12x12_smaxc_i0001
sstk_image_2051559014,4:3,crop,5,0.0,qwen25_vl,1.0,,4x3_g12x12_steach_cgs_proj0_i0001
bigstock_image_467272199,1:1,crop,5,0.0,qwen25_vl,1.0,,1x1_g12x12_smaxc_i0001
bigstock_image_467272199,9:16,crop,5,0.0,qwen25_vl,1.0,,9x16_g12x12_smaxc_i0001
bigstock_image_467272199,16:9,keep_full,5,0.0,qwen25_vl,1.0,,16x9_g12x12_smaxc_i0001
bigstock_image_467272199,3:4,crop,5,0.0,qwen25_vl,1.0,,3x4_g12x12_smaxc_i0001
bigstock_image_467272199,4:3,keep_full,5,0.0,qwen25_vl,1.0,,4x3_g12x12_smaxc_i0001
bigstock_image_169049345,1:1,keep_full,5,0.0,qwen25_vl,0.5,,1x1_g12x12_smaxc_i0001
bigstock_image_169049345,9:16,keep_full,5,0.0,qwen25_vl,1.0,,9x16_g12x12_smaxc_i0001
bigstock_image_169049345,16:9,crop,5,0.0,qwen25_vl,1.0,,16x9_g12x12_smaxc_i0001
bigstock_image_169049345,3:4,crop,5,0.0,qwen25_vl,1.0,,3x4_g12x12_smaxc_i0001
bigstock_image_169049345,4:3,crop,5,0.0,qwen25_vl,1.0,,4x3_g12x12_smaxc_i0001
sstk_image_1213989649,1:1,crop,5,0.0,qwen25_vl,1.0,,1x1_g12x12_smaxc_i0001
sstk_image_1213989649,9:16,keep_full,5,0.0,qwen25_vl,1.0,,9x16_g12x12_smaxc_i0001
sstk_image_1213989649,16:9,keep_full,5,0.0,qwen25_vl,0.5,,16x9_g12x12_smaxc_i0001
sstk_image_1213989649,3:4,keep_full,5,0.0,qwen25_vl,0.5,,3x4_g12x12_smaxc_i0001
sstk_image_1213989649,4:3,keep_full,5,0.0,qwen25_vl,0.5,,4x3_g12x12_smaxc_i0001
bigstock_image_41357797,1:1,keep_full,5,0.0,qwen25_vl,1.0,,1x1_g12x12_smaxc_i0001
bigstock_image_41357797,9:16,keep_full,5,0.0,qwen25_vl,1.0,,9x16_g12x12_smaxc_i0001
bigstock_image_41357797,16:9,keep_full,5,0.0,qwen25_vl,1.0,,16x9_g12x12_smaxc_i0001
bigstock_image_41357797,3:4,keep_full,5,0.0,qwen25_vl,1.0,,3x4_g12x12_smaxc_i0001
bigstock_image_41357797,4:3,keep_full,5,0.0,qwen25_vl,1.0,,4x3_g12x12_smaxc_i0001
sstk_image_2147352633,1:1,keep_full,3,0.0,qwen25_vl,1.0,,1x1_g12x12_smx2_i0004
sstk_image_2147352633,9:16,crop,5,0.0,qwen25_vl,1.0,,9x16_g12x12_smx1_i0003
sstk_image_2147352633,16:9,crop,3,0.0,qwen25_vl,0.7993509999999997,,16x9_g12x12_steach_cacnet_jit0_20_i0005
sstk_image_2147352633,3:4,crop,5,0.0,qwen25_vl,1.0,,3x4_g12x12_smx1_i0003
sstk_image_2147352633,4:3,keep_full,5,0.0,qwen25_vl,0.5,,4x3_g12x12_smaxc_i0001
pond5_image_227026033,1:1,crop,5,0.0,qwen25_vl,0.9530440000000002,,1x1_g12x12_smaxc_i0001
pond5_image_227026033,9:16,crop,5,0.0,qwen25_vl,1.0,,9x16_g12x12_smx1_i0003
pond5_image_227026033,16:9,crop,5,0.0,qwen25_vl,0.8897859999999991,,16x9_g12x12_smaxc_i0001
pond5_image_227026033,3:4,keep_full,3,0.0,qwen25_vl,0.5,,3x4_g12x12_smaxc_i0001
pond5_image_227026033,4:3,keep_full,4,0.0,qwen25_vl,0.5766450000000001,,4x3_g12x12_smaxc_i0001
sstk_image_1138969595,1:1,crop,5,0.0,qwen25_vl,1.0,,1x1_g12x12_smaxc_i0001
sstk_image_1138969595,9:16,crop,5,0.0,qwen25_vl,1.0,,9x16_g12x12_smaxc_i0001
sstk_image_1138969595,16:9,crop,5,0.0,qwen25_vl,0.542103,,16x9_g12x12_steach_cacnet_proj0_i0001
sstk_image_1138969595,3:4,crop,5,0.0,qwen25_vl,1.0,,3x4_g12x12_smaxc_i0001
sstk_image_1138969595,4:3,keep_full,5,0.0,qwen25_vl,1.0,,4x3_g12x12_smaxc_i0001
bigstock_image_366172231,1:1,keep_full,5,0.0,qwen25_vl,1.0,,1x1_g12x12_smaxc_i0001
bigstock_image_366172231,9:16,keep_full,5,0.0,qwen25_vl,0.5,,9x16_g12x12_smaxc_i0001
bigstock_image_366172231,16:9,keep_full,5,0.0,qwen25_vl,1.0,,16x9_g12x12_smaxc_i0001
bigstock_image_366172231,3:4,keep_full,5,0.0,qwen25_vl,0.5,,3x4_g12x12_smaxc_i0001
bigstock_image_366172231,4:3,keep_full,5,0.0,qwen25_vl,0.5,,4x3_g12x12_smaxc_i0001
pond5_image_238036144,1:1,keep_full,5,0.0,qwen25_vl,1.0,,1x1_g12x12_smx1_i0003
pond5_image_238036144,9:16,crop,5,0.0,qwen25_vl,1.0,,9x16_g12x12_smx1_i0003
pond5_image_238036144,16:9,keep_full,5,0.0,qwen25_vl,1.0,,16x9_g12x12_smaxc_i0001
pond5_image_238036144,3:4,crop,5,0.0,qwen25_vl,1.0,,3x4_g12x12_smx1_i0003
pond5_image_238036144,4:3,keep_full,5,0.0,qwen25_vl,1.0,,4x3_g12x12_smx1_i0003
sstk_image_710926222,1:1,keep_full,5,0.0,qwen25_vl,1.0,,1x1_g12x12_smx1_i0003
sstk_image_710926222,9:16,crop,5,0.0,qwen25_vl,1.0,,9x16_g12x12_smx1_i0003
sstk_image_710926222,16:9,keep_full,1,0.0,qwen25_vl,0.5,,16x9_g12x12_smy0_i0002
sstk_image_710926222,3:4,crop,5,0.0,qwen25_vl,1.0,,3x4_g12x12_smx1_i0003
sstk_image_710926222,4:3,keep_full,1,0.0,qwen25_vl,0.5,,4x3_g12x12_smx2_i0004
bigstock_image_308420872,1:1,crop,5,0.0,qwen25_vl,1.0,,1x1_g12x12_smaxc_i0001
bigstock_image_308420872,9:16,keep_full,5,0.0,qwen25_vl,0.5,,9x16_g12x12_smaxc_i0001
bigstock_image_308420872,16:9,keep_full,5,0.0,qwen25_vl,0.5,,16x9_g12x12_smaxc_i0001
bigstock_image_308420872,3:4,keep_full,5,0.0,qwen25_vl,0.5,,3x4_g12x12_smaxc_i0001
bigstock_image_308420872,4:3,keep_full,5,0.0,qwen25_vl,0.5,,4x3_g12x12_smaxc_i0001
sstk_image_1233440836,1:1,keep_full,3,0.0,qwen25_vl,0.500416,,1x1_g12x12_smx2_i0004
sstk_image_1233440836,9:16,keep_full,5,0.0,qwen25_vl,1.0,,9x16_g12x12_smx2_i0004
sstk_image_1233440836,16:9,crop,5,0.0,qwen25_vl,1.0,,16x9_g12x12_smy3_i0005
sstk_image_1233440836,3:4,keep_full,2,0.0,qwen25_vl,0.506203,,3x4_g12x12_smx3_i0005
sstk_image_1233440836,4:3,keep_full,2,0.0,qwen25_vl,0.5,,4x3_g12x12_smaxc_i0001
sstk_image_2019431144,1:1,crop,5,0.0,qwen25_vl,0.5,,1x1_g12x12_smaxc_i0001
sstk_image_2019431144,9:16,crop,5,0.0,qwen25_vl,0.500603,,9x16_g12x12_smaxc_i0001
sstk_image_2019431144,16:9,crop,5,0.0,qwen25_vl,0.612444,,16x9_g12x12_smy0_i0002
sstk_image_2019431144,3:4,crop,5,0.0,qwen25_vl,0.5,,3x4_g12x12_smaxc_i0001
sstk_image_2019431144,4:3,crop,5,0.0,qwen25_vl,0.5695749999999999,,4x3_g12x12_smaxc_i0001
sstk_image_1227512164,1:1,keep_full,5,0.0,qwen25_vl,1.0,,1x1_g12x12_smaxc_i0001
sstk_image_1227512164,9:16,keep_full,5,0.0,qwen25_vl,1.0,,9x16_g12x12_smaxc_i0001
sstk_image_1227512164,16:9,keep_full,5,0.0,qwen25_vl,1.0,,16x9_g12x12_smaxc_i0001
sstk_image_1227512164,3:4,keep_full,5,0.0,qwen25_vl,1.0,,3x4_g12x12_smaxc_i0001
sstk_image_1227512164,4:3,keep_full,5,0.0,qwen25_vl,1.0,,4x3_g12x12_smaxc_i0001
bigstock_image_340885888,1:1,crop,5,0.0,qwen25_vl,1.0,,1x1_g12x12_smaxc_i0001
bigstock_image_340885888,9:16,crop,5,0.0,qwen25_vl,0.5,,9x16_g12x12_smaxc_i0001
bigstock_image_340885888,16:9,keep_full,5,0.0,qwen25_vl,1.0,,16x9_g12x12_smaxc_i0001
bigstock_image_340885888,3:4,crop,5,0.0,qwen25_vl,1.0,,3x4_g12x12_smaxc_i0001
bigstock_image_340885888,4:3,crop,5,0.0,qwen25_vl,1.0,,4x3_g12x12_smaxc_i0001
sstk_image_211151680,1:1,keep_full,5,0.0,qwen25_vl,0.5169869999999999,,1x1_g12x12_smaxc_i0001
sstk_image_211151680,9:16,crop,5,0.0,qwen25_vl,1.0,,9x16_g12x12_smaxc_i0001
sstk_image_211151680,16:9,keep_full,5,0.0,qwen25_vl,0.5374140000000001,,16x9_g12x12_smaxc_i0001
sstk_image_211151680,3:4,keep_full,5,0.0,qwen25_vl,1.0,,3x4_g12x12_smaxc_i0001
sstk_image_211151680,4:3,keep_full,5,0.0,qwen25_vl,0.507649,,4x3_g12x12_smaxc_i0001
sstk_image_1618262308,1:1,crop,5,0.0,qwen25_vl,1.0,,1x1_g12x12_smaxc_i0001
sstk_image_1618262308,9:16,crop,5,0.0,qwen25_vl,1.0,,9x16_g12x12_smaxc_i0001
sstk_image_1618262308,16:9,keep_full,5,0.0,qwen25_vl,1.0,,16x9_g12x12_smaxc_i0001
sstk_image_1618262308,3:4,crop,5,0.0,qwen25_vl,1.0,,3x4_g12x12_smaxc_i0001
sstk_image_1618262308,4:3,keep_full,5,0.0,qwen25_vl,0.5,,4x3_g12x12_smaxc_i0001
sstk_image_275323250,1:1,crop,5,0.0,qwen25_vl,1.0,,1x1_g12x12_smaxc_i0001
sstk_image_275323250,9:16,crop,5,0.0,qwen25_vl,1.0,,9x16_g12x12_smaxc_i0001
sstk_image_275323250,16:9,keep_full,5,0.0,qwen25_vl,0.5,,16x9_g12x12_smaxc_i0001
sstk_image_275323250,3:4,crop,5,0.0,qwen25_vl,1.0,,3x4_g12x12_smaxc_i0001
sstk_image_275323250,4:3,keep_full,5,0.0,qwen25_vl,0.545515,,4x3_g12x12_smaxc_i0001
sstk_image_2206417759,1:1,keep_full,5,0.0,qwen25_vl,1.0,,1x1_g12x12_smaxc_i0001
sstk_image_2206417759,9:16,keep_full,5,0.0,qwen25_vl,1.0,,9x16_g12x12_smaxc_i0001
sstk_image_2206417759,16:9,keep_full,5,0.0,qwen25_vl,0.5,,16x9_g12x12_smaxc_i0001
sstk_image_2206417759,3:4,keep_full,5,0.0,qwen25_vl,1.0,,3x4_g12x12_smaxc_i0001
sstk_image_2206417759,4:3,keep_full,5,0.0,qwen25_vl,1.0,,4x3_g12x12_smaxc_i0001
sstk_image_1235373856,1:1,keep_full,2,0.0,qwen25_vl,1.0,,1x1_g12x12_smx0_i0002
sstk_image_1235373856,9:16,keep_full,1,0.0,qwen25_vl,0.5,,9x16_g12x12_smx1_i0003
sstk_image_1235373856,16:9,crop,5,0.0,qwen25_vl,1.0,,16x9_g12x12_smaxc_i0001
sstk_image_1235373856,3:4,keep_full,1,0.0,qwen25_vl,0.5,,3x4_g12x12_smx0_i0002
sstk_image_1235373856,4:3,keep_full,2,0.0,qwen25_vl,1.0,,4x3_g12x12_smx0_i0002
pond5_image_45244237,1:1,keep_full,1,0.0,qwen25_vl,0.5,,1x1_g12x12_steach_cacnet_jit0_15_i0005
pond5_image_45244237,9:16,keep_full,5,0.0,qwen25_vl,1.0,,9x16_g12x12_smaxc_i0001
pond5_image_45244237,16:9,crop,5,0.0,qwen25_vl,1.0,,16x9_g12x12_smaxc_i0001
pond5_image_45244237,3:4,keep_full,5,0.0,qwen25_vl,1.0,,3x4_g12x12_smaxc_i0001
pond5_image_45244237,4:3,crop,5,0.0,qwen25_vl,0.6296999999999999,,4x3_g12x12_steach_cacnet_jit0_19_i0005
sstk_image_159891080,1:1,keep_full,5,0.0,qwen25_vl,0.5,,1x1_g12x12_smaxc_i0001
sstk_image_159891080,9:16,keep_full,1,0.0,qwen25_vl,0.5,,9x16_g12x12_smx1_i0003
sstk_image_159891080,16:9,keep_full,5,0.0,qwen25_vl,0.5,,16x9_g12x12_smaxc_i0001
sstk_image_159891080,3:4,keep_full,5,0.0,qwen25_vl,1.0,,3x4_g12x12_smx1_i0003
sstk_image_159891080,4:3,keep_full,5,0.0,qwen25_vl,1.0,,4x3_g12x12_smaxc_i0001
sstk_image_1649234749,1:1,keep_full,5,0.0,qwen25_vl,1.0,,1x1_g12x12_smy1_i0003
sstk_image_1649234749,9:16,keep_full,5,0.0,qwen25_vl,1.0,,9x16_g12x12_smaxc_i0001
sstk_image_1649234749,16:9,crop,5,0.0,qwen25_vl,1.0,,16x9_g12x12_smaxc_i0001
sstk_image_1649234749,3:4,keep_full,2,0.0,qwen25_vl,1.0,,3x4_g12x12_smaxc_i0001
sstk_image_1649234749,4:3,crop,5,0.0,qwen25_vl,0.5,,4x3_g12x12_smaxc_i0001
pond5_image_157591286,1:1,keep_full,5,0.0,qwen25_vl,0.5,,1x1_g12x12_smaxc_i0001
pond5_image_157591286,9:16,keep_full,3,0.0,qwen25_vl,1.0,,9x16_g12x12_smx1_i0003
pond5_image_157591286,16:9,keep_full,5,0.0,qwen25_vl,1.0,,16x9_g12x12_smy0_i0002
pond5_image_157591286,3:4,keep_full,5,0.0,qwen25_vl,0.8779190000000001,,3x4_g12x12_smx1_i0003
pond5_image_157591286,4:3,keep_full,5,0.0,qwen25_vl,0.5002789999999999,,4x3_g12x12_smaxc_i0001
sstk_image_276797471,1:1,crop,5,0.0,qwen25_vl,0.756999,,1x1_g12x12_steach_cgs_proj0_i0001
sstk_image_276797471,9:16,keep_full,5,0.0,qwen25_vl,1.0,,9x16_g12x12_smaxc_i0001
sstk_image_276797471,16:9,keep_full,5,0.0,qwen25_vl,1.0,,16x9_g12x12_smaxc_i0001
sstk_image_276797471,3:4,keep_full,5,0.0,qwen25_vl,1.0,,3x4_g12x12_smaxc_i0001
sstk_image_276797471,4:3,keep_full,5,0.0,qwen25_vl,1.0,,4x3_g12x12_smaxc_i0001
sstk_image_87183,1:1,keep_full,5,0.0,qwen25_vl,0.5,,1x1_g12x12_smaxc_i0001
sstk_image_87183,9:16,crop,5,0.0,qwen25_vl,1.0,,9x16_g12x12_smaxc_i0001
sstk_image_87183,16:9,keep_full,5,0.0,qwen25_vl,0.5366909999999998,,16x9_g12x12_smaxc_i0001
sstk_image_87183,3:4,keep_full,5,0.0,qwen25_vl,0.5,,3x4_g12x12_smaxc_i0001
sstk_image_87183,4:3,crop,5,0.0,qwen25_vl,0.5,,4x3_g12x12_steach_cgs_proj0_i0001
pond5_image_45894941,1:1,keep_full,1,0.0,qwen25_vl,0.5,,1x1_g12x12_smx0_i0002
pond5_image_45894941,9:16,keep_full,5,0.0,qwen25_vl,1.0,,9x16_g12x12_smx1_i0003
pond5_image_45894941,16:9,crop,4,0.0,qwen25_vl,0.9724899999999987,,16x9_g12x12_steach_cgs_jit0_22_i0025
pond5_image_45894941,3:4,keep_full,5,0.0,qwen25_vl,1.0,,3x4_g12x12_smx1_i0003
pond5_image_45894941,4:3,keep_full,1,0.0,qwen25_vl,0.5,,4x3_g12x12_smx0_i0002
sstk_image_201383786,1:1,keep_full,5,0.0,qwen25_vl,1.0,,1x1_g12x12_smaxc_i0001
sstk_image_201383786,9:16,keep_full,5,0.0,qwen25_vl,0.5,,9x16_g12x12_smaxc_i0001
sstk_image_201383786,16:9,keep_full,5,0.0,qwen25_vl,1.0,,16x9_g12x12_smy0_i0002
sstk_image_201383786,3:4,keep_full,5,0.0,qwen25_vl,1.0,,3x4_g12x12_smaxc_i0001
sstk_image_201383786,4:3,crop,5,0.0,qwen25_vl,1.0,,4x3_g12x12_steach_cgs_proj0_i0001
sstk_image_128194724,1:1,keep_full,5,0.0,qwen25_vl,1.0,,1x1_g12x12_smaxc_i0001
sstk_image_128194724,9:16,keep_full,5,0.0,qwen25_vl,1.0,,9x16_g12x12_smaxc_i0001
sstk_image_128194724,16:9,crop,5,0.0,qwen25_vl,1.0,,16x9_g12x12_smaxc_i0001
sstk_image_128194724,3:4,keep_full,5,0.0,qwen25_vl,1.0,,3x4_g12x12_smaxc_i0001
sstk_image_128194724,4:3,keep_full,5,0.0,qwen25_vl,1.0,,4x3_g12x12_smaxc_i0001
bigstock_image_289580023,1:1,keep_full,5,0.0,qwen25_vl,0.5,,1x1_g12x12_smaxc_i0001
bigstock_image_289580023,9:16,crop,5,0.0,qwen25_vl,1.0,,9x16_g12x12_smaxc_i0001
bigstock_image_289580023,16:9,keep_full,5,0.0,qwen25_vl,0.5255750000000001,,16x9_g12x12_smaxc_i0001
bigstock_image_289580023,3:4,keep_full,5,0.0,qwen25_vl,0.5,,3x4_g12x12_smaxc_i0001
bigstock_image_289580023,4:3,keep_full,5,0.0,qwen25_vl,1.0,,4x3_g12x12_smaxc_i0001
sstk_image_716361730,1:1,keep_full,5,0.0,qwen25_vl,0.5,,1x1_g12x12_smaxc_i0001
sstk_image_716361730,9:16,keep_full,5,0.0,qwen25_vl,1.0,,9x16_g12x12_smaxc_i0001
sstk_image_716361730,16:9,keep_full,5,0.0,qwen25_vl,0.5,,16x9_g12x12_smaxc_i0001
sstk_image_716361730,3:4,keep_full,5,0.0,qwen25_vl,1.0,,3x4_g12x12_smaxc_i0001
sstk_image_716361730,4:3,keep_full,5,0.0,qwen25_vl,0.5,,4x3_g12x12_smaxc_i0001
sstk_image_375750586,1:1,keep_full,5,0.0,qwen25_vl,0.5,,1x1_g12x12_smaxc_i0001
sstk_image_375750586,9:16,crop,5,0.0,qwen25_vl,1.0,,9x16_g12x12_smaxc_i0001
sstk_image_375750586,16:9,crop,5,0.0,qwen25_vl,0.5,,16x9_g12x12_smaxc_i0001
sstk_image_375750586,3:4,keep_full,5,0.0,qwen25_vl,0.5,,3x4_g12x12_smaxc_i0001
sstk_image_375750586,4:3,crop,5,0.0,qwen25_vl,0.9112769999999999,,4x3_g12x12_steach_cacnet_proj0_i0001
sstk_image_1226801590,1:1,crop,5,0.0,qwen25_vl,0.993113,,1x1_g12x12_smaxc_i0001
sstk_image_1226801590,9:16,crop,5,0.0,qwen25_vl,1.0,,9x16_g12x12_smaxc_i0001
sstk_image_1226801590,16:9,crop,5,0.0,qwen25_vl,0.7958249999999998,,16x9_g12x12_smaxc_i0001
sstk_image_1226801590,3:4,crop,5,0.0,qwen25_vl,1.0,,3x4_g12x12_smaxc_i0001
sstk_image_1226801590,4:3,keep_full,5,0.0,qwen25_vl,0.5,,4x3_g12x12_smaxc_i0001
sstk_image_389571208,1:1,keep_full,3,0.0,qwen25_vl,1.0,,1x1_g12x12_smx0_i0002
sstk_image_389571208,9:16,crop,5,0.0,qwen25_vl,1.0,,9x16_g12x12_smx1_i0003
sstk_image_389571208,16:9,keep_full,1,0.0,qwen25_vl,0.5,,16x9_g12x12_smaxc_i0001
sstk_image_389571208,3:4,crop,5,0.0,qwen25_vl,1.0,,3x4_g12x12_smx1_i0003
sstk_image_389571208,4:3,crop,5,0.0,qwen25_vl,1.0,,4x3_g12x12_smaxc_i0001
sstk_image_2134845807,1:1,keep_full,5,0.0,qwen25_vl,1.0,,1x1_g12x12_smx2_i0004
sstk_image_2134845807,9:16,keep_full,5,0.0,qwen25_vl,1.0,,9x16_g12x12_smx2_i0004
sstk_image_2134845807,16:9,crop,5,0.0,qwen25_vl,1.0,,16x9_g12x12_smy4_i0005
sstk_image_2134845807,3:4,keep_full,5,0.0,qwen25_vl,1.0,,3x4_g12x12_smx2_i0004
sstk_image_2134845807,4:3,keep_full,5,0.0,qwen25_vl,1.0,,4x3_g12x12_smaxc_i0001
sstk_image_2113453283,1:1,keep_full,5,0.0,qwen25_vl,1.0,,1x1_g12x12_smaxc_i0001
sstk_image_2113453283,9:16,keep_full,5,0.0,qwen25_vl,1.0,,9x16_g12x12_smaxc_i0001
sstk_image_2113453283,16:9,keep_full,5,0.0,qwen25_vl,1.0,,16x9_g12x12_smaxc_i0001
sstk_image_2113453283,3:4,keep_full,5,0.0,qwen25_vl,1.0,,3x4_g12x12_smaxc_i0001
sstk_image_2113453283,4:3,keep_full,5,0.0,qwen25_vl,1.0,,4x3_g12x12_smx0_i0002
sstk_image_2075797507,1:1,crop,5,0.0,qwen25_vl,1.0,,1x1_g12x12_smaxc_i0001
sstk_image_2075797507,9:16,keep_full,5,0.0,qwen25_vl,0.543389,,9x16_g12x12_smaxc_i0001
sstk_image_2075797507,16:9,crop,5,0.0,qwen25_vl,1.0,,16x9_g12x12_smaxc_i0001
sstk_image_2075797507,3:4,keep_full,5,0.0,qwen25_vl,1.0,,3x4_g12x12_smaxc_i0001
sstk_image_2075797507,4:3,keep_full,5,0.0,qwen25_vl,0.5,,4x3_g12x12_smaxc_i0001
pond5_image_83259848,1:1,crop,5,0.0,qwen25_vl,1.0,,1x1_g12x12_smaxc_i0001
pond5_image_83259848,9:16,crop,5,0.0,qwen25_vl,1.0,,9x16_g12x12_smaxc_i0001
pond5_image_83259848,16:9,crop,5,0.0,qwen25_vl,1.0,,16x9_g12x12_smaxc_i0001
pond5_image_83259848,3:4,crop,5,0.0,qwen25_vl,1.0,,3x4_g12x12_smaxc_i0001
pond5_image_83259848,4:3,crop,5,0.0,qwen25_vl,0.5467329999999999,,4x3_g12x12_smaxc_i0001
sstk_image_2196674707,1:1,crop,5,0.0,qwen25_vl,1.0,,1x1_g12x12_smaxc_i0001
sstk_image_2196674707,9:16,crop,5,0.0,qwen25_vl,1.0,,9x16_g12x12_smaxc_i0001
sstk_image_2196674707,16:9,keep_full,5,0.0,qwen25_vl,0.728363,,16x9_g12x12_smy0_i0002
sstk_image_2196674707,3:4,keep_full,5,0.0,qwen25_vl,0.5490170000000001,,3x4_g12x12_smx1_i0003
sstk_image_2196674707,4:3,keep_full,5,0.0,qwen25_vl,0.6555319999999999,,4x3_g12x12_smaxc_i0001
sstk_image_1819231340,1:1,keep_full,5,0.0,qwen25_vl,1.0,,1x1_g12x12_smaxc_i0001
sstk_image_1819231340,9:16,keep_full,5,0.0,qwen25_vl,0.5,,9x16_g12x12_smaxc_i0001
sstk_image_1819231340,16:9,keep_full,5,0.0,qwen25_vl,1.0,,16x9_g12x12_smaxc_i0001
sstk_image_1819231340,3:4,crop,5,0.0,qwen25_vl,1.0,,3x4_g12x12_smaxc_i0001
sstk_image_1819231340,4:3,keep_full,5,0.0,qwen25_vl,0.5,,4x3_g12x12_smaxc_i0001
pond5_image_63365040,1:1,crop,5,0.0,qwen25_vl,1.0,,1x1_g12x12_steach_cgs_jit0_13_i0008
pond5_image_63365040,9:16,keep_full,5,0.0,qwen25_vl,1.0,,9x16_g12x12_smaxc_i0001
pond5_image_63365040,16:9,crop,5,0.0,qwen25_vl,1.0,,16x9_g12x12_s1_i0052
pond5_image_63365040,3:4,keep_full,3,0.0,qwen25_vl,1.0,,3x4_g12x12_smy1_i0003
pond5_image_63365040,4:3,crop,5,0.0,qwen25_vl,1.0,,4x3_g12x12_s2_i0050
sstk_image_1977474560,1:1,crop,5,0.0,qwen25_vl,1.0,,1x1_g12x12_steach_cgs_jit0_13_i0008
sstk_image_1977474560,9:16,keep_full,5,0.0,qwen25_vl,1.0,,9x16_g12x12_smaxc_i0001
sstk_image_1977474560,16:9,crop,1,0.0,qwen25_vl,0.5,,16x9_g12x12_s1_i0054
sstk_image_1977474560,3:4,keep_full,3,0.0,qwen25_vl,1.0,,3x4_g12x12_smy1_i0003
sstk_image_1977474560,4:3,crop,5,0.0,qwen25_vl,1.0,,4x3_g12x12_s2_i0061
bigstock_image_369097984,1:1,keep_full,5,0.0,qwen25_vl,0.5,,1x1_g12x12_smaxc_i0001
bigstock_image_369097984,9:16,keep_full,5,0.0,qwen25_vl,0.5,,9x16_g12x12_smaxc_i0001
bigstock_image_369097984,16:9,keep_full,5,0.0,qwen25_vl,0.5407470000000001,,16x9_g12x12_smaxc_i0001
bigstock_image_369097984,3:4,crop,5,0.0,qwen25_vl,1.0,,3x4_g12x12_smaxc_i0001
bigstock_image_369097984,4:3,keep_full,5,0.0,qwen25_vl,0.5383469999999999,,4x3_g12x12_smaxc_i0001
sstk_image_1510191266,1:1,keep_full,5,0.0,qwen25_vl,0.5,,1x1_g12x12_smaxc_i0001
sstk_image_1510191266,9:16,keep_full,5,0.0,qwen25_vl,1.0,,9x16_g12x12_smx1_i0003
sstk_image_1510191266,16:9,keep_full,5,0.0,qwen25_vl,1.0,,16x9_g12x12_smaxc_i0001
sstk_image_1510191266,3:4,keep_full,3,0.0,qwen25_vl,1.0,,3x4_g12x12_smx1_i0003
sstk_image_1510191266,4:3,keep_full,3,0.0,qwen25_vl,0.5123690000000001,,4x3_g12x12_smaxc_i0001
bigstock_image_163017626,1:1,crop,5,0.0,qwen25_vl,0.5270169999999998,,1x1_g12x12_smaxc_i0001
bigstock_image_163017626,9:16,crop,5,0.0,qwen25_vl,1.0,,9x16_g12x12_smaxc_i0001
bigstock_image_163017626,16:9,keep_full,5,0.0,qwen25_vl,0.539909,,16x9_g12x12_smaxc_i0001
bigstock_image_163017626,3:4,crop,5,0.0,qwen25_vl,1.0,,3x4_g12x12_smaxc_i0001
bigstock_image_163017626,4:3,keep_full,5,0.0,qwen25_vl,0.5549040000000001,,4x3_g12x12_smaxc_i0001
sstk_image_2190001559,1:1,crop,5,0.0,qwen25_vl,1.0,,1x1_g12x12_smaxc_i0001
sstk_image_2190001559,9:16,crop,3,0.0,qwen25_vl,0.5,,9x16_g12x12_smx0_i0002
sstk_image_2190001559,16:9,crop,4,0.0,qwen25_vl,1.0,,16x9_g12x12_smy2_i0003
sstk_image_2190001559,3:4,keep_full,3,0.0,qwen25_vl,1.0,,3x4_g12x12_smx1_i0003
sstk_image_2190001559,4:3,crop,5,0.0,qwen25_vl,1.0,,4x3_g12x12_smaxc_i0001
sstk_image_1936627990,1:1,keep_full,5,0.0,qwen25_vl,0.516804,,1x1_g12x12_smaxc_i0001
sstk_image_1936627990,9:16,keep_full,5,0.0,qwen25_vl,1.0,,9x16_g12x12_smaxc_i0001
sstk_image_1936627990,16:9,keep_full,5,0.0,qwen25_vl,1.0,,16x9_g12x12_smaxc_i0001
sstk_image_1936627990,3:4,keep_full,5,0.0,qwen25_vl,0.5,,3x4_g12x12_smaxc_i0001
sstk_image_1936627990,4:3,keep_full,5,0.0,qwen25_vl,1.0,,4x3_g12x12_smaxc_i0001
sstk_image_1115275046,1:1,crop,5,0.0,qwen25_vl,1.0,,1x1_g12x12_smaxc_i0001
sstk_image_1115275046,9:16,keep_full,5,0.0,qwen25_vl,1.0,,9x16_g12x12_smaxc_i0001
sstk_image_1115275046,16:9,crop,5,0.0,qwen25_vl,1.0,,16x9_g12x12_smaxc_i0001
sstk_image_1115275046,3:4,crop,5,0.0,qwen25_vl,1.0,,3x4_g12x12_smaxc_i0001
sstk_image_1115275046,4:3,crop,5,0.0,qwen25_vl,1.0,,4x3_g12x12_smaxc_i0001
sstk_image_1550297891,1:1,keep_full,5,0.0,qwen25_vl,0.5,,1x1_g12x12_smaxc_i0001
sstk_image_1550297891,9:16,crop,5,0.0,qwen25_vl,1.0,,9x16_g12x12_smaxc_i0001
sstk_image_1550297891,16:9,keep_full,5,0.0,qwen25_vl,0.8666200000000001,,16x9_g12x12_smaxc_i0001
sstk_image_1550297891,3:4,keep_full,5,0.0,qwen25_vl,1.0,,3x4_g12x12_smaxc_i0001
sstk_image_1550297891,4:3,keep_full,5,0.0,qwen25_vl,0.5,,4x3_g12x12_smaxc_i0001
bigstock_image_290817367,1:1,keep_full,5,0.0,qwen25_vl,1.0,,1x1_g12x12_smy0_i0002
bigstock_image_290817367,9:16,keep_full,5,0.0,qwen25_vl,1.0,,9x16_g12x12_smaxc_i0001
bigstock_image_290817367,16:9,crop,5,0.0,qwen25_vl,1.0,,16x9_g12x12_s1_i0024
bigstock_image_290817367,3:4,keep_full,5,0.0,qwen25_vl,1.0,,3x4_g12x12_smaxc_i0001
bigstock_image_290817367,4:3,crop,5,0.0,qwen25_vl,1.0,,4x3_g12x12_smy0_i0002
sstk_image_421736314,1:1,crop,5,0.0,qwen25_vl,1.0,,1x1_g12x12_smaxc_i0001
sstk_image_421736314,9:16,keep_full,5,0.0,qwen25_vl,0.5,,9x16_g12x12_smaxc_i0001
sstk_image_421736314,16:9,keep_full,5,0.0,qwen25_vl,1.0,,16x9_g12x12_smaxc_i0001
sstk_image_421736314,3:4,crop,5,0.0,qwen25_vl,1.0,,3x4_g12x12_smaxc_i0001
sstk_image_421736314,4:3,keep_full,5,0.0,qwen25_vl,1.0,,4x3_g12x12_smaxc_i0001
pond5_image_147674053,1:1,keep_full,5,0.0,qwen25_vl,0.504326,,1x1_g12x12_smaxc_i0001
pond5_image_147674053,9:16,keep_full,5,0.0,qwen25_vl,1.0,,9x16_g12x12_smx1_i0003
pond5_image_147674053,16:9,keep_full,5,0.0,qwen25_vl,0.531193,,16x9_g12x12_smaxc_i0001
pond5_image_147674053,3:4,crop,4,0.0,qwen25_vl,0.5120870000000002,,3x4_g12x12_steach_cacnet_jit0_15_i0007
pond5_image_147674053,4:3,keep_full,5,0.0,qwen25_vl,0.53006,,4x3_g12x12_smaxc_i0001
bigstock_image_4940120,1:1,crop,5,0.0,qwen25_vl,0.8630169999999999,,1x1_g12x12_smaxc_i0001
bigstock_image_4940120,9:16,keep_full,5,0.0,qwen25_vl,1.0,,9x16_g12x12_smx0_i0002
bigstock_image_4940120,16:9,keep_full,2,0.0,qwen25_vl,1.0,,16x9_g12x12_smy2_i0004
bigstock_image_4940120,3:4,crop,5,0.0,qwen25_vl,1.0,,3x4_g12x12_smaxc_i0001
bigstock_image_4940120,4:3,crop,5,0.0,qwen25_vl,0.857905,,4x3_g12x12_steach_cgs_proj0_i0001
bigstock_image_307069546,1:1,crop,5,0.0,qwen25_vl,1.0,,1x1_g12x12_smaxc_i0001
bigstock_image_307069546,9:16,crop,5,0.0,qwen25_vl,1.0,,9x16_g12x12_smaxc_i0001
bigstock_image_307069546,16:9,crop,5,0.0,qwen25_vl,1.0,,16x9_g12x12_smaxc_i0001
bigstock_image_307069546,3:4,crop,5,0.0,qwen25_vl,0.9482889999999999,,3x4_g12x12_smaxc_i0001
bigstock_image_307069546,4:3,crop,5,0.0,qwen25_vl,0.5,,4x3_g12x12_smaxc_i0001
sstk_image_1131410603,1:1,crop,5,0.0,qwen25_vl,0.8848479999999999,,1x1_g12x12_smaxc_i0001
sstk_image_1131410603,9:16,crop,5,0.0,qwen25_vl,1.0,,9x16_g12x12_smaxc_i0001
sstk_image_1131410603,16:9,crop,5,0.0,qwen25_vl,1.0,,16x9_g12x12_smaxc_i0001
sstk_image_1131410603,3:4,crop,5,0.0,qwen25_vl,0.5,,3x4_g12x12_smaxc_i0001
sstk_image_1131410603,4:3,crop,5,0.0,qwen25_vl,0.7878999999999998,,4x3_g12x12_smaxc_i0001
sstk_image_717375877,1:1,keep_full,5,0.0,qwen25_vl,0.5,,1x1_g12x12_smaxc_i0001
sstk_image_717375877,9:16,crop,5,0.0,qwen25_vl,0.9735650000000007,,9x16_g12x12_smaxc_i0001
sstk_image_717375877,16:9,keep_full,5,0.0,qwen25_vl,1.0,,16x9_g12x12_smaxc_i0001
sstk_image_717375877,3:4,keep_full,5,0.0,qwen25_vl,0.5,,3x4_g12x12_smaxc_i0001
sstk_image_717375877,4:3,crop,5,0.0,qwen25_vl,1.0,,4x3_g12x12_steach_cacnet_proj0_i0001
sstk_image_1438381256,1:1,keep_full,5,0.0,qwen25_vl,0.5,,1x1_g12x12_smaxc_i0001
sstk_image_1438381256,9:16,keep_full,5,0.0,qwen25_vl,0.5,,9x16_g12x12_smaxc_i0001
sstk_image_1438381256,16:9,crop,5,0.0,qwen25_vl,1.0,,16x9_g12x12_steach_cgs_jit0_12_i0004
sstk_image_1438381256,3:4,keep_full,5,0.0,qwen25_vl,1.0,,3x4_g12x12_smaxc_i0001
sstk_image_1438381256,4:3,keep_full,5,0.0,qwen25_vl,1.0,,4x3_g12x12_smaxc_i0001
sstk_image_148082888,1:1,keep_full,5,0.0,qwen25_vl,1.0,,1x1_g12x12_smaxc_i0001
sstk_image_148082888,9:16,keep_full,5,0.0,qwen25_vl,1.0,,9x16_g12x12_smaxc_i0001
sstk_image_148082888,16:9,keep_full,5,0.0,qwen25_vl,1.0,,16x9_g12x12_smaxc_i0001
sstk_image_148082888,3:4,keep_full,2,0.0,qwen25_vl,0.9273,,3x4_g12x12_smaxc_i0001
sstk_image_148082888,4:3,keep_full,5,0.0,qwen25_vl,1.0,,4x3_g12x12_smaxc_i0001
sstk_image_596598524,1:1,crop,2,0.0,qwen25_vl,0.5,,1x1_g12x12_steach_cacnet_jit0_10_i0005
sstk_image_596598524,9:16,crop,5,0.0,qwen25_vl,1.0,,9x16_g12x12_smx2_i0004
sstk_image_596598524,16:9,crop,5,0.0,qwen25_vl,0.5,,16x9_g12x12_smaxc_i0001
sstk_image_596598524,3:4,crop,5,0.0,qwen25_vl,1.0,,3x4_g12x12_smx2_i0004
sstk_image_596598524,4:3,crop,5,0.0,qwen25_vl,1.0,,4x3_g12x12_smaxc_i0001
sstk_image_345381233,1:1,keep_full,5,0.0,qwen25_vl,1.0,,1x1_g12x12_smaxc_i0001
sstk_image_345381233,9:16,crop,5,0.0,qwen25_vl,1.0,,9x16_g12x12_smaxc_i0001
sstk_image_345381233,16:9,keep_full,5,0.0,qwen25_vl,1.0,,16x9_g12x12_smaxc_i0001
sstk_image_345381233,3:4,crop,5,0.0,qwen25_vl,1.0,,3x4_g12x12_smaxc_i0001
sstk_image_345381233,4:3,keep_full,5,0.0,qwen25_vl,0.5,,4x3_g12x12_smaxc_i0001
bigstock_image_253780393,1:1,keep_full,5,0.0,qwen25_vl,1.0,,1x1_g12x12_smaxc_i0001
bigstock_image_253780393,9:16,keep_full,5,0.0,qwen25_vl,1.0,,9x16_g12x12_smaxc_i0001
bigstock_image_253780393,16:9,keep_full,5,0.0,qwen25_vl,1.0,,16x9_g12x12_smaxc_i0001
bigstock_image_253780393,3:4,keep_full,5,0.0,qwen25_vl,1.0,,3x4_g12x12_smaxc_i0001
bigstock_image_253780393,4:3,keep_full,5,0.0,qwen25_vl,1.0,,4x3_g12x12_smaxc_i0001
sstk_image_631869536,1:1,crop,5,0.0,qwen25_vl,1.0,,1x1_g12x12_smx1_i0003
sstk_image_631869536,9:16,crop,5,0.0,qwen25_vl,1.0,,9x16_g12x12_smx1_i0003
sstk_image_631869536,16:9,crop,2,0.0,qwen25_vl,1.0,,16x9_g12x12_s5_i0058
sstk_image_631869536,3:4,crop,5,0.0,qwen25_vl,1.0,,3x4_g12x12_smx1_i0003
sstk_image_631869536,4:3,crop,5,0.0,qwen25_vl,1.0,,4x3_g12x12_smaxc_i0001
pond5_image_108212571,1:1,crop,5,0.0,qwen25_vl,1.0,,1x1_g12x12_smaxc_i0001
pond5_image_108212571,9:16,keep_full,5,0.0,qwen25_vl,0.8708130000000001,,9x16_g12x12_smaxc_i0001
pond5_image_108212571,16:9,crop,5,0.0,qwen25_vl,1.0,,16x9_g12x12_smaxc_i0001
pond5_image_108212571,3:4,crop,5,0.0,qwen25_vl,1.0,,3x4_g12x12_smaxc_i0001
pond5_image_108212571,4:3,crop,5,0.0,qwen25_vl,1.0,,4x3_g12x12_smaxc_i0001
sstk_image_2146948015,1:1,keep_full,5,0.0,qwen25_vl,1.0,,1x1_g12x12_smaxc_i0001
sstk_image_2146948015,9:16,keep_full,5,0.0,qwen25_vl,1.0,,9x16_g12x12_smaxc_i0001
sstk_image_2146948015,16:9,crop,5,0.0,qwen25_vl,1.0,,16x9_g12x12_smaxc_i0001
sstk_image_2146948015,3:4,keep_full,5,0.0,qwen25_vl,0.50322,,3x4_g12x12_smaxc_i0001
sstk_image_2146948015,4:3,keep_full,5,0.0,qwen25_vl,1.0,,4x3_g12x12_smaxc_i0001
bigstock_image_48125867,1:1,crop,5,0.0,qwen25_vl,0.936857,,1x1_g12x12_smaxc_i0001
bigstock_image_48125867,9:16,keep_full,1,0.0,qwen25_vl,0.5,,9x16_g12x12_smx1_i0003
bigstock_image_48125867,16:9,keep_full,5,0.0,qwen25_vl,1.0,,16x9_g12x12_smy0_i0002
bigstock_image_48125867,3:4,crop,5,0.0,qwen25_vl,1.0,,3x4_g12x12_smx1_i0003
bigstock_image_48125867,4:3,keep_full,5,0.0,qwen25_vl,0.5,,4x3_g12x12_smaxc_i0001
sstk_image_571080694,1:1,keep_full,5,0.0,qwen25_vl,0.5,,1x1_g12x12_smaxc_i0001
sstk_image_571080694,9:16,crop,5,0.0,qwen25_vl,0.5,,9x16_g12x12_smaxc_i0001
sstk_image_571080694,16:9,keep_full,5,0.0,qwen25_vl,0.8447499999999999,,16x9_g12x12_smaxc_i0001
sstk_image_571080694,3:4,keep_full,5,0.0,qwen25_vl,0.5,,3x4_g12x12_smaxc_i0001
sstk_image_571080694,4:3,keep_full,5,0.0,qwen25_vl,0.8182600000000002,,4x3_g12x12_smaxc_i0001
bigstock_image_112983323,1:1,keep_full,5,0.0,qwen25_vl,0.5,,1x1_g12x12_smaxc_i0001
bigstock_image_112983323,9:16,crop,5,0.0,qwen25_vl,1.0,,9x16_g12x12_smaxc_i0001
bigstock_image_112983323,16:9,keep_full,5,0.0,qwen25_vl,0.5,,16x9_g12x12_smaxc_i0001
bigstock_image_112983323,3:4,keep_full,5,0.0,qwen25_vl,0.5,,3x4_g12x12_smaxc_i0001
bigstock_image_112983323,4:3,keep_full,5,0.0,qwen25_vl,0.5,,4x3_g12x12_smaxc_i0001
pond5_image_32270880,1:1,keep_full,5,0.0,qwen25_vl,1.0,,1x1_g12x12_smaxc_i0001
pond5_image_32270880,9:16,keep_full,5,0.0,qwen25_vl,1.0,,9x16_g12x12_smaxc_i0001
pond5_image_32270880,16:9,keep_full,5,0.0,qwen25_vl,1.0,,16x9_g12x12_smaxc_i0001
pond5_image_32270880,3:4,keep_full,5,0.0,qwen25_vl,1.0,,3x4_g12x12_smaxc_i0001
pond5_image_32270880,4:3,keep_full,5,0.0,qwen25_vl,1.0,,4x3_g12x12_smaxc_i0001
bigstock_image_55694432,1:1,minimal_crop,5,0.0,qwen25_vl,1.0,,1x1_g12x12_smx1_i0003
bigstock_image_55694432,9:16,crop,5,0.0,qwen25_vl,1.0,,9x16_g12x12_smx1_i0003
bigstock_image_55694432,16:9,keep_full,2,0.0,qwen25_vl,1.0,,16x9_g12x12_smy0_i0002
bigstock_image_55694432,3:4,crop,5,0.0,qwen25_vl,1.0,,3x4_g12x12_smx1_i0003
bigstock_image_55694432,4:3,keep_full,5,0.0,qwen25_vl,0.5,,4x3_g12x12_smaxc_i0001
bigstock_image_373319728,1:1,crop,5,0.0,qwen25_vl,1.0,,1x1_g12x12_smaxc_i0001
bigstock_image_373319728,9:16,crop,5,0.0,qwen25_vl,1.0,,9x16_g12x12_smaxc_i0001
bigstock_image_373319728,16:9,crop,5,0.0,qwen25_vl,1.0,,16x9_g12x12_smaxc_i0001
bigstock_image_373319728,3:4,crop,5,0.0,qwen25_vl,0.845398,,3x4_g12x12_smaxc_i0001
bigstock_image_373319728,4:3,crop,5,0.0,qwen25_vl,0.5,,4x3_g12x12_smaxc_i0001
sstk_image_1277825092,1:1,keep_full,5,0.0,qwen25_vl,1.0,,1x1_g12x12_smaxc_i0001
sstk_image_1277825092,9:16,crop,5,0.0,qwen25_vl,0.5,,9x16_g12x12_smaxc_i0001
sstk_image_1277825092,16:9,keep_full,5,0.0,qwen25_vl,0.5,,16x9_g12x12_smaxc_i0001
sstk_image_1277825092,3:4,crop,5,0.0,qwen25_vl,1.0,,3x4_g12x12_smaxc_i0001
sstk_image_1277825092,4:3,crop,5,0.0,qwen25_vl,1.0,,4x3_g12x12_smaxc_i0001
bigstock_image_326554759,1:1,keep_full,5,0.0,qwen25_vl,0.5135259999999999,,1x1_g12x12_smaxc_i0001
bigstock_image_326554759,9:16,keep_full,5,0.0,qwen25_vl,0.5,,9x16_g12x12_smaxc_i0001
bigstock_image_326554759,16:9,keep_full,5,0.0,qwen25_vl,0.514133,,16x9_g12x12_smaxc_i0001
bigstock_image_326554759,3:4,keep_full,5,0.0,qwen25_vl,0.5102159999999999,,3x4_g12x12_smaxc_i0001
bigstock_image_326554759,4:3,keep_full,5,0.0,qwen25_vl,0.5411890000000001,,4x3_g12x12_smaxc_i0001
sstk_image_1442319950,1:1,keep_full,5,0.0,qwen25_vl,1.0,,1x1_g12x12_smaxc_i0001
sstk_image_1442319950,9:16,keep_full,5,0.0,qwen25_vl,1.0,,9x16_g12x12_smaxc_i0001
sstk_image_1442319950,16:9,keep_full,5,0.0,qwen25_vl,1.0,,16x9_g12x12_smaxc_i0001
sstk_image_1442319950,3:4,keep_full,5,0.0,qwen25_vl,1.0,,3x4_g12x12_smaxc_i0001
sstk_image_1442319950,4:3,keep_full,5,0.0,qwen25_vl,1.0,,4x3_g12x12_smaxc_i0001
sstk_image_712424092,1:1,crop,5,0.0,qwen25_vl,1.0,,1x1_g12x12_smaxc_i0001
sstk_image_712424092,9:16,crop,5,0.0,qwen25_vl,0.5,,9x16_g12x12_steach_cacnet_jit0_10_i0006
sstk_image_712424092,16:9,keep_full,5,0.0,qwen25_vl,0.5,,16x9_g12x12_smaxc_i0001
sstk_image_712424092,3:4,crop,5,0.0,qwen25_vl,1.0,,3x4_g12x12_steach_cgs_proj0_i0005
sstk_image_712424092,4:3,keep_full,5,0.0,qwen25_vl,0.5,,4x3_g12x12_smaxc_i0001
sstk_image_1322374571,1:1,keep_full,5,0.0,qwen25_vl,1.0,,1x1_g12x12_smy1_i0002
sstk_image_1322374571,9:16,keep_full,5,0.0,qwen25_vl,0.5,,9x16_g12x12_smaxc_i0001
sstk_image_1322374571,16:9,keep_full,5,0.0,qwen25_vl,1.0,,16x9_g12x12_smy0_i0002
sstk_image_1322374571,3:4,keep_full,5,0.0,qwen25_vl,0.5,,3x4_g12x12_smaxc_i0001
sstk_image_1322374571,4:3,keep_full,5,0.0,qwen25_vl,1.0,,4x3_g12x12_smaxc_i0001
sstk_image_350501519,1:1,keep_full,5,0.0,qwen25_vl,1.0,,1x1_g12x12_smaxc_i0001
sstk_image_350501519,9:16,keep_full,5,0.0,qwen25_vl,1.0,,9x16_g12x12_smaxc_i0001
sstk_image_350501519,16:9,keep_full,5,0.0,qwen25_vl,0.5,,16x9_g12x12_smaxc_i0001
sstk_image_350501519,3:4,keep_full,5,0.0,qwen25_vl,1.0,,3x4_g12x12_smaxc_i0001
sstk_image_350501519,4:3,keep_full,5,0.0,qwen25_vl,1.0,,4x3_g12x12_smaxc_i0001
sstk_image_378288403,1:1,crop,5,0.0,qwen25_vl,1.0,,1x1_g12x12_smaxc_i0001
sstk_image_378288403,9:16,keep_full,5,0.0,qwen25_vl,1.0,,9x16_g12x12_smaxc_i0001
sstk_image_378288403,16:9,crop,5,0.0,qwen25_vl,1.0,,16x9_g12x12_smaxc_i0001
sstk_image_378288403,3:4,crop,5,0.0,qwen25_vl,1.0,,3x4_g12x12_smaxc_i0001
sstk_image_378288403,4:3,crop,5,0.0,qwen25_vl,1.0,,4x3_g12x12_smaxc_i0001
sstk_image_200456765,1:1,crop,5,0.0,qwen25_vl,0.5,,1x1_g12x12_steach_cgs_proj0_i0001
sstk_image_200456765,9:16,keep_full,5,0.0,qwen25_vl,0.5,,9x16_g12x12_smaxc_i0001
sstk_image_200456765,16:9,crop,5,0.0,qwen25_vl,1.0,,16x9_g12x12_smaxc_i0001
sstk_image_200456765,3:4,keep_full,5,0.0,qwen25_vl,0.5,,3x4_g12x12_smaxc_i0001
sstk_image_200456765,4:3,keep_full,5,0.0,qwen25_vl,0.510359,,4x3_g12x12_smaxc_i0001
sstk_image_1070169710,1:1,keep_full,5,0.0,qwen25_vl,0.5,,1x1_g12x12_smaxc_i0001
sstk_image_1070169710,9:16,keep_full,5,0.0,qwen25_vl,1.0,,9x16_g12x12_smaxc_i0001
sstk_image_1070169710,16:9,keep_full,5,0.0,qwen25_vl,1.0,,16x9_g12x12_smaxc_i0001
sstk_image_1070169710,3:4,keep_full,5,0.0,qwen25_vl,0.5,,3x4_g12x12_smaxc_i0001
sstk_image_1070169710,4:3,keep_full,5,0.0,qwen25_vl,1.0,,4x3_g12x12_smaxc_i0001
sstk_image_1213465633,1:1,crop,5,0.0,qwen25_vl,0.5071450000000002,,1x1_g12x12_smaxc_i0001
sstk_image_1213465633,9:16,crop,5,0.0,qwen25_vl,0.5,,9x16_g12x12_smaxc_i0001
sstk_image_1213465633,16:9,crop,5,0.0,qwen25_vl,0.504974,,16x9_g12x12_steach_cacnet_proj0_i0001
sstk_image_1213465633,3:4,crop,5,0.0,qwen25_vl,0.5,,3x4_g12x12_smaxc_i0001
sstk_image_1213465633,4:3,keep_full,5,0.0,qwen25_vl,0.519665,,4x3_g12x12_smaxc_i0001
sstk_image_2090619325,1:1,keep_full,5,0.0,qwen25_vl,0.574505,,1x1_g12x12_smaxc_i0001
sstk_image_2090619325,9:16,keep_full,5,0.0,qwen25_vl,1.0,,9x16_g12x12_smaxc_i0001
sstk_image_2090619325,16:9,crop,5,0.0,qwen25_vl,1.0,,16x9_g12x12_smaxc_i0001
sstk_image_2090619325,3:4,keep_full,5,0.0,qwen25_vl,1.0,,3x4_g12x12_smaxc_i0001
sstk_image_2090619325,4:3,keep_full,5,0.0,qwen25_vl,0.5,,4x3_g12x12_smaxc_i0001
sstk_image_1941006184,1:1,keep_full,5,0.0,qwen25_vl,1.0,,1x1_g12x12_smaxc_i0001
sstk_image_1941006184,9:16,keep_full,5,0.0,qwen25_vl,1.0,,9x16_g12x12_smaxc_i0001
sstk_image_1941006184,16:9,keep_full,5,0.0,qwen25_vl,1.0,,16x9_g12x12_smaxc_i0001
sstk_image_1941006184,3:4,keep_full,5,0.0,qwen25_vl,1.0,,3x4_g12x12_smaxc_i0001
sstk_image_1941006184,4:3,keep_full,5,0.0,qwen25_vl,1.0,,4x3_g12x12_smaxc_i0001
bigstock_image_91687388,1:1,crop,5,0.0,qwen25_vl,1.0,,1x1_g12x12_steach_cacnet_proj0_i0001
bigstock_image_91687388,9:16,crop,5,0.0,qwen25_vl,1.0,,9x16_g12x12_smaxc_i0001
bigstock_image_91687388,16:9,crop,5,0.0,qwen25_vl,1.0,,16x9_g12x12_smaxc_i0001
bigstock_image_91687388,3:4,crop,5,0.0,qwen25_vl,1.0,,3x4_g12x12_smaxc_i0001
bigstock_image_91687388,4:3,crop,5,0.0,qwen25_vl,1.0,,4x3_g12x12_smaxc_i0001
sstk_image_2181615013,1:1,keep_full,5,0.0,qwen25_vl,1.0,,1x1_g12x12_smaxc_i0001
sstk_image_2181615013,9:16,keep_full,5,0.0,qwen25_vl,1.0,,9x16_g12x12_smaxc_i0001
sstk_image_2181615013,16:9,keep_full,5,0.0,qwen25_vl,1.0,,16x9_g12x12_smaxc_i0001
sstk_image_2181615013,3:4,keep_full,5,0.0,qwen25_vl,1.0,,3x4_g12x12_smaxc_i0001
sstk_image_2181615013,4:3,keep_full,5,0.0,qwen25_vl,1.0,,4x3_g12x12_smaxc_i0001
sstk_image_50137285,1:1,keep_full,5,0.0,qwen25_vl,0.5292870000000001,,1x1_g12x12_smaxc_i0001
sstk_image_50137285,9:16,crop,5,0.0,qwen25_vl,0.7254209999999999,,9x16_g12x12_smaxc_i0001
sstk_image_50137285,16:9,keep_full,5,0.0,qwen25_vl,0.5,,16x9_g12x12_smaxc_i0001
sstk_image_50137285,3:4,keep_full,5,0.0,qwen25_vl,1.0,,3x4_g12x12_smaxc_i0001
sstk_image_50137285,4:3,keep_full,5,0.0,qwen25_vl,1.0,,4x3_g12x12_smaxc_i0001
pond5_image_169465370,1:1,keep_full,5,0.0,qwen25_vl,0.5360639999999999,,1x1_g12x12_smaxc_i0001
pond5_image_169465370,9:16,keep_full,5,0.0,qwen25_vl,0.502293,,9x16_g12x12_smaxc_i0001
pond5_image_169465370,16:9,keep_full,5,0.0,qwen25_vl,0.5574220000000001,,16x9_g12x12_smaxc_i0001
pond5_image_169465370,3:4,keep_full,5,0.0,qwen25_vl,0.507487,,3x4_g12x12_smaxc_i0001
pond5_image_169465370,4:3,keep_full,5,0.0,qwen25_vl,0.531865,,4x3_g12x12_smaxc_i0001
bigstock_image_129575693,1:1,crop,5,0.0,qwen25_vl,1.0,,1x1_g12x12_smaxc_i0001
bigstock_image_129575693,9:16,keep_full,5,0.0,qwen25_vl,0.5,,9x16_g12x12_smaxc_i0001
bigstock_image_129575693,16:9,crop,5,0.0,qwen25_vl,1.0,,16x9_g12x12_smaxc_i0001
bigstock_image_129575693,3:4,keep_full,5,0.0,qwen25_vl,1.0,,3x4_g12x12_smaxc_i0001
bigstock_image_129575693,4:3,keep_full,5,0.0,qwen25_vl,1.0,,4x3_g12x12_smaxc_i0001
bigstock_image_95210855,1:1,keep_full,5,0.0,qwen25_vl,0.5,,1x1_g12x12_smaxc_i0001
bigstock_image_95210855,9:16,keep_full,5,0.0,qwen25_vl,0.5,,9x16_g12x12_smaxc_i0001
bigstock_image_95210855,16:9,keep_full,5,0.0,qwen25_vl,0.5,,16x9_g12x12_smaxc_i0001
bigstock_image_95210855,3:4,keep_full,5,0.0,qwen25_vl,0.5,,3x4_g12x12_smaxc_i0001
bigstock_image_95210855,4:3,crop,5,0.0,qwen25_vl,0.5192019999999999,,4x3_g12x12_steach_cacnet_proj0_i0001
sstk_image_1190773105,1:1,keep_full,5,0.0,qwen25_vl,1.0,,1x1_g12x12_smaxc_i0001
sstk_image_1190773105,9:16,keep_full,5,0.0,qwen25_vl,1.0,,9x16_g12x12_smaxc_i0001
sstk_image_1190773105,16:9,crop,5,0.0,qwen25_vl,1.0,,16x9_g12x12_steach_gaic_proj0_i0001
sstk_image_1190773105,3:4,keep_full,5,0.0,qwen25_vl,1.0,,3x4_g12x12_smaxc_i0001
sstk_image_1190773105,4:3,keep_full,5,0.0,qwen25_vl,1.0,,4x3_g12x12_smaxc_i0001
sstk_image_423600652,1:1,crop,5,0.0,qwen25_vl,1.0,,1x1_g12x12_smaxc_i0001
sstk_image_423600652,9:16,crop,5,0.0,qwen25_vl,1.0,,9x16_g12x12_smaxc_i0001
sstk_image_423600652,16:9,crop,2,0.0,qwen25_vl,1.0,,16x9_g12x12_s5_i0078
sstk_image_423600652,3:4,crop,5,0.0,qwen25_vl,1.0,,3x4_g12x12_smaxc_i0001
sstk_image_423600652,4:3,crop,4,0.0,qwen25_vl,0.507418,,4x3_g12x12_steach_cacnet_jit0_20_i0003
sstk_image_1074361184,1:1,keep_full,1,0.0,qwen25_vl,0.5,,1x1_g12x12_smy0_i0002
sstk_image_1074361184,9:16,keep_full,3,0.0,qwen25_vl,1.0,,9x16_g12x12_smaxc_i0001
sstk_image_1074361184,16:9,crop,2,0.0,qwen25_vl,0.521138999999998,,16x9_g12x12_s0_i0035
sstk_image_1074361184,3:4,keep_full,2,0.0,qwen25_vl,1.0,,3x4_g12x12_smy0_i0002
sstk_image_1074361184,4:3,crop,1,0.0,qwen25_vl,0.5,,4x3_g12x12_s2_i0027
pond5_image_196804442,1:1,crop,5,0.0,qwen25_vl,0.5146310000000001,,1x1_g12x12_smaxc_i0001
pond5_image_196804442,9:16,crop,5,0.0,qwen25_vl,1.0,,9x16_g12x12_smaxc_i0001
pond5_image_196804442,16:9,crop,5,0.0,qwen25_vl,1.0,,16x9_g12x12_smaxc_i0001
pond5_image_196804442,3:4,crop,5,0.0,qwen25_vl,0.5,,3x4_g12x12_smaxc_i0001
pond5_image_196804442,4:3,crop,1,0.0,qwen25_vl,0.5,,4x3_g12x12_steach_cgs_jit0_20_i0002
sstk_image_1070177867,1:1,keep_full,5,0.0,qwen25_vl,0.517575,,1x1_g12x12_smaxc_i0001
sstk_image_1070177867,9:16,keep_full,5,0.0,qwen25_vl,0.5,,9x16_g12x12_smaxc_i0001
sstk_image_1070177867,16:9,keep_full,5,0.0,qwen25_vl,0.5,,16x9_g12x12_smaxc_i0001
sstk_image_1070177867,3:4,crop,5,0.0,qwen25_vl,1.0,,3x4_g12x12_smaxc_i0001
sstk_image_1070177867,4:3,keep_full,5,0.0,qwen25_vl,0.8539149999999999,,4x3_g12x12_smaxc_i0001
sstk_image_2294237909,1:1,keep_full,5,0.0,qwen25_vl,0.5,,1x1_g12x12_smaxc_i0001
sstk_image_2294237909,9:16,keep_full,5,0.0,qwen25_vl,0.5,,9x16_g12x12_smaxc_i0001
sstk_image_2294237909,16:9,keep_full,5,0.0,qwen25_vl,0.5,,16x9_g12x12_smaxc_i0001
sstk_image_2294237909,3:4,keep_full,5,0.0,qwen25_vl,0.5,,3x4_g12x12_smaxc_i0001
sstk_image_2294237909,4:3,keep_full,5,0.0,qwen25_vl,1.0,,4x3_g12x12_smaxc_i0001
sstk_image_1036349740,1:1,keep_full,5,0.0,qwen25_vl,0.5,,1x1_g12x12_smaxc_i0001
sstk_image_1036349740,9:16,crop,5,0.0,qwen25_vl,1.0,,9x16_g12x12_smaxc_i0001
sstk_image_1036349740,16:9,keep_full,5,0.0,qwen25_vl,1.0,,16x9_g12x12_smaxc_i0001
sstk_image_1036349740,3:4,crop,5,0.0,qwen25_vl,1.0,,3x4_g12x12_smaxc_i0001
sstk_image_1036349740,4:3,keep_full,5,0.0,qwen25_vl,1.0,,4x3_g12x12_smaxc_i0001
sstk_image_557100514,1:1,crop,5,0.0,qwen25_vl,1.0,,1x1_g12x12_smaxc_i0001
sstk_image_557100514,9:16,keep_full,5,0.0,qwen25_vl,0.5,,9x16_g12x12_smaxc_i0001
sstk_image_557100514,16:9,keep_full,5,0.0,qwen25_vl,0.5,,16x9_g12x12_smaxc_i0001
sstk_image_557100514,3:4,crop,5,0.0,qwen25_vl,1.0,,3x4_g12x12_smaxc_i0001
sstk_image_557100514,4:3,crop,5,0.0,qwen25_vl,1.0,,4x3_g12x12_smaxc_i0001
sstk_image_1751602142,1:1,keep_full,5,0.0,qwen25_vl,0.5,,1x1_g12x12_smaxc_i0001
sstk_image_1751602142,9:16,keep_full,1,0.0,qwen25_vl,0.5,,9x16_g12x12_smx2_i0004
sstk_image_1751602142,16:9,keep_full,2,0.0,qwen25_vl,1.0,,16x9_g12x12_smy0_i0002
sstk_image_1751602142,3:4,crop,5,0.0,qwen25_vl,1.0,,3x4_g12x12_smaxc_i0001
sstk_image_1751602142,4:3,keep_full,5,0.0,qwen25_vl,1.0,,4x3_g12x12_smaxc_i0001
sstk_image_324732935,1:1,crop,5,0.0,qwen25_vl,1.0,,1x1_g12x12_steach_cacnet_jit0_11_i0016
sstk_image_324732935,9:16,keep_full,5,0.0,qwen25_vl,0.7420550000000001,,9x16_g12x12_smaxc_i0001
sstk_image_324732935,16:9,keep_full,5,0.0,qwen25_vl,1.0,,16x9_g12x12_smy0_i0002
sstk_image_324732935,3:4,keep_full,5,0.0,qwen25_vl,1.0,,3x4_g12x12_smy0_i0002
sstk_image_324732935,4:3,crop,5,0.0,qwen25_vl,1.0,,4x3_g12x12_smaxc_i0001
sstk_image_1648192114,1:1,keep_full,5,0.0,qwen25_vl,0.512227,,1x1_g12x12_smaxc_i0001
sstk_image_1648192114,9:16,crop,5,0.0,qwen25_vl,1.0,,9x16_g12x12_smaxc_i0001
sstk_image_1648192114,16:9,keep_full,5,0.0,qwen25_vl,0.5,,16x9_g12x12_smaxc_i0001
sstk_image_1648192114,3:4,keep_full,5,0.0,qwen25_vl,0.5,,3x4_g12x12_smaxc_i0001
sstk_image_1648192114,4:3,keep_full,5,0.0,qwen25_vl,0.7254539999999999,,4x3_g12x12_smaxc_i0001
sstk_image_124011502,1:1,crop,5,0.0,qwen25_vl,1.0,,1x1_g12x12_smaxc_i0001
sstk_image_124011502,9:16,keep_full,5,0.0,qwen25_vl,0.5,,9x16_g12x12_smaxc_i0001
sstk_image_124011502,16:9,keep_full,5,0.0,qwen25_vl,1.0,,16x9_g12x12_smaxc_i0001
sstk_image_124011502,3:4,crop,5,0.0,qwen25_vl,0.5,,3x4_g12x12_smaxc_i0001
sstk_image_124011502,4:3,crop,5,0.0,qwen25_vl,1.0,,4x3_g12x12_smaxc_i0001
sstk_image_1149449876,1:1,keep_full,5,0.0,qwen25_vl,0.5,,1x1_g12x12_smaxc_i0001
sstk_image_1149449876,9:16,crop,5,0.0,qwen25_vl,1.0,,9x16_g12x12_smaxc_i0001
sstk_image_1149449876,16:9,keep_full,5,0.0,qwen25_vl,0.5,,16x9_g12x12_smaxc_i0001
sstk_image_1149449876,3:4,keep_full,5,0.0,qwen25_vl,1.0,,3x4_g12x12_smaxc_i0001
sstk_image_1149449876,4:3,keep_full,5,0.0,qwen25_vl,0.5579420000000002,,4x3_g12x12_smaxc_i0001
pond5_image_166525179,1:1,keep_full,5,0.0,qwen25_vl,0.52618,,1x1_g12x12_smaxc_i0001
pond5_image_166525179,9:16,keep_full,5,0.0,qwen25_vl,1.0,,9x16_g12x12_smaxc_i0001
pond5_image_166525179,16:9,keep_full,5,0.0,qwen25_vl,1.0,,16x9_g12x12_smy0_i0002
pond5_image_166525179,3:4,crop,5,0.0,qwen25_vl,0.5,,3x4_g12x12_smaxc_i0001
pond5_image_166525179,4:3,keep_full,5,0.0,qwen25_vl,1.0,,4x3_g12x12_smaxc_i0001
sstk_image_1317497132,1:1,keep_full,5,0.0,qwen25_vl,1.0,,1x1_g12x12_smaxc_i0001
sstk_image_1317497132,9:16,keep_full,5,0.0,qwen25_vl,1.0,,9x16_g12x12_smx1_i0003
sstk_image_1317497132,16:9,keep_full,5,0.0,qwen25_vl,0.6772080000000003,,16x9_g12x12_smy2_i0004
sstk_image_1317497132,3:4,keep_full,5,0.0,qwen25_vl,0.8818360000000001,,3x4_g12x12_smaxc_i0001
sstk_image_1317497132,4:3,keep_full,5,0.0,qwen25_vl,1.0,,4x3_g12x12_smaxc_i0001
sstk_image_2149239627,1:1,crop,5,0.0,qwen25_vl,0.50207,,1x1_g12x12_smaxc_i0001
sstk_image_2149239627,9:16,keep_full,1,0.0,qwen25_vl,0.5,,9x16_g12x12_smx1_i0003
sstk_image_2149239627,16:9,keep_full,5,0.0,qwen25_vl,1.0,,16x9_g12x12_smy1_i0003
sstk_image_2149239627,3:4,keep_full,3,0.0,qwen25_vl,1.0,,3x4_g12x12_smx1_i0003
sstk_image_2149239627,4:3,keep_full,5,0.0,qwen25_vl,0.5,,4x3_g12x12_smaxc_i0001
pond5_image_89198153,1:1,keep_full,5,0.0,qwen25_vl,0.5,,1x1_g12x12_smaxc_i0001
pond5_image_89198153,9:16,keep_full,5,0.0,qwen25_vl,1.0,,9x16_g12x12_smaxc_i0001
pond5_image_89198153,16:9,crop,5,0.0,qwen25_vl,1.0,,16x9_g12x12_steach_cacnet_jit0_12_i0005
pond5_image_89198153,3:4,keep_full,5,0.0,qwen25_vl,0.8268310000000001,,3x4_g12x12_smaxc_i0001
pond5_image_89198153,4:3,keep_full,5,0.0,qwen25_vl,0.5,,4x3_g12x12_smaxc_i0001
sstk_image_199257929,1:1,crop,5,0.0,qwen25_vl,1.0,,1x1_g12x12_smaxc_i0001
sstk_image_199257929,9:16,crop,5,0.0,qwen25_vl,1.0,,9x16_g12x12_smaxc_i0001
sstk_image_199257929,16:9,keep_full,5,0.0,qwen25_vl,0.511636,,16x9_g12x12_smaxc_i0001
sstk_image_199257929,3:4,crop,5,0.0,qwen25_vl,1.0,,3x4_g12x12_smaxc_i0001
sstk_image_199257929,4:3,keep_full,5,0.0,qwen25_vl,0.535417,,4x3_g12x12_smaxc_i0001
sstk_image_2273937099,1:1,crop,5,0.0,qwen25_vl,1.0,,1x1_g12x12_steach_cgs_proj0_i0001
sstk_image_2273937099,9:16,keep_full,5,0.0,qwen25_vl,0.5,,9x16_g12x12_smaxc_i0001
sstk_image_2273937099,16:9,crop,5,0.0,qwen25_vl,1.0,,16x9_g12x12_smaxc_i0001
sstk_image_2273937099,3:4,keep_full,5,0.0,qwen25_vl,0.5,,3x4_g12x12_smaxc_i0001
sstk_image_2273937099,4:3,crop,5,0.0,qwen25_vl,1.0,,4x3_g12x12_smaxc_i0001
sstk_image_138970337,1:1,crop,5,0.0,qwen25_vl,0.5,,1x1_g12x12_steach_cacnet_proj0_i0001
sstk_image_138970337,9:16,keep_full,5,0.0,qwen25_vl,0.5,,9x16_g12x12_smaxc_i0001
sstk_image_138970337,16:9,keep_full,5,0.0,qwen25_vl,1.0,,16x9_g12x12_smaxc_i0001
sstk_image_138970337,3:4,keep_full,5,0.0,qwen25_vl,0.5,,3x4_g12x12_smaxc_i0001
sstk_image_138970337,4:3,keep_full,5,0.0,qwen25_vl,1.0,,4x3_g12x12_smaxc_i0001
sstk_image_1948991551,1:1,keep_full,5,0.0,qwen25_vl,1.0,,1x1_g12x12_smaxc_i0001
sstk_image_1948991551,9:16,crop,5,0.0,qwen25_vl,1.0,,9x16_g12x12_smaxc_i0001
sstk_image_1948991551,16:9,keep_full,5,0.0,qwen25_vl,1.0,,16x9_g12x12_smaxc_i0001
sstk_image_1948991551,3:4,keep_full,5,0.0,qwen25_vl,0.5,,3x4_g12x12_smaxc_i0001
sstk_image_1948991551,4:3,crop,5,0.0,qwen25_vl,0.5,,4x3_g12x12_steach_cacnet_proj0_i0001
sstk_image_310780922,1:1,crop,5,0.0,qwen25_vl,1.0,,1x1_g12x12_smaxc_i0001
sstk_image_310780922,9:16,crop,5,0.0,qwen25_vl,1.0,,9x16_g12x12_smaxc_i0001
sstk_image_310780922,16:9,keep_full,5,0.0,qwen25_vl,0.795424,,16x9_g12x12_smaxc_i0001
sstk_image_310780922,3:4,keep_full,5,0.0,qwen25_vl,1.0,,3x4_g12x12_smaxc_i0001
sstk_image_310780922,4:3,keep_full,5,0.0,qwen25_vl,1.0,,4x3_g12x12_smaxc_i0001
sstk_image_78270664,1:1,keep_full,5,0.0,qwen25_vl,1.0,,1x1_g12x12_smaxc_i0001
sstk_image_78270664,9:16,keep_full,5,0.0,qwen25_vl,0.5,,9x16_g12x12_smaxc_i0001
sstk_image_78270664,16:9,keep_full,5,0.0,qwen25_vl,0.552131,,16x9_g12x12_smaxc_i0001
sstk_image_78270664,3:4,crop,5,0.0,qwen25_vl,1.0,,3x4_g12x12_smaxc_i0001
sstk_image_78270664,4:3,keep_full,5,0.0,qwen25_vl,1.0,,4x3_g12x12_smaxc_i0001
sstk_image_1743539924,1:1,keep_full,5,0.0,qwen25_vl,1.0,,1x1_g12x12_smaxc_i0001
sstk_image_1743539924,9:16,keep_full,5,0.0,qwen25_vl,0.5,,9x16_g12x12_smaxc_i0001
sstk_image_1743539924,16:9,keep_full,5,0.0,qwen25_vl,0.8195229999999998,,16x9_g12x12_smaxc_i0001
sstk_image_1743539924,3:4,keep_full,5,0.0,qwen25_vl,1.0,,3x4_g12x12_smaxc_i0001
sstk_image_1743539924,4:3,keep_full,5,0.0,qwen25_vl,1.0,,4x3_g12x12_smaxc_i0001
sstk_image_1816068332,1:1,keep_full,5,0.0,qwen25_vl,0.8593999999999999,,1x1_g12x12_smaxc_i0001
sstk_image_1816068332,9:16,keep_full,5,0.0,qwen25_vl,0.686078,,9x16_g12x12_smaxc_i0001
sstk_image_1816068332,16:9,keep_full,5,0.0,qwen25_vl,1.0,,16x9_g12x12_smaxc_i0001
sstk_image_1816068332,3:4,keep_full,5,0.0,qwen25_vl,1.0,,3x4_g12x12_smaxc_i0001
sstk_image_1816068332,4:3,keep_full,5,0.0,qwen25_vl,1.0,,4x3_g12x12_smaxc_i0001
sstk_image_736911976,1:1,keep_full,5,0.0,qwen25_vl,1.0,,1x1_g12x12_smaxc_i0001
sstk_image_736911976,9:16,keep_full,5,0.0,qwen25_vl,1.0,,9x16_g12x12_smaxc_i0001
sstk_image_736911976,16:9,keep_full,5,0.0,qwen25_vl,1.0,,16x9_g12x12_smaxc_i0001
sstk_image_736911976,3:4,keep_full,5,0.0,qwen25_vl,1.0,,3x4_g12x12_smaxc_i0001
sstk_image_736911976,4:3,keep_full,5,0.0,qwen25_vl,1.0,,4x3_g12x12_smaxc_i0001
pond5_image_119532776,1:1,keep_full,5,0.0,qwen25_vl,1.0,,1x1_g12x12_smaxc_i0001
pond5_image_119532776,9:16,keep_full,5,0.0,qwen25_vl,1.0,,9x16_g12x12_smaxc_i0001
pond5_image_119532776,16:9,keep_full,5,0.0,qwen25_vl,0.5,,16x9_g12x12_smaxc_i0001
pond5_image_119532776,3:4,keep_full,5,0.0,qwen25_vl,1.0,,3x4_g12x12_smaxc_i0001
pond5_image_119532776,4:3,keep_full,5,0.0,qwen25_vl,1.0,,4x3_g12x12_smaxc_i0001
sstk_image_2161643087,1:1,keep_full,5,0.0,qwen25_vl,1.0,,1x1_g12x12_smaxc_i0001
sstk_image_2161643087,9:16,keep_full,5,0.0,qwen25_vl,1.0,,9x16_g12x12_smaxc_i0001
sstk_image_2161643087,16:9,keep_full,5,0.0,qwen25_vl,0.5,,16x9_g12x12_smaxc_i0001
sstk_image_2161643087,3:4,keep_full,5,0.0,qwen25_vl,1.0,,3x4_g12x12_smaxc_i0001
sstk_image_2161643087,4:3,crop,5,0.0,qwen25_vl,1.0,,4x3_g12x12_steach_cacnet_proj0_i0001
sstk_image_1490644682,1:1,crop,5,0.0,qwen25_vl,1.0,,1x1_g12x12_s4_i0040
sstk_image_1490644682,9:16,crop,5,0.0,qwen25_vl,1.0,,9x16_g12x12_smaxc_i0001
sstk_image_1490644682,16:9,crop,3,0.0,qwen25_vl,1.0,,16x9_g12x12_s0_i0046
sstk_image_1490644682,3:4,crop,4,0.0,qwen25_vl,0.7819020000000001,,3x4_g12x12_steach_cgs_jit0_12_i0005
sstk_image_1490644682,4:3,crop,2,0.0,qwen25_vl,1.0,,4x3_g12x12_s2_i0022
sstk_image_2163263543,1:1,crop,5,0.0,qwen25_vl,0.5,,1x1_g12x12_smaxc_i0001
sstk_image_2163263543,9:16,crop,5,0.0,qwen25_vl,0.5,,9x16_g12x12_smaxc_i0001
sstk_image_2163263543,16:9,keep_full,5,0.0,qwen25_vl,1.0,,16x9_g12x12_smaxc_i0001
sstk_image_2163263543,3:4,crop,5,0.0,qwen25_vl,0.519564,,3x4_g12x12_smaxc_i0001
sstk_image_2163263543,4:3,crop,5,0.0,qwen25_vl,1.0,,4x3_g12x12_steach_cacnet_proj0_i0001
sstk_image_2146937865,1:1,keep_full,5,0.0,qwen25_vl,1.0,,1x1_g12x12_smaxc_i0001
sstk_image_2146937865,9:16,keep_full,5,0.0,qwen25_vl,0.5,,9x16_g12x12_smaxc_i0001
sstk_image_2146937865,16:9,keep_full,5,0.0,qwen25_vl,0.5,,16x9_g12x12_smaxc_i0001
sstk_image_2146937865,3:4,keep_full,5,0.0,qwen25_vl,0.5,,3x4_g12x12_smaxc_i0001
sstk_image_2146937865,4:3,keep_full,5,0.0,qwen25_vl,0.565111,,4x3_g12x12_smaxc_i0001
bigstock_image_218991439,1:1,keep_full,5,0.0,qwen25_vl,0.5,,1x1_g12x12_smaxc_i0001
bigstock_image_218991439,9:16,crop,5,0.0,qwen25_vl,1.0,,9x16_g12x12_smaxc_i0001
bigstock_image_218991439,16:9,keep_full,5,0.0,qwen25_vl,0.5,,16x9_g12x12_smaxc_i0001
bigstock_image_218991439,3:4,crop,5,0.0,qwen25_vl,1.0,,3x4_g12x12_smaxc_i0001
bigstock_image_218991439,4:3,keep_full,5,0.0,qwen25_vl,0.54711,,4x3_g12x12_smaxc_i0001
sstk_image_218378287,1:1,keep_full,5,0.0,qwen25_vl,1.0,,1x1_g12x12_smaxc_i0001
sstk_image_218378287,9:16,keep_full,5,0.0,qwen25_vl,1.0,,9x16_g12x12_smaxc_i0001
sstk_image_218378287,16:9,keep_full,5,0.0,qwen25_vl,1.0,,16x9_g12x12_smy1_i0003
sstk_image_218378287,3:4,keep_full,1,0.0,qwen25_vl,0.5,,3x4_g12x12_smx2_i0003
sstk_image_218378287,4:3,keep_full,5,0.0,qwen25_vl,0.8300780000000001,,4x3_g12x12_smaxc_i0001
sstk_image_229661359,1:1,keep_full,2,0.0,qwen25_vl,1.0,,1x1_g12x12_smx0_i0002
sstk_image_229661359,9:16,crop,2,0.0,qwen25_vl,1.0,,9x16_g12x12_smx1_i0003
sstk_image_229661359,16:9,crop,2,0.0,qwen25_vl,1.0,,16x9_g12x12_steach_gaic_jit0_13_i0007
sstk_image_229661359,3:4,keep_full,1,0.0,qwen25_vl,0.5,,3x4_g12x12_smx0_i0002
sstk_image_229661359,4:3,keep_full,5,0.0,qwen25_vl,1.0,,4x3_g12x12_smx0_i0002
pond5_image_43254310,1:1,crop,5,0.0,qwen25_vl,1.0,,1x1_g12x12_smaxc_i0001
pond5_image_43254310,9:16,keep_full,5,0.0,qwen25_vl,1.0,,9x16_g12x12_smx1_i0003
pond5_image_43254310,16:9,keep_full,5,0.0,qwen25_vl,1.0,,16x9_g12x12_smaxc_i0001
pond5_image_43254310,3:4,keep_full,3,0.0,qwen25_vl,1.0,,3x4_g12x12_smx1_i0003
pond5_image_43254310,4:3,crop,5,0.0,qwen25_vl,0.772232,,4x3_g12x12_smaxc_i0001
sstk_image_532880902,1:1,keep_full,5,0.0,qwen25_vl,0.5,,1x1_g12x12_smaxc_i0001
sstk_image_532880902,9:16,keep_full,5,0.0,qwen25_vl,0.5,,9x16_g12x12_smaxc_i0001
sstk_image_532880902,16:9,keep_full,5,0.0,qwen25_vl,1.0,,16x9_g12x12_smaxc_i0001
sstk_image_532880902,3:4,keep_full,5,0.0,qwen25_vl,0.5,,3x4_g12x12_smaxc_i0001
sstk_image_532880902,4:3,keep_full,5,0.0,qwen25_vl,0.5,,4x3_g12x12_smaxc_i0001
pond5_image_133794802,1:1,crop,5,0.0,qwen25_vl,1.0,,1x1_g12x12_smaxc_i0001
pond5_image_133794802,9:16,keep_full,5,0.0,qwen25_vl,0.5,,9x16_g12x12_smaxc_i0001
pond5_image_133794802,16:9,keep_full,5,0.0,qwen25_vl,0.5,,16x9_g12x12_smaxc_i0001
pond5_image_133794802,3:4,crop,5,0.0,qwen25_vl,1.0,,3x4_g12x12_smaxc_i0001
pond5_image_133794802,4:3,crop,5,0.0,qwen25_vl,1.0,,4x3_g12x12_smaxc_i0001
sstk_image_2167996463,1:1,crop,5,0.0,qwen25_vl,1.0,,1x1_g12x12_smaxc_i0001
sstk_image_2167996463,9:16,crop,5,0.0,qwen25_vl,1.0,,9x16_g12x12_smaxc_i0001
sstk_image_2167996463,16:9,keep_full,5,0.0,qwen25_vl,0.5308189999999999,,16x9_g12x12_smaxc_i0001
sstk_image_2167996463,3:4,crop,5,0.0,qwen25_vl,1.0,,3x4_g12x12_smaxc_i0001
sstk_image_2167996463,4:3,keep_full,5,0.0,qwen25_vl,0.516904,,4x3_g12x12_smaxc_i0001
sstk_image_2259178655,1:1,crop,5,0.0,qwen25_vl,0.5,,1x1_g12x12_smx1_i0002
sstk_image_2259178655,9:16,crop,5,0.0,qwen25_vl,1.0,,9x16_g12x12_smx1_i0003
sstk_image_2259178655,16:9,keep_full,2,0.0,qwen25_vl,0.5,,16x9_g12x12_smy0_i0002
sstk_image_2259178655,3:4,crop,5,0.0,qwen25_vl,1.0,,3x4_g12x12_smx1_i0003
sstk_image_2259178655,4:3,keep_full,3,0.0,qwen25_vl,0.5,,4x3_g12x12_smy0_i0002
bigstock_image_327086644,1:1,keep_full,5,0.0,qwen25_vl,0.50483,,1x1_g12x12_smx0_i0002
bigstock_image_327086644,9:16,keep_full,4,0.0,qwen25_vl,0.530565,,9x16_g12x12_smx1_i0003
bigstock_image_327086644,16:9,keep_full,5,0.0,qwen25_vl,0.5031000000000001,,16x9_g12x12_smaxc_i0001
bigstock_image_327086644,3:4,keep_full,5,0.0,qwen25_vl,0.533258,,3x4_g12x12_smx1_i0003
bigstock_image_327086644,4:3,crop,5,0.0,qwen25_vl,0.5,,4x3_g12x12_steach_cgs_proj0_i0003
pond5_image_102938669,1:1,keep_full,5,0.0,qwen25_vl,1.0,,1x1_g12x12_smaxc_i0001
pond5_image_102938669,9:16,keep_full,5,0.0,qwen25_vl,1.0,,9x16_g12x12_smaxc_i0001
pond5_image_102938669,16:9,keep_full,5,0.0,qwen25_vl,0.8411680000000001,,16x9_g12x12_smaxc_i0001
pond5_image_102938669,3:4,keep_full,5,0.0,qwen25_vl,1.0,,3x4_g12x12_smaxc_i0001
pond5_image_102938669,4:3,keep_full,5,0.0,qwen25_vl,1.0,,4x3_g12x12_smaxc_i0001
pond5_image_231369019,1:1,keep_full,5,0.0,qwen25_vl,1.0,,1x1_g12x12_smaxc_i0001
pond5_image_231369019,9:16,keep_full,5,0.0,qwen25_vl,0.5,,9x16_g12x12_smaxc_i0001
pond5_image_231369019,16:9,keep_full,5,0.0,qwen25_vl,1.0,,16x9_g12x12_smaxc_i0001
pond5_image_231369019,3:4,crop,5,0.0,qwen25_vl,1.0,,3x4_g12x12_smaxc_i0001
pond5_image_231369019,4:3,keep_full,5,0.0,qwen25_vl,1.0,,4x3_g12x12_smaxc_i0001
pond5_image_147131777,1:1,keep_full,5,0.0,qwen25_vl,1.0,,1x1_g12x12_smaxc_i0001
pond5_image_147131777,9:16,keep_full,5,0.0,qwen25_vl,0.5,,9x16_g12x12_smaxc_i0001
pond5_image_147131777,16:9,keep_full,5,0.0,qwen25_vl,0.518046,,16x9_g12x12_smaxc_i0001
pond5_image_147131777,3:4,keep_full,5,0.0,qwen25_vl,0.5,,3x4_g12x12_smaxc_i0001
pond5_image_147131777,4:3,keep_full,5,0.0,qwen25_vl,1.0,,4x3_g12x12_smaxc_i0001
sstk_image_271793009,1:1,keep_full,5,0.0,qwen25_vl,1.0,,1x1_g12x12_smaxc_i0001
sstk_image_271793009,9:16,crop,5,0.0,qwen25_vl,1.0,,9x16_g12x12_smaxc_i0001
sstk_image_271793009,16:9,keep_full,1,0.0,qwen25_vl,0.5,,16x9_g12x12_smy0_i0002
sstk_image_271793009,3:4,crop,5,0.0,qwen25_vl,1.0,,3x4_g12x12_smaxc_i0001
sstk_image_271793009,4:3,keep_full,5,0.0,qwen25_vl,1.0,,4x3_g12x12_smx2_i0003
sstk_image_2152376709,1:1,crop,5,0.0,qwen25_vl,0.5,,1x1_g12x12_s4_i0034
sstk_image_2152376709,9:16,keep_full,5,0.0,qwen25_vl,1.0,,9x16_g12x12_smaxc_i0001
sstk_image_2152376709,16:9,crop,3,0.0,qwen25_vl,1.0,,16x9_g12x12_s0_i0026
sstk_image_2152376709,3:4,keep_full,3,0.0,qwen25_vl,1.0,,3x4_g12x12_smy1_i0003
sstk_image_2152376709,4:3,crop,1,0.0,qwen25_vl,0.5,,4x3_g12x12_s2_i0021
bigstock_image_345651274,1:1,keep_full,5,0.0,qwen25_vl,0.5000800000000001,,1x1_g12x12_smaxc_i0001
bigstock_image_345651274,9:16,keep_full,5,0.0,qwen25_vl,0.5,,9x16_g12x12_smaxc_i0001
bigstock_image_345651274,16:9,crop,5,0.0,qwen25_vl,1.0,,16x9_g12x12_s5_i0056
bigstock_image_345651274,3:4,keep_full,5,0.0,qwen25_vl,1.0,,3x4_g12x12_smaxc_i0001
bigstock_image_345651274,4:3,keep_full,5,0.0,qwen25_vl,0.5,,4x3_g12x12_smaxc_i0001
sstk_image_1689383674,1:1,keep_full,5,0.0,qwen25_vl,0.5,,1x1_g12x12_smaxc_i0001
sstk_image_1689383674,9:16,keep_full,5,0.0,qwen25_vl,0.5,,9x16_g12x12_smaxc_i0001
sstk_image_1689383674,16:9,keep_full,5,0.0,qwen25_vl,0.5132999999999999,,16x9_g12x12_smaxc_i0001
sstk_image_1689383674,3:4,crop,5,0.0,qwen25_vl,1.0,,3x4_g12x12_smaxc_i0001
sstk_image_1689383674,4:3,keep_full,5,0.0,qwen25_vl,0.5297209999999999,,4x3_g12x12_smaxc_i0001
bigstock_image_440504006,1:1,crop,5,0.0,qwen25_vl,1.0,,1x1_g12x12_smaxc_i0001
bigstock_image_440504006,9:16,crop,5,0.0,qwen25_vl,1.0,,9x16_g12x12_smx1_i0003
bigstock_image_440504006,16:9,keep_full,1,0.0,qwen25_vl,0.5,,16x9_g12x12_steach_cgs_jit0_22_i0006
bigstock_image_440504006,3:4,keep_full,5,0.0,qwen25_vl,0.5,,3x4_g12x12_smaxc_i0001
bigstock_image_440504006,4:3,keep_full,5,0.0,qwen25_vl,0.5,,4x3_g12x12_smaxc_i0001
sstk_image_440068195,1:1,crop,5,0.0,qwen25_vl,1.0,,1x1_g12x12_smaxc_i0001
sstk_image_440068195,9:16,keep_full,5,0.0,qwen25_vl,1.0,,9x16_g12x12_smaxc_i0001
sstk_image_440068195,16:9,keep_full,5,0.0,qwen25_vl,0.8324799999999999,,16x9_g12x12_smaxc_i0001
sstk_image_440068195,3:4,keep_full,5,0.0,qwen25_vl,1.0,,3x4_g12x12_smaxc_i0001
sstk_image_440068195,4:3,keep_full,5,0.0,qwen25_vl,1.0,,4x3_g12x12_smaxc_i0001
bigstock_image_471498239,1:1,crop,5,0.0,qwen25_vl,1.0,,1x1_g12x12_smaxc_i0001
bigstock_image_471498239,9:16,crop,5,0.0,qwen25_vl,1.0,,9x16_g12x12_smaxc_i0001
bigstock_image_471498239,16:9,crop,5,0.0,qwen25_vl,1.0,,16x9_g12x12_smaxc_i0001
bigstock_image_471498239,3:4,crop,5,0.0,qwen25_vl,1.0,,3x4_g12x12_smaxc_i0001
bigstock_image_471498239,4:3,crop,5,0.0,qwen25_vl,1.0,,4x3_g12x12_smaxc_i0001
bigstock_image_465688923,1:1,keep_full,5,0.0,qwen25_vl,0.5,,1x1_g12x12_smaxc_i0001
bigstock_image_465688923,9:16,keep_full,5,0.0,qwen25_vl,0.5,,9x16_g12x12_smaxc_i0001
bigstock_image_465688923,16:9,crop,5,0.0,qwen25_vl,0.5,,16x9_g12x12_steach_cgs_proj0_i0001
bigstock_image_465688923,3:4,keep_full,5,0.0,qwen25_vl,0.5,,3x4_g12x12_smaxc_i0001
bigstock_image_465688923,4:3,keep_full,5,0.0,qwen25_vl,0.5109560000000002,,4x3_g12x12_smaxc_i0001
bigstock_image_283085449,1:1,keep_full,5,0.0,qwen25_vl,0.620559,,1x1_g12x12_smx0_i0002
bigstock_image_283085449,9:16,keep_full,5,0.0,qwen25_vl,0.58841,,9x16_g12x12_smx1_i0003
bigstock_image_283085449,16:9,keep_full,5,0.0,qwen25_vl,0.575335,,16x9_g12x12_smaxc_i0001
bigstock_image_283085449,3:4,keep_full,5,0.0,qwen25_vl,1.0,,3x4_g12x12_smx0_i0002
bigstock_image_283085449,4:3,keep_full,5,0.0,qwen25_vl,1.0,,4x3_g12x12_smaxc_i0001
pond5_image_120626498,1:1,keep_full,5,0.0,qwen25_vl,1.0,,1x1_g12x12_smaxc_i0001
pond5_image_120626498,9:16,keep_full,5,0.0,qwen25_vl,1.0,,9x16_g12x12_smaxc_i0001
pond5_image_120626498,16:9,keep_full,5,0.0,qwen25_vl,1.0,,16x9_g12x12_smaxc_i0001
pond5_image_120626498,3:4,keep_full,5,0.0,qwen25_vl,1.0,,3x4_g12x12_smaxc_i0001
pond5_image_120626498,4:3,crop,5,0.0,qwen25_vl,1.0,,4x3_g12x12_steach_cacnet_proj0_i0001
sstk_image_52118122,1:1,crop,5,0.0,qwen25_vl,1.0,,1x1_g12x12_steach_cgs_jit0_15_i0006
sstk_image_52118122,9:16,crop,5,0.0,qwen25_vl,1.0,,9x16_g12x12_smx1_i0003
sstk_image_52118122,16:9,keep_full,5,0.0,qwen25_vl,0.5,,16x9_g12x12_smaxc_i0001
sstk_image_52118122,3:4,keep_full,2,0.0,qwen25_vl,1.0,,3x4_g12x12_smx0_i0002
sstk_image_52118122,4:3,keep_full,5,0.0,qwen25_vl,1.0,,4x3_g12x12_smx1_i0003
sstk_image_2226727825,1:1,keep_full,5,0.0,qwen25_vl,0.5,,1x1_g12x12_smaxc_i0001
sstk_image_2226727825,9:16,keep_full,5,0.0,qwen25_vl,1.0,,9x16_g12x12_smx2_i0003
sstk_image_2226727825,16:9,keep_full,1,0.0,qwen25_vl,0.5,,16x9_g12x12_smy0_i0002
sstk_image_2226727825,3:4,crop,5,0.0,qwen25_vl,0.5169359999999998,,3x4_g12x12_smaxc_i0001
sstk_image_2226727825,4:3,crop,4,0.0,qwen25_vl,0.5,,4x3_g12x12_steach_gaic_jit0_12_i0008
sstk_image_695317549,1:1,crop,5,0.0,qwen25_vl,1.0,,1x1_g12x12_smaxc_i0001
sstk_image_695317549,9:16,crop,5,0.0,qwen25_vl,0.991719,,9x16_g12x12_smaxc_i0001
sstk_image_695317549,16:9,keep_full,5,0.0,qwen25_vl,0.86071,,16x9_g12x12_smaxc_i0001
sstk_image_695317549,3:4,crop,5,0.0,qwen25_vl,1.0,,3x4_g12x12_smaxc_i0001
sstk_image_695317549,4:3,crop,5,0.0,qwen25_vl,1.0,,4x3_g12x12_smaxc_i0001
sstk_image_1576309747,1:1,keep_full,5,0.0,qwen25_vl,0.5077660000000002,,1x1_g12x12_smaxc_i0001
sstk_image_1576309747,9:16,keep_full,5,0.0,qwen25_vl,0.5,,9x16_g12x12_smaxc_i0001
sstk_image_1576309747,16:9,keep_full,5,0.0,qwen25_vl,0.5,,16x9_g12x12_smaxc_i0001
sstk_image_1576309747,3:4,crop,5,0.0,qwen25_vl,1.0,,3x4_g12x12_smaxc_i0001
sstk_image_1576309747,4:3,keep_full,5,0.0,qwen25_vl,0.554467,,4x3_g12x12_smaxc_i0001
sstk_image_2037204581,1:1,keep_full,5,0.0,qwen25_vl,1.0,,1x1_g12x12_smaxc_i0001
sstk_image_2037204581,9:16,keep_full,5,0.0,qwen25_vl,1.0,,9x16_g12x12_smaxc_i0001
sstk_image_2037204581,16:9,keep_full,5,0.0,qwen25_vl,1.0,,16x9_g12x12_smaxc_i0001
sstk_image_2037204581,3:4,keep_full,5,0.0,qwen25_vl,1.0,,3x4_g12x12_smaxc_i0001
sstk_image_2037204581,4:3,keep_full,5,0.0,qwen25_vl,1.0,,4x3_g12x12_smaxc_i0001
sstk_image_780871396,1:1,keep_full,5,0.0,qwen25_vl,0.5095119999999999,,1x1_g12x12_smaxc_i0001
sstk_image_780871396,9:16,keep_full,5,0.0,qwen25_vl,1.0,,9x16_g12x12_smaxc_i0001
sstk_image_780871396,16:9,crop,5,0.0,qwen25_vl,1.0,,16x9_g12x12_smaxc_i0001
sstk_image_780871396,3:4,keep_full,5,0.0,qwen25_vl,0.5404260000000001,,3x4_g12x12_smaxc_i0001
sstk_image_780871396,4:3,keep_full,5,0.0,qwen25_vl,1.0,,4x3_g12x12_smaxc_i0001
sstk_image_2324925683,1:1,keep_full,5,0.0,qwen25_vl,1.0,,1x1_g12x12_smaxc_i0001
sstk_image_2324925683,9:16,keep_full,5,0.0,qwen25_vl,0.5,,9x16_g12x12_smaxc_i0001
sstk_image_2324925683,16:9,keep_full,5,0.0,qwen25_vl,0.5434669999999999,,16x9_g12x12_smaxc_i0001
sstk_image_2324925683,3:4,keep_full,5,0.0,qwen25_vl,1.0,,3x4_g12x12_smaxc_i0001
sstk_image_2324925683,4:3,keep_full,5,0.0,qwen25_vl,0.5,,4x3_g12x12_smaxc_i0001
sstk_image_13861606,1:1,crop,5,0.0,qwen25_vl,1.0,,1x1_g12x12_smaxc_i0001
sstk_image_13861606,9:16,crop,5,0.0,qwen25_vl,1.0,,9x16_g12x12_smaxc_i0001
sstk_image_13861606,16:9,keep_full,5,0.0,qwen25_vl,0.5,,16x9_g12x12_smaxc_i0001
sstk_image_13861606,3:4,crop,5,0.0,qwen25_vl,1.0,,3x4_g12x12_smaxc_i0001
sstk_image_13861606,4:3,crop,5,0.0,qwen25_vl,1.0,,4x3_g12x12_steach_cgs_proj0_i0001
bigstock_image_141430643,1:1,keep_full,5,0.0,qwen25_vl,0.5,,1x1_g12x12_smaxc_i0001
bigstock_image_141430643,9:16,keep_full,5,0.0,qwen25_vl,0.511193,,9x16_g12x12_smaxc_i0001
bigstock_image_141430643,16:9,crop,5,0.0,qwen25_vl,1.0,,16x9_g12x12_smaxc_i0001
bigstock_image_141430643,3:4,keep_full,5,0.0,qwen25_vl,0.5447919999999999,,3x4_g12x12_smaxc_i0001
bigstock_image_141430643,4:3,crop,5,0.0,qwen25_vl,1.0,,4x3_g12x12_smaxc_i0001
sstk_image_2220697817,1:1,crop,5,0.0,qwen25_vl,1.0,,1x1_g12x12_smaxc_i0001
sstk_image_2220697817,9:16,crop,5,0.0,qwen25_vl,1.0,,9x16_g12x12_smaxc_i0001
sstk_image_2220697817,16:9,keep_full,5,0.0,qwen25_vl,0.5,,16x9_g12x12_smaxc_i0001
sstk_image_2220697817,3:4,crop,5,0.0,qwen25_vl,1.0,,3x4_g12x12_smaxc_i0001
sstk_image_2220697817,4:3,keep_full,5,0.0,qwen25_vl,0.5,,4x3_g12x12_smaxc_i0001
pond5_image_235098294,1:1,crop,5,0.0,qwen25_vl,0.510408,,1x1_g12x12_smaxc_i0001
pond5_image_235098294,9:16,crop,5,0.0,qwen25_vl,1.0,,9x16_g12x12_smaxc_i0001
pond5_image_235098294,16:9,keep_full,5,0.0,qwen25_vl,0.5372540000000001,,16x9_g12x12_smaxc_i0001
pond5_image_235098294,3:4,keep_full,5,0.0,qwen25_vl,0.5,,3x4_g12x12_smaxc_i0001
pond5_image_235098294,4:3,keep_full,5,0.0,qwen25_vl,0.5214619999999999,,4x3_g12x12_smaxc_i0001
sstk_image_1015257178,1:1,crop,5,0.0,qwen25_vl,1.0,,1x1_g12x12_smaxc_i0001
sstk_image_1015257178,9:16,keep_full,5,0.0,qwen25_vl,0.5,,9x16_g12x12_smaxc_i0001
sstk_image_1015257178,16:9,crop,5,0.0,qwen25_vl,0.5,,16x9_g12x12_smaxc_i0001
sstk_image_1015257178,3:4,keep_full,5,0.0,qwen25_vl,1.0,,3x4_g12x12_smaxc_i0001
sstk_image_1015257178,4:3,crop,5,0.0,qwen25_vl,0.5,,4x3_g12x12_smaxc_i0001
sstk_image_544799479,1:1,crop,5,0.0,qwen25_vl,1.0,,1x1_g12x12_smaxc_i0001
sstk_image_544799479,9:16,crop,5,0.0,qwen25_vl,1.0,,9x16_g12x12_smaxc_i0001
sstk_image_544799479,16:9,keep_full,5,0.0,qwen25_vl,1.0,,16x9_g12x12_smaxc_i0001
sstk_image_544799479,3:4,crop,5,0.0,qwen25_vl,1.0,,3x4_g12x12_smaxc_i0001
sstk_image_544799479,4:3,keep_full,5,0.0,qwen25_vl,0.5467970000000002,,4x3_g12x12_smaxc_i0001
sstk_image_2074043969,1:1,crop,5,0.0,qwen25_vl,1.0,,1x1_g12x12_smaxc_i0001
sstk_image_2074043969,9:16,crop,5,0.0,qwen25_vl,0.9303349999999999,,9x16_g12x12_smaxc_i0001
sstk_image_2074043969,16:9,crop,5,0.0,qwen25_vl,1.0,,16x9_g12x12_smaxc_i0001
sstk_image_2074043969,3:4,crop,5,0.0,qwen25_vl,1.0,,3x4_g12x12_smaxc_i0001
sstk_image_2074043969,4:3,crop,5,0.0,qwen25_vl,1.0,,4x3_g12x12_smaxc_i0001
sstk_image_499637044,1:1,keep_full,5,0.0,qwen25_vl,1.0,,1x1_g12x12_smaxc_i0001
sstk_image_499637044,9:16,keep_full,5,0.0,qwen25_vl,1.0,,9x16_g12x12_smaxc_i0001
sstk_image_499637044,16:9,crop,5,0.0,qwen25_vl,0.8517009999999998,,16x9_g12x12_smaxc_i0001
sstk_image_499637044,3:4,keep_full,5,0.0,qwen25_vl,1.0,,3x4_g12x12_smaxc_i0001
sstk_image_499637044,4:3,keep_full,5,0.0,qwen25_vl,1.0,,4x3_g12x12_smaxc_i0001
pond5_image_159793518,1:1,crop,5,0.0,qwen25_vl,0.5,,1x1_g12x12_smaxc_i0001
pond5_image_159793518,9:16,crop,5,0.0,qwen25_vl,1.0,,9x16_g12x12_smaxc_i0001
pond5_image_159793518,16:9,keep_full,5,0.0,qwen25_vl,0.5,,16x9_g12x12_smaxc_i0001
pond5_image_159793518,3:4,crop,5,0.0,qwen25_vl,1.0,,3x4_g12x12_smaxc_i0001
pond5_image_159793518,4:3,keep_full,5,0.0,qwen25_vl,0.5,,4x3_g12x12_smaxc_i0001
sstk_image_1432622789,1:1,keep_full,5,0.0,qwen25_vl,0.5217079999999998,,1x1_g12x12_smaxc_i0001
sstk_image_1432622789,9:16,keep_full,5,0.0,qwen25_vl,1.0,,9x16_g12x12_smx1_i0003
sstk_image_1432622789,16:9,keep_full,5,0.0,qwen25_vl,0.5,,16x9_g12x12_smaxc_i0001
sstk_image_1432622789,3:4,keep_full,5,0.0,qwen25_vl,0.5304389999999999,,3x4_g12x12_smaxc_i0001
sstk_image_1432622789,4:3,keep_full,5,0.0,qwen25_vl,0.5154830000000001,,4x3_g12x12_smaxc_i0001
sstk_image_56902966,1:1,crop,5,0.0,qwen25_vl,1.0,,1x1_g12x12_smaxc_i0001
sstk_image_56902966,9:16,crop,5,0.0,qwen25_vl,1.0,,9x16_g12x12_smaxc_i0001
sstk_image_56902966,16:9,keep_full,5,0.0,qwen25_vl,0.522294,,16x9_g12x12_smaxc_i0001
sstk_image_56902966,3:4,crop,5,0.0,qwen25_vl,1.0,,3x4_g12x12_smaxc_i0001
sstk_image_56902966,4:3,keep_full,5,0.0,qwen25_vl,0.5509599999999999,,4x3_g12x12_smaxc_i0001
sstk_image_1932230714,1:1,crop,5,0.0,qwen25_vl,0.5,,1x1_g12x12_steach_cacnet_proj0_i0001
sstk_image_1932230714,9:16,keep_full,5,0.0,qwen25_vl,1.0,,9x16_g12x12_smaxc_i0001
sstk_image_1932230714,16:9,keep_full,5,0.0,qwen25_vl,1.0,,16x9_g12x12_smaxc_i0001
sstk_image_1932230714,3:4,keep_full,5,0.0,qwen25_vl,1.0,,3x4_g12x12_smaxc_i0001
sstk_image_1932230714,4:3,keep_full,5,0.0,qwen25_vl,0.9616350000000002,,4x3_g12x12_smaxc_i0001
sstk_image_1141204904,1:1,crop,5,0.0,qwen25_vl,1.0,,1x1_g12x12_smaxc_i0001
sstk_image_1141204904,9:16,keep_full,5,0.0,qwen25_vl,0.5,,9x16_g12x12_smaxc_i0001
sstk_image_1141204904,16:9,keep_full,5,0.0,qwen25_vl,0.546027,,16x9_g12x12_smaxc_i0001
sstk_image_1141204904,3:4,crop,5,0.0,qwen25_vl,1.0,,3x4_g12x12_smaxc_i0001
sstk_image_1141204904,4:3,keep_full,5,0.0,qwen25_vl,0.5,,4x3_g12x12_smaxc_i0001
sstk_image_1358597198,1:1,keep_full,5,0.0,qwen25_vl,0.5,,1x1_g12x12_smaxc_i0001
sstk_image_1358597198,9:16,crop,5,0.0,qwen25_vl,1.0,,9x16_g12x12_smaxc_i0001
sstk_image_1358597198,16:9,keep_full,5,0.0,qwen25_vl,0.5121009999999999,,16x9_g12x12_smaxc_i0001
sstk_image_1358597198,3:4,keep_full,5,0.0,qwen25_vl,1.0,,3x4_g12x12_smaxc_i0001
sstk_image_1358597198,4:3,keep_full,5,0.0,qwen25_vl,0.5350160000000002,,4x3_g12x12_smaxc_i0001
sstk_image_154906778,1:1,keep_full,5,0.0,qwen25_vl,0.507797,,1x1_g12x12_smaxc_i0001
sstk_image_154906778,9:16,crop,5,0.0,qwen25_vl,1.0,,9x16_g12x12_smaxc_i0001
sstk_image_154906778,16:9,keep_full,5,0.0,qwen25_vl,0.5265819999999999,,16x9_g12x12_smaxc_i0001
sstk_image_154906778,3:4,keep_full,5,0.0,qwen25_vl,0.5,,3x4_g12x12_smaxc_i0001
sstk_image_154906778,4:3,keep_full,5,0.0,qwen25_vl,0.5078860000000001,,4x3_g12x12_smaxc_i0001
sstk_image_1806427690,1:1,crop,5,0.0,qwen25_vl,1.0,,1x1_g12x12_smaxc_i0001
sstk_image_1806427690,9:16,crop,5,0.0,qwen25_vl,0.5,,9x16_g12x12_smaxc_i0001
sstk_image_1806427690,16:9,crop,5,0.0,qwen25_vl,1.0,,16x9_g12x12_steach_cgs_proj0_i0001
sstk_image_1806427690,3:4,crop,5,0.0,qwen25_vl,0.5,,3x4_g12x12_smaxc_i0001
sstk_image_1806427690,4:3,crop,5,0.0,qwen25_vl,1.0,,4x3_g12x12_smaxc_i0001
pond5_image_85044509,1:1,keep_full,5,0.0,qwen25_vl,1.0,,1x1_g12x12_smaxc_i0001
pond5_image_85044509,9:16,keep_full,5,0.0,qwen25_vl,1.0,,9x16_g12x12_smaxc_i0001
pond5_image_85044509,16:9,keep_full,5,0.0,qwen25_vl,1.0,,16x9_g12x12_smaxc_i0001
pond5_image_85044509,3:4,keep_full,5,0.0,qwen25_vl,1.0,,3x4_g12x12_smaxc_i0001
pond5_image_85044509,4:3,keep_full,5,0.0,qwen25_vl,1.0,,4x3_g12x12_smaxc_i0001
sstk_image_1836304996,1:1,keep_full,3,0.0,qwen25_vl,0.5,,1x1_g12x12_smaxc_i0001
sstk_image_1836304996,9:16,keep_full,5,0.0,qwen25_vl,0.549261,,9x16_g12x12_smaxc_i0001
sstk_image_1836304996,16:9,crop,5,0.0,qwen25_vl,1.0,,16x9_g12x12_s1_i0052
sstk_image_1836304996,3:4,keep_full,5,0.0,qwen25_vl,0.52478,,3x4_g12x12_smaxc_i0001
sstk_image_1836304996,4:3,crop,5,0.0,qwen25_vl,1.0,,4x3_g12x12_steach_cgs_jit0_10_i0012
sstk_image_482365609,1:1,keep_full,5,0.0,qwen25_vl,0.5,,1x1_g12x12_smaxc_i0001
sstk_image_482365609,9:16,crop,5,0.0,qwen25_vl,1.0,,9x16_g12x12_smaxc_i0001
sstk_image_482365609,16:9,keep_full,5,0.0,qwen25_vl,0.510845,,16x9_g12x12_smaxc_i0001
sstk_image_482365609,3:4,crop,5,0.0,qwen25_vl,0.5,,3x4_g12x12_smaxc_i0001
sstk_image_482365609,4:3,keep_full,5,0.0,qwen25_vl,0.508013,,4x3_g12x12_smaxc_i0001
sstk_image_310515425,1:1,keep_full,5,0.0,qwen25_vl,1.0,,1x1_g12x12_smaxc_i0001
sstk_image_310515425,9:16,keep_full,5,0.0,qwen25_vl,1.0,,9x16_g12x12_smx1_i0003
sstk_image_310515425,16:9,keep_full,5,0.0,qwen25_vl,0.5,,16x9_g12x12_smaxc_i0001
sstk_image_310515425,3:4,crop,3,0.0,qwen25_vl,1.0,,3x4_g12x12_steach_cgs_jit0_15_i0006
sstk_image_310515425,4:3,crop,5,0.0,qwen25_vl,0.541669,,4x3_g12x12_steach_cacnet_proj0_i0001
sstk_image_329267054,1:1,keep_full,5,0.0,qwen25_vl,0.5,,1x1_g12x12_smaxc_i0001
sstk_image_329267054,9:16,crop,5,0.0,qwen25_vl,1.0,,9x16_g12x12_smaxc_i0001
sstk_image_329267054,16:9,keep_full,5,0.0,qwen25_vl,0.5142390000000001,,16x9_g12x12_smaxc_i0001
sstk_image_329267054,3:4,keep_full,5,0.0,qwen25_vl,0.5,,3x4_g12x12_smaxc_i0001
sstk_image_329267054,4:3,keep_full,5,0.0,qwen25_vl,0.500532,,4x3_g12x12_smaxc_i0001
bigstock_image_312521860,1:1,crop,5,0.0,qwen25_vl,1.0,,1x1_g12x12_smx1_i0003
bigstock_image_312521860,9:16,crop,5,0.0,qwen25_vl,1.0,,9x16_g12x12_smx1_i0003
bigstock_image_312521860,16:9,keep_full,5,0.0,qwen25_vl,0.5,,16x9_g12x12_smaxc_i0001
bigstock_image_312521860,3:4,crop,5,0.0,qwen25_vl,1.0,,3x4_g12x12_smx1_i0003
bigstock_image_312521860,4:3,crop,5,0.0,qwen25_vl,1.0,,4x3_g12x12_smx1_i0003
pond5_image_157230647,1:1,keep_full,4,0.0,qwen25_vl,1.0,,1x1_g12x12_smx1_i0003
pond5_image_157230647,9:16,keep_full,5,0.0,qwen25_vl,1.0,,9x16_g12x12_smx1_i0003
pond5_image_157230647,16:9,keep_full,5,0.0,qwen25_vl,1.0,,16x9_g12x12_smaxc_i0001
pond5_image_157230647,3:4,keep_full,1,0.0,qwen25_vl,0.5,,3x4_g12x12_smx0_i0002
pond5_image_157230647,4:3,keep_full,5,0.0,qwen25_vl,0.5,,4x3_g12x12_smaxc_i0001
bigstock_image_446466827,1:1,crop,5,0.0,qwen25_vl,1.0,,1x1_g12x12_steach_cgs_proj0_i0001
bigstock_image_446466827,9:16,crop,5,0.0,qwen25_vl,1.0,,9x16_g12x12_smaxc_i0001
bigstock_image_446466827,16:9,crop,5,0.0,qwen25_vl,1.0,,16x9_g12x12_s3_i0039
bigstock_image_446466827,3:4,keep_full,5,0.0,qwen25_vl,0.5,,3x4_g12x12_smaxc_i0001
bigstock_image_446466827,4:3,keep_full,5,0.0,qwen25_vl,1.0,,4x3_g12x12_smy0_i0002
sstk_image_1223914993,1:1,crop,5,0.0,qwen25_vl,1.0,,1x1_g12x12_smaxc_i0001
sstk_image_1223914993,9:16,crop,5,0.0,qwen25_vl,1.0,,9x16_g12x12_smaxc_i0001
sstk_image_1223914993,16:9,crop,5,0.0,qwen25_vl,1.0,,16x9_g12x12_smaxc_i0001
sstk_image_1223914993,3:4,crop,5,0.0,qwen25_vl,0.5,,3x4_g12x12_smaxc_i0001
sstk_image_1223914993,4:3,keep_full,5,0.0,qwen25_vl,1.0,,4x3_g12x12_smaxc_i0001
pond5_image_69024219,1:1,keep_full,5,0.0,qwen25_vl,0.5,,1x1_g12x12_smaxc_i0001
pond5_image_69024219,9:16,keep_full,5,0.0,qwen25_vl,0.9023089999999989,,9x16_g12x12_smx1_i0003
pond5_image_69024219,16:9,keep_full,5,0.0,qwen25_vl,1.0,,16x9_g12x12_smy0_i0002
pond5_image_69024219,3:4,crop,2,0.0,qwen25_vl,0.6283799999999999,,3x4_g12x12_sjit0_i0025
pond5_image_69024219,4:3,keep_full,5,0.0,qwen25_vl,1.0,,4x3_g12x12_smaxc_i0001
bigstock_image_247074340,1:1,keep_full,5,0.0,qwen25_vl,0.5,,1x1_g12x12_smaxc_i0001
bigstock_image_247074340,9:16,keep_full,5,0.0,qwen25_vl,1.0,,9x16_g12x12_smaxc_i0001
bigstock_image_247074340,16:9,keep_full,5,0.0,qwen25_vl,0.5,,16x9_g12x12_smaxc_i0001
bigstock_image_247074340,3:4,keep_full,5,0.0,qwen25_vl,1.0,,3x4_g12x12_smaxc_i0001
bigstock_image_247074340,4:3,keep_full,5,0.0,qwen25_vl,0.5,,4x3_g12x12_smaxc_i0001
sstk_image_1620013807,1:1,keep_full,5,0.0,qwen25_vl,0.515555,,1x1_g12x12_smaxc_i0001
sstk_image_1620013807,9:16,keep_full,5,0.0,qwen25_vl,0.5508979999999999,,9x16_g12x12_smaxc_i0001
sstk_image_1620013807,16:9,keep_full,5,0.0,qwen25_vl,0.5,,16x9_g12x12_smaxc_i0001
sstk_image_1620013807,3:4,keep_full,5,0.0,qwen25_vl,0.576713,,3x4_g12x12_smaxc_i0001
sstk_image_1620013807,4:3,keep_full,5,0.0,qwen25_vl,0.517708,,4x3_g12x12_smaxc_i0001
sstk_image_1291273093,1:1,crop,5,0.0,qwen25_vl,0.5,,1x1_g12x12_smaxc_i0001
sstk_image_1291273093,9:16,keep_full,5,0.0,qwen25_vl,1.0,,9x16_g12x12_smaxc_i0001
sstk_image_1291273093,16:9,keep_full,5,0.0,qwen25_vl,0.5,,16x9_g12x12_smaxc_i0001
sstk_image_1291273093,3:4,keep_full,5,0.0,qwen25_vl,0.8314549999999999,,3x4_g12x12_smaxc_i0001
sstk_image_1291273093,4:3,keep_full,5,0.0,qwen25_vl,0.563333,,4x3_g12x12_smaxc_i0001
sstk_image_1823272121,1:1,crop,5,0.0,qwen25_vl,1.0,,1x1_g12x12_smaxc_i0001
sstk_image_1823272121,9:16,crop,5,0.0,qwen25_vl,0.504556,,9x16_g12x12_smx1_i0003
sstk_image_1823272121,16:9,crop,5,0.0,qwen25_vl,1.0,,16x9_g12x12_smaxc_i0001
sstk_image_1823272121,3:4,crop,5,0.0,qwen25_vl,0.580208,,3x4_g12x12_smx0_i0002
sstk_image_1823272121,4:3,keep_full,5,0.0,qwen25_vl,0.52427,,4x3_g12x12_smaxc_i0001
sstk_image_504561433,1:1,keep_full,5,0.0,qwen25_vl,1.0,,1x1_g12x12_smaxc_i0001
sstk_image_504561433,9:16,crop,5,0.0,qwen25_vl,1.0,,9x16_g12x12_smx1_i0003
sstk_image_504561433,16:9,keep_full,5,0.0,qwen25_vl,1.0,,16x9_g12x12_smy1_i0003
sstk_image_504561433,3:4,keep_full,1,0.0,qwen25_vl,0.5,,3x4_g12x12_sjit0_i0023
sstk_image_504561433,4:3,keep_full,5,0.0,qwen25_vl,0.5,,4x3_g12x12_smaxc_i0001
sstk_image_1905756838,1:1,keep_full,5,0.0,qwen25_vl,0.509986,,1x1_g12x12_smaxc_i0001
sstk_image_1905756838,9:16,keep_full,5,0.0,qwen25_vl,0.504284,,9x16_g12x12_smaxc_i0001
sstk_image_1905756838,16:9,keep_full,5,0.0,qwen25_vl,0.5,,16x9_g12x12_smaxc_i0001
sstk_image_1905756838,3:4,keep_full,5,0.0,qwen25_vl,0.5,,3x4_g12x12_smaxc_i0001
sstk_image_1905756838,4:3,crop,5,0.0,qwen25_vl,0.5475789999999998,,4x3_g12x12_steach_cacnet_proj0_i0001
bigstock_image_2789802,1:1,crop,5,0.0,qwen25_vl,1.0,,1x1_g12x12_smaxc_i0001
bigstock_image_2789802,9:16,keep_full,5,0.0,qwen25_vl,1.0,,9x16_g12x12_smaxc_i0001
bigstock_image_2789802,16:9,keep_full,5,0.0,qwen25_vl,0.5,,16x9_g12x12_smaxc_i0001
bigstock_image_2789802,3:4,keep_full,5,0.0,qwen25_vl,0.5,,3x4_g12x12_smaxc_i0001
bigstock_image_2789802,4:3,keep_full,5,0.0,qwen25_vl,0.5,,4x3_g12x12_smaxc_i0001
sstk_image_2019627236,1:1,crop,5,0.0,qwen25_vl,1.0,,1x1_g12x12_smaxc_i0001
sstk_image_2019627236,9:16,crop,5,0.0,qwen25_vl,1.0,,9x16_g12x12_smaxc_i0001
sstk_image_2019627236,16:9,keep_full,5,0.0,qwen25_vl,1.0,,16x9_g12x12_smaxc_i0001
sstk_image_2019627236,3:4,crop,5,0.0,qwen25_vl,1.0,,3x4_g12x12_smaxc_i0001
sstk_image_2019627236,4:3,keep_full,5,0.0,qwen25_vl,1.0,,4x3_g12x12_smaxc_i0001
bigstock_image_337885774,1:1,keep_full,5,0.0,qwen25_vl,0.5,,1x1_g12x12_smaxc_i0001
bigstock_image_337885774,9:16,crop,5,0.0,qwen25_vl,1.0,,9x16_g12x12_smaxc_i0001
bigstock_image_337885774,16:9,keep_full,5,0.0,qwen25_vl,0.5246009999999999,,16x9_g12x12_smaxc_i0001
bigstock_image_337885774,3:4,keep_full,5,0.0,qwen25_vl,1.0,,3x4_g12x12_smaxc_i0001
bigstock_image_337885774,4:3,keep_full,5,0.0,qwen25_vl,0.5354110000000001,,4x3_g12x12_smaxc_i0001
bigstock_image_420463162,1:1,keep_full,5,0.0,qwen25_vl,1.0,,1x1_g12x12_smx1_i0002
bigstock_image_420463162,9:16,keep_full,5,0.0,qwen25_vl,1.0,,9x16_g12x12_smx1_i0003
bigstock_image_420463162,16:9,crop,5,0.0,qwen25_vl,1.0,,16x9_g12x12_smy2_i0003
bigstock_image_420463162,3:4,crop,5,0.0,qwen25_vl,1.0,,3x4_g12x12_smx1_i0003
bigstock_image_420463162,4:3,keep_full,5,0.0,qwen25_vl,1.0,,4x3_g12x12_smx0_i0002
bigstock_image_312692500,1:1,keep_full,5,0.0,qwen25_vl,0.523655,,1x1_g12x12_smaxc_i0001
bigstock_image_312692500,9:16,keep_full,5,0.0,qwen25_vl,0.5398350000000001,,9x16_g12x12_smaxc_i0001
bigstock_image_312692500,16:9,keep_full,5,0.0,qwen25_vl,0.5,,16x9_g12x12_smaxc_i0001
bigstock_image_312692500,3:4,keep_full,5,0.0,qwen25_vl,0.5626799999999998,,3x4_g12x12_smaxc_i0001
bigstock_image_312692500,4:3,keep_full,5,0.0,qwen25_vl,1.0,,4x3_g12x12_smaxc_i0001
bigstock_image_356369255,1:1,crop,5,0.0,qwen25_vl,0.5,,1x1_g12x12_smaxc_i0001
bigstock_image_356369255,9:16,crop,1,0.0,qwen25_vl,0.5,,9x16_g12x12_s1_i0040
bigstock_image_356369255,16:9,keep_full,5,0.0,qwen25_vl,1.0,,16x9_g12x12_smaxc_i0001
bigstock_image_356369255,3:4,keep_full,2,0.0,qwen25_vl,1.0,,3x4_g12x12_smx1_i0003
bigstock_image_356369255,4:3,keep_full,5,0.0,qwen25_vl,0.5,,4x3_g12x12_smaxc_i0001
bigstock_image_367294303,1:1,crop,5,0.0,qwen25_vl,1.0,,1x1_g12x12_steach_cacnet_proj0_i0005
bigstock_image_367294303,9:16,crop,3,0.0,qwen25_vl,0.812522,,9x16_g12x12_steach_cacnet_jit0_15_i0005
bigstock_image_367294303,16:9,crop,5,0.0,qwen25_vl,1.0,,16x9_g12x12_smaxc_i0001
bigstock_image_367294303,3:4,crop,5,0.0,qwen25_vl,1.0,,3x4_g12x12_smaxc_i0001
bigstock_image_367294303,4:3,crop,1,0.0,qwen25_vl,0.5,,4x3_g12x12_s2_i0035
sstk_image_367241744,1:1,crop,5,0.0,qwen25_vl,1.0,,1x1_g12x12_smaxc_i0001
sstk_image_367241744,9:16,crop,5,0.0,qwen25_vl,1.0,,9x16_g12x12_smaxc_i0001
sstk_image_367241744,16:9,crop,5,0.0,qwen25_vl,1.0,,16x9_g12x12_smaxc_i0001
sstk_image_367241744,3:4,crop,5,0.0,qwen25_vl,1.0,,3x4_g12x12_smaxc_i0001
sstk_image_367241744,4:3,crop,5,0.0,qwen25_vl,1.0,,4x3_g12x12_smaxc_i0001
pond5_image_54716864,1:1,keep_full,5,0.0,qwen25_vl,0.9189419999999999,,1x1_g12x12_smaxc_i0001
pond5_image_54716864,9:16,keep_full,5,0.0,qwen25_vl,0.5,,9x16_g12x12_smaxc_i0001
pond5_image_54716864,16:9,keep_full,5,0.0,qwen25_vl,0.9023960000000002,,16x9_g12x12_smaxc_i0001
pond5_image_54716864,3:4,keep_full,5,0.0,qwen25_vl,0.5,,3x4_g12x12_smaxc_i0001
pond5_image_54716864,4:3,keep_full,5,0.0,qwen25_vl,1.0,,4x3_g12x12_smaxc_i0001
bigstock_image_61750514,1:1,keep_full,5,0.0,qwen25_vl,1.0,,1x1_g12x12_smaxc_i0001
bigstock_image_61750514,9:16,keep_full,5,0.0,qwen25_vl,0.5,,9x16_g12x12_smaxc_i0001
bigstock_image_61750514,16:9,keep_full,5,0.0,qwen25_vl,0.5,,16x9_g12x12_smaxc_i0001
bigstock_image_61750514,3:4,keep_full,5,0.0,qwen25_vl,1.0,,3x4_g12x12_smaxc_i0001
bigstock_image_61750514,4:3,keep_full,5,0.0,qwen25_vl,0.821206,,4x3_g12x12_smaxc_i0001
sstk_image_433987747,1:1,crop,5,0.0,qwen25_vl,0.5,,1x1_g12x12_smaxc_i0001
sstk_image_433987747,9:16,crop,5,0.0,qwen25_vl,1.0,,9x16_g12x12_smaxc_i0001
sstk_image_433987747,16:9,crop,5,0.0,qwen25_vl,0.5354860000000001,,16x9_g12x12_smaxc_i0001
sstk_image_433987747,3:4,crop,5,0.0,qwen25_vl,0.5,,3x4_g12x12_smaxc_i0001
sstk_image_433987747,4:3,crop,5,0.0,qwen25_vl,0.530146,,4x3_g12x12_smaxc_i0001
sstk_image_1730639914,1:1,crop,5,0.0,qwen25_vl,1.0,,1x1_g12x12_smaxc_i0001
sstk_image_1730639914,9:16,crop,5,0.0,qwen25_vl,1.0,,9x16_g12x12_smaxc_i0001
sstk_image_1730639914,16:9,crop,5,0.0,qwen25_vl,1.0,,16x9_g12x12_smaxc_i0001
sstk_image_1730639914,3:4,crop,5,0.0,qwen25_vl,1.0,,3x4_g12x12_smaxc_i0001
sstk_image_1730639914,4:3,crop,5,0.0,qwen25_vl,1.0,,4x3_g12x12_smaxc_i0001
pond5_image_221479036,1:1,keep_full,5,0.0,qwen25_vl,1.0,,1x1_g12x12_smaxc_i0001
pond5_image_221479036,9:16,keep_full,5,0.0,qwen25_vl,0.5,,9x16_g12x12_smaxc_i0001
pond5_image_221479036,16:9,keep_full,5,0.0,qwen25_vl,0.5,,16x9_g12x12_smaxc_i0001
pond5_image_221479036,3:4,keep_full,5,0.0,qwen25_vl,0.5,,3x4_g12x12_smaxc_i0001
pond5_image_221479036,4:3,keep_full,5,0.0,qwen25_vl,1.0,,4x3_g12x12_smaxc_i0001
pond5_image_169823295,1:1,keep_full,5,0.0,qwen25_vl,1.0,,1x1_g12x12_smaxc_i0001
pond5_image_169823295,9:16,keep_full,5,0.0,qwen25_vl,1.0,,9x16_g12x12_smaxc_i0001
pond5_image_169823295,16:9,keep_full,5,0.0,qwen25_vl,1.0,,16x9_g12x12_smaxc_i0001
pond5_image_169823295,3:4,keep_full,5,0.0,qwen25_vl,1.0,,3x4_g12x12_smaxc_i0001
pond5_image_169823295,4:3,crop,5,0.0,qwen25_vl,0.817993,,4x3_g12x12_steach_cacnet_proj0_i0001
pond5_image_106954165,1:1,keep_full,5,0.0,qwen25_vl,0.5,,1x1_g12x12_smaxc_i0001
pond5_image_106954165,9:16,keep_full,1,0.0,qwen25_vl,0.5,,9x16_g12x12_smx1_i0003
pond5_image_106954165,16:9,keep_full,5,0.0,qwen25_vl,1.0,,16x9_g12x12_smaxc_i0001
pond5_image_106954165,3:4,keep_full,3,0.0,qwen25_vl,1.0,,3x4_g12x12_smx1_i0003
pond5_image_106954165,4:3,keep_full,5,0.0,qwen25_vl,0.5,,4x3_g12x12_smaxc_i0001
sstk_image_1772011034,1:1,crop,5,0.0,qwen25_vl,1.0,,1x1_g12x12_smaxc_i0001
sstk_image_1772011034,9:16,crop,5,0.0,qwen25_vl,1.0,,9x16_g12x12_smaxc_i0001
sstk_image_1772011034,16:9,crop,5,0.0,qwen25_vl,1.0,,16x9_g12x12_s1_i0023
sstk_image_1772011034,3:4,crop,5,0.0,qwen25_vl,1.0,,3x4_g12x12_steach_cgs_proj0_i0001
sstk_image_1772011034,4:3,keep_full,5,0.0,qwen25_vl,1.0,,4x3_g12x12_smy0_i0002
sstk_image_2046983237,1:1,keep_full,5,0.0,qwen25_vl,1.0,,1x1_g12x12_smaxc_i0001
sstk_image_2046983237,9:16,crop,5,0.0,qwen25_vl,1.0,,9x16_g12x12_smaxc_i0001
sstk_image_2046983237,16:9,crop,5,0.0,qwen25_vl,1.0,,16x9_g12x12_smy0_i0002
sstk_image_2046983237,3:4,keep_full,5,0.0,qwen25_vl,1.0,,3x4_g12x12_smaxc_i0001
sstk_image_2046983237,4:3,crop,1,0.0,qwen25_vl,0.5,,4x3_g12x12_steach_cgs_jit0_12_i0005
pond5_image_66445307,1:1,crop,5,0.0,qwen25_vl,1.0,,1x1_g12x12_smaxc_i0001
pond5_image_66445307,9:16,crop,5,0.0,qwen25_vl,1.0,,9x16_g12x12_smaxc_i0001
pond5_image_66445307,16:9,crop,5,0.0,qwen25_vl,1.0,,16x9_g12x12_smaxc_i0001
pond5_image_66445307,3:4,crop,5,0.0,qwen25_vl,1.0,,3x4_g12x12_smaxc_i0001
pond5_image_66445307,4:3,crop,5,0.0,qwen25_vl,1.0,,4x3_g12x12_smaxc_i0001
sstk_image_2213946367,1:1,crop,5,0.0,qwen25_vl,0.5,,1x1_g12x12_smaxc_i0001
sstk_image_2213946367,9:16,crop,5,0.0,qwen25_vl,1.0,,9x16_g12x12_smaxc_i0001
sstk_image_2213946367,16:9,crop,5,0.0,qwen25_vl,1.0,,16x9_g12x12_steach_cacnet_proj0_i0001
sstk_image_2213946367,3:4,crop,5,0.0,qwen25_vl,1.0,,3x4_g12x12_smaxc_i0001
sstk_image_2213946367,4:3,keep_full,5,0.0,qwen25_vl,0.5,,4x3_g12x12_smaxc_i0001
sstk_image_1862107621,1:1,keep_full,5,0.0,qwen25_vl,0.5060559999999998,,1x1_g12x12_smaxc_i0001
sstk_image_1862107621,9:16,keep_full,5,0.0,qwen25_vl,0.5,,9x16_g12x12_smaxc_i0001
sstk_image_1862107621,16:9,keep_full,5,0.0,qwen25_vl,0.523134,,16x9_g12x12_smaxc_i0001
sstk_image_1862107621,3:4,keep_full,5,0.0,qwen25_vl,0.512079,,3x4_g12x12_smaxc_i0001
sstk_image_1862107621,4:3,keep_full,5,0.0,qwen25_vl,0.500885,,4x3_g12x12_smaxc_i0001
bigstock_image_470393651,1:1,keep_full,5,0.0,qwen25_vl,0.5,,1x1_g12x12_smaxc_i0001
bigstock_image_470393651,9:16,keep_full,5,0.0,qwen25_vl,0.5,,9x16_g12x12_smaxc_i0001
bigstock_image_470393651,16:9,keep_full,5,0.0,qwen25_vl,0.5,,16x9_g12x12_smaxc_i0001
bigstock_image_470393651,3:4,keep_full,5,0.0,qwen25_vl,0.5,,3x4_g12x12_smaxc_i0001
bigstock_image_470393651,4:3,keep_full,5,0.0,qwen25_vl,0.5,,4x3_g12x12_smaxc_i0001
sstk_image_539427937,1:1,crop,5,0.0,qwen25_vl,0.5,,1x1_g12x12_steach_cgs_jit0_17_i0007
sstk_image_539427937,9:16,keep_full,5,0.0,qwen25_vl,0.5,,9x16_g12x12_smaxc_i0001
sstk_image_539427937,16:9,crop,3,0.0,qwen25_vl,0.5079419999999999,,16x9_g12x12_s0_i0070
sstk_image_539427937,3:4,keep_full,5,0.0,qwen25_vl,1.0,,3x4_g12x12_smy0_i0002
sstk_image_539427937,4:3,crop,1,0.0,qwen25_vl,0.5,,4x3_g12x12_s2_i0052
sstk_image_1440412796,1:1,keep_full,5,0.0,qwen25_vl,0.5,,1x1_g12x12_smaxc_i0001
sstk_image_1440412796,9:16,keep_full,5,0.0,qwen25_vl,1.0,,9x16_g12x12_smaxc_i0001
sstk_image_1440412796,16:9,keep_full,5,0.0,qwen25_vl,1.0,,16x9_g12x12_smaxc_i0001
sstk_image_1440412796,3:4,keep_full,5,0.0,qwen25_vl,0.97369,,3x4_g12x12_smaxc_i0001
sstk_image_1440412796,4:3,keep_full,5,0.0,qwen25_vl,1.0,,4x3_g12x12_smaxc_i0001
sstk_image_419317849,1:1,crop,5,0.0,qwen25_vl,1.0,,1x1_g12x12_smaxc_i0001
sstk_image_419317849,9:16,crop,5,0.0,qwen25_vl,1.0,,9x16_g12x12_smaxc_i0001
sstk_image_419317849,16:9,crop,5,0.0,qwen25_vl,1.0,,16x9_g12x12_smy1_i0003
sstk_image_419317849,3:4,crop,5,0.0,qwen25_vl,1.0,,3x4_g12x12_smaxc_i0001
sstk_image_419317849,4:3,keep_full,1,0.0,qwen25_vl,0.5,,4x3_g12x12_smy0_i0002
bigstock_image_253330429,1:1,keep_full,5,0.0,qwen25_vl,0.5,,1x1_g12x12_smaxc_i0001
bigstock_image_253330429,9:16,keep_full,5,0.0,qwen25_vl,0.5,,9x16_g12x12_smaxc_i0001
bigstock_image_253330429,16:9,keep_full,5,0.0,qwen25_vl,0.5535270000000001,,16x9_g12x12_smaxc_i0001
bigstock_image_253330429,3:4,keep_full,5,0.0,qwen25_vl,0.5,,3x4_g12x12_smaxc_i0001
bigstock_image_253330429,4:3,keep_full,5,0.0,qwen25_vl,0.564338,,4x3_g12x12_smaxc_i0001
sstk_image_754630714,1:1,keep_full,5,0.0,qwen25_vl,0.5,,1x1_g12x12_smaxc_i0001
sstk_image_754630714,9:16,keep_full,5,0.0,qwen25_vl,0.5,,9x16_g12x12_smaxc_i0001
sstk_image_754630714,16:9,keep_full,5,0.0,qwen25_vl,1.0,,16x9_g12x12_smaxc_i0001
sstk_image_754630714,3:4,keep_full,5,0.0,qwen25_vl,0.5,,3x4_g12x12_smaxc_i0001
sstk_image_754630714,4:3,keep_full,5,0.0,qwen25_vl,0.5,,4x3_g12x12_smaxc_i0001
sstk_image_652820224,1:1,keep_full,5,0.0,qwen25_vl,0.5,,1x1_g12x12_smaxc_i0001
sstk_image_652820224,9:16,keep_full,5,0.0,qwen25_vl,0.531776,,9x16_g12x12_smaxc_i0001
sstk_image_652820224,16:9,crop,5,0.0,qwen25_vl,0.504115,,16x9_g12x12_smy1_i0003
sstk_image_652820224,3:4,keep_full,5,0.0,qwen25_vl,0.5,,3x4_g12x12_smaxc_i0001
sstk_image_652820224,4:3,keep_full,5,0.0,qwen25_vl,0.5,,4x3_g12x12_smaxc_i0001
bigstock_image_76134065,1:1,keep_full,5,0.0,qwen25_vl,1.0,,1x1_g12x12_smx1_i0003
bigstock_image_76134065,9:16,crop,5,0.0,qwen25_vl,1.0,,9x16_g12x12_smx1_i0003
bigstock_image_76134065,16:9,keep_full,5,0.0,qwen25_vl,1.0,,16x9_g12x12_smy0_i0002
bigstock_image_76134065,3:4,crop,5,0.0,qwen25_vl,1.0,,3x4_g12x12_smx1_i0003
bigstock_image_76134065,4:3,keep_full,3,0.0,qwen25_vl,1.0,,4x3_g12x12_smaxc_i0001
sstk_image_269125625,1:1,crop,5,0.0,qwen25_vl,1.0,,1x1_g12x12_sjit2_i0021
sstk_image_269125625,9:16,keep_full,5,0.0,qwen25_vl,1.0,,9x16_g12x12_smaxc_i0001
sstk_image_269125625,16:9,crop,5,0.0,qwen25_vl,1.0,,16x9_g12x12_s1_i0024
sstk_image_269125625,3:4,keep_full,4,0.0,qwen25_vl,0.6085879999999999,,3x4_g12x12_smy0_i0002
sstk_image_269125625,4:3,keep_full,5,0.0,qwen25_vl,1.0,,4x3_g12x12_smy0_i0002
bigstock_image_109682993,1:1,keep_full,5,0.0,qwen25_vl,1.0,,1x1_g12x12_smaxc_i0001
bigstock_image_109682993,9:16,keep_full,5,0.0,qwen25_vl,1.0,,9x16_g12x12_smaxc_i0001
bigstock_image_109682993,16:9,crop,5,0.0,qwen25_vl,0.8997470000000001,,16x9_g12x12_smaxc_i0001
bigstock_image_109682993,3:4,keep_full,5,0.0,qwen25_vl,1.0,,3x4_g12x12_smaxc_i0001
bigstock_image_109682993,4:3,keep_full,5,0.0,qwen25_vl,1.0,,4x3_g12x12_smaxc_i0001
sstk_image_1690652533,1:1,crop,5,0.0,qwen25_vl,0.5,,1x1_g12x12_steach_cgs_proj0_i0001
sstk_image_1690652533,9:16,crop,5,0.0,qwen25_vl,1.0,,9x16_g12x12_smaxc_i0001
sstk_image_1690652533,16:9,crop,5,0.0,qwen25_vl,1.0,,16x9_g12x12_smaxc_i0001
sstk_image_1690652533,3:4,crop,5,0.0,qwen25_vl,1.0,,3x4_g12x12_smaxc_i0001
sstk_image_1690652533,4:3,keep_full,5,0.0,qwen25_vl,0.5,,4x3_g12x12_smaxc_i0001
pond5_image_139565425,1:1,keep_full,5,0.0,qwen25_vl,1.0,,1x1_g12x12_smx1_i0003
pond5_image_139565425,9:16,keep_full,5,0.0,qwen25_vl,1.0,,9x16_g12x12_smx1_i0003
pond5_image_139565425,16:9,crop,5,0.0,qwen25_vl,0.5,,16x9_g12x12_smaxc_i0001
pond5_image_139565425,3:4,keep_full,5,0.0,qwen25_vl,1.0,,3x4_g12x12_smx1_i0003
pond5_image_139565425,4:3,keep_full,4,0.0,qwen25_vl,0.5,,4x3_g12x12_smaxc_i0001
sstk_image_473924605,1:1,keep_full,5,0.0,qwen25_vl,1.0,,1x1_g12x12_smaxc_i0001
sstk_image_473924605,9:16,keep_full,5,0.0,qwen25_vl,1.0,,9x16_g12x12_smaxc_i0001
sstk_image_473924605,16:9,crop,5,0.0,qwen25_vl,0.8266610000000001,,16x9_g12x12_smaxc_i0001
sstk_image_473924605,3:4,crop,5,0.0,qwen25_vl,1.0,,3x4_g12x12_smaxc_i0001
sstk_image_473924605,4:3,keep_full,5,0.0,qwen25_vl,1.0,,4x3_g12x12_smaxc_i0001
sstk_image_2290920149,1:1,crop,5,0.0,qwen25_vl,1.0,,1x1_g12x12_smaxc_i0001
sstk_image_2290920149,9:16,crop,5,0.0,qwen25_vl,1.0,,9x16_g12x12_smaxc_i0001
sstk_image_2290920149,16:9,keep_full,5,0.0,qwen25_vl,0.9032510000000001,,16x9_g12x12_smaxc_i0001
sstk_image_2290920149,3:4,crop,5,0.0,qwen25_vl,1.0,,3x4_g12x12_smaxc_i0001
sstk_image_2290920149,4:3,keep_full,5,0.0,qwen25_vl,1.0,,4x3_g12x12_smaxc_i0001
sstk_image_594885824,1:1,keep_full,5,0.0,qwen25_vl,1.0,,1x1_g12x12_smaxc_i0001
sstk_image_594885824,9:16,keep_full,5,0.0,qwen25_vl,0.5,,9x16_g12x12_smaxc_i0001
sstk_image_594885824,16:9,crop,5,0.0,qwen25_vl,1.0,,16x9_g12x12_smaxc_i0001
sstk_image_594885824,3:4,crop,5,0.0,qwen25_vl,1.0,,3x4_g12x12_smaxc_i0001
sstk_image_594885824,4:3,crop,5,0.0,qwen25_vl,1.0,,4x3_g12x12_steach_gaic_proj0_i0001
sstk_image_2273871509,1:1,keep_full,5,0.0,qwen25_vl,1.0,,1x1_g12x12_smaxc_i0001
sstk_image_2273871509,9:16,crop,5,0.0,qwen25_vl,1.0,,9x16_g12x12_smaxc_i0001
sstk_image_2273871509,16:9,crop,5,0.0,qwen25_vl,0.5,,16x9_g12x12_smy0_i0002
sstk_image_2273871509,3:4,keep_full,5,0.0,qwen25_vl,1.0,,3x4_g12x12_smaxc_i0001
sstk_image_2273871509,4:3,keep_full,5,0.0,qwen25_vl,1.0,,4x3_g12x12_smaxc_i0001
sstk_image_1691638039,1:1,keep_full,5,0.0,qwen25_vl,0.5,,1x1_g12x12_smaxc_i0001
sstk_image_1691638039,9:16,crop,5,0.0,qwen25_vl,0.5,,9x16_g12x12_smaxc_i0001
sstk_image_1691638039,16:9,crop,5,0.0,qwen25_vl,1.0,,16x9_g12x12_smaxc_i0001
sstk_image_1691638039,3:4,crop,5,0.0,qwen25_vl,0.5,,3x4_g12x12_smaxc_i0001
sstk_image_1691638039,4:3,crop,5,0.0,qwen25_vl,1.0,,4x3_g12x12_steach_cacnet_proj0_i0001
sstk_image_133067306,1:1,keep_full,5,0.0,qwen25_vl,0.5,,1x1_g12x12_smaxc_i0001
sstk_image_133067306,9:16,keep_full,5,0.0,qwen25_vl,1.0,,9x16_g12x12_smaxc_i0001
sstk_image_133067306,16:9,crop,5,0.0,qwen25_vl,1.0,,16x9_g12x12_smaxc_i0001
sstk_image_133067306,3:4,keep_full,5,0.0,qwen25_vl,0.9863770000000001,,3x4_g12x12_smaxc_i0001
sstk_image_133067306,4:3,crop,5,0.0,qwen25_vl,1.0,,4x3_g12x12_smaxc_i0001
bigstock_image_356738510,1:1,keep_full,5,0.0,qwen25_vl,1.0,,1x1_g12x12_smaxc_i0001
bigstock_image_356738510,9:16,keep_full,5,0.0,qwen25_vl,1.0,,9x16_g12x12_smaxc_i0001
bigstock_image_356738510,16:9,keep_full,5,0.0,qwen25_vl,1.0,,16x9_g12x12_smaxc_i0001
bigstock_image_356738510,3:4,keep_full,5,0.0,qwen25_vl,1.0,,3x4_g12x12_smaxc_i0001
bigstock_image_356738510,4:3,keep_full,5,0.0,qwen25_vl,1.0,,4x3_g12x12_smaxc_i0001
pond5_image_34080614,1:1,keep_full,5,0.0,qwen25_vl,1.0,,1x1_g12x12_smaxc_i0001
pond5_image_34080614,9:16,keep_full,5,0.0,qwen25_vl,1.0,,9x16_g12x12_smaxc_i0001
pond5_image_34080614,16:9,keep_full,5,0.0,qwen25_vl,1.0,,16x9_g12x12_smaxc_i0001
pond5_image_34080614,3:4,keep_full,5,0.0,qwen25_vl,1.0,,3x4_g12x12_smaxc_i0001
pond5_image_34080614,4:3,keep_full,5,0.0,qwen25_vl,1.0,,4x3_g12x12_smaxc_i0001
bigstock_image_180909778,1:1,keep_full,5,0.0,qwen25_vl,0.5,,1x1_g12x12_smaxc_i0001
bigstock_image_180909778,9:16,keep_full,5,0.0,qwen25_vl,0.5,,9x16_g12x12_smaxc_i0001
bigstock_image_180909778,16:9,keep_full,5,0.0,qwen25_vl,1.0,,16x9_g12x12_smaxc_i0001
bigstock_image_180909778,3:4,keep_full,5,0.0,qwen25_vl,0.5,,3x4_g12x12_smaxc_i0001
bigstock_image_180909778,4:3,keep_full,5,0.0,qwen25_vl,0.5,,4x3_g12x12_smaxc_i0001
sstk_image_239608159,1:1,crop,5,0.0,qwen25_vl,1.0,,1x1_g12x12_smaxc_i0001
sstk_image_239608159,9:16,crop,5,0.0,qwen25_vl,1.0,,9x16_g12x12_smaxc_i0001
sstk_image_239608159,16:9,keep_full,5,0.0,qwen25_vl,0.553514,,16x9_g12x12_smaxc_i0001
sstk_image_239608159,3:4,crop,5,0.0,qwen25_vl,1.0,,3x4_g12x12_smaxc_i0001
sstk_image_239608159,4:3,keep_full,5,0.0,qwen25_vl,0.5,,4x3_g12x12_smaxc_i0001
sstk_image_730919800,1:1,keep_full,5,0.0,qwen25_vl,0.5061640000000001,,1x1_g12x12_smaxc_i0001
sstk_image_730919800,9:16,keep_full,5,0.0,qwen25_vl,0.512189,,9x16_g12x12_smaxc_i0001
sstk_image_730919800,16:9,keep_full,5,0.0,qwen25_vl,0.5,,16x9_g12x12_smaxc_i0001
sstk_image_730919800,3:4,keep_full,5,0.0,qwen25_vl,0.5149759999999999,,3x4_g12x12_smaxc_i0001
sstk_image_730919800,4:3,keep_full,5,0.0,qwen25_vl,0.5213239999999999,,4x3_g12x12_smaxc_i0001
sstk_image_1657872124,1:1,keep_full,5,0.0,qwen25_vl,0.508839,,1x1_g12x12_smaxc_i0001
sstk_image_1657872124,9:16,keep_full,5,0.0,qwen25_vl,0.5,,9x16_g12x12_smaxc_i0001
sstk_image_1657872124,16:9,keep_full,5,0.0,qwen25_vl,0.5,,16x9_g12x12_smaxc_i0001
sstk_image_1657872124,3:4,keep_full,5,0.0,qwen25_vl,1.0,,3x4_g12x12_smaxc_i0001
sstk_image_1657872124,4:3,crop,5,0.0,qwen25_vl,0.524451,,4x3_g12x12_steach_cacnet_proj0_i0001
sstk_image_2013266234,1:1,keep_full,5,0.0,qwen25_vl,0.5,,1x1_g12x12_smaxc_i0001
sstk_image_2013266234,9:16,keep_full,5,0.0,qwen25_vl,0.5,,9x16_g12x12_smaxc_i0001
sstk_image_2013266234,16:9,keep_full,5,0.0,qwen25_vl,0.5481200000000002,,16x9_g12x12_smaxc_i0001
sstk_image_2013266234,3:4,keep_full,5,0.0,qwen25_vl,0.5,,3x4_g12x12_smaxc_i0001
sstk_image_2013266234,4:3,keep_full,5,0.0,qwen25_vl,0.512413,,4x3_g12x12_smaxc_i0001
sstk_image_2330333565,1:1,keep_full,5,0.0,qwen25_vl,0.5,,1x1_g12x12_smaxc_i0001
sstk_image_2330333565,9:16,crop,5,0.0,qwen25_vl,1.0,,9x16_g12x12_smaxc_i0001
sstk_image_2330333565,16:9,keep_full,5,0.0,qwen25_vl,1.0,,16x9_g12x12_smaxc_i0001
sstk_image_2330333565,3:4,keep_full,5,0.0,qwen25_vl,0.5,,3x4_g12x12_smaxc_i0001
sstk_image_2330333565,4:3,keep_full,5,0.0,qwen25_vl,0.5,,4x3_g12x12_smaxc_i0001
sstk_image_606295559,1:1,keep_full,5,0.0,qwen25_vl,0.5,,1x1_g12x12_smaxc_i0001
sstk_image_606295559,9:16,keep_full,5,0.0,qwen25_vl,1.0,,9x16_g12x12_smaxc_i0001
sstk_image_606295559,16:9,keep_full,5,0.0,qwen25_vl,0.5,,16x9_g12x12_smaxc_i0001
sstk_image_606295559,3:4,crop,5,0.0,qwen25_vl,1.0,,3x4_g12x12_steach_cacnet_proj0_i0001
sstk_image_606295559,4:3,keep_full,5,0.0,qwen25_vl,0.5,,4x3_g12x12_smaxc_i0001
sstk_image_1250610766,1:1,keep_full,1,0.0,qwen25_vl,0.5,,1x1_g12x12_smy0_i0002
sstk_image_1250610766,9:16,crop,5,0.0,qwen25_vl,1.0,,9x16_g12x12_smaxc_i0001
sstk_image_1250610766,16:9,crop,5,0.0,qwen25_vl,1.0,,16x9_g12x12_smy1_i0003
sstk_image_1250610766,3:4,crop,3,0.0,qwen25_vl,1.0,,3x4_g12x12_steach_cgs_jit0_22_i0005
sstk_image_1250610766,4:3,crop,5,0.0,qwen25_vl,1.0,,4x3_g12x12_smy1_i0003
pond5_image_154750946,1:1,crop,5,0.0,qwen25_vl,1.0,,1x1_g12x12_smaxc_i0001
pond5_image_154750946,9:16,crop,5,0.0,qwen25_vl,0.5,,9x16_g12x12_smx2_i0004
pond5_image_154750946,16:9,keep_full,5,0.0,qwen25_vl,1.0,,16x9_g12x12_smaxc_i0001
pond5_image_154750946,3:4,crop,5,0.0,qwen25_vl,1.0,,3x4_g12x12_smaxc_i0001
pond5_image_154750946,4:3,crop,5,0.0,qwen25_vl,0.5,,4x3_g12x12_smaxc_i0001
bigstock_image_158230004,1:1,keep_full,5,0.0,qwen25_vl,1.0,,1x1_g12x12_smy0_i0002
bigstock_image_158230004,9:16,keep_full,5,0.0,qwen25_vl,1.0,,9x16_g12x12_smaxc_i0001
bigstock_image_158230004,16:9,crop,5,0.0,qwen25_vl,1.0,,16x9_g12x12_s1_i0021
bigstock_image_158230004,3:4,keep_full,5,0.0,qwen25_vl,1.0,,3x4_g12x12_smaxc_i0001
bigstock_image_158230004,4:3,crop,5,0.0,qwen25_vl,1.0,,4x3_g12x12_s2_i0027
sstk_image_1335402569,1:1,keep_full,5,0.0,qwen25_vl,0.5,,1x1_g12x12_smaxc_i0001
sstk_image_1335402569,9:16,crop,5,0.0,qwen25_vl,1.0,,9x16_g12x12_smaxc_i0001
sstk_image_1335402569,16:9,keep_full,5,0.0,qwen25_vl,0.5204190000000002,,16x9_g12x12_smaxc_i0001
sstk_image_1335402569,3:4,keep_full,5,0.0,qwen25_vl,0.5,,3x4_g12x12_smaxc_i0001
sstk_image_1335402569,4:3,keep_full,5,0.0,qwen25_vl,0.526713,,4x3_g12x12_smaxc_i0001
sstk_image_1531524239,1:1,keep_full,5,0.0,qwen25_vl,0.5,,1x1_g12x12_smaxc_i0001
sstk_image_1531524239,9:16,crop,5,0.0,qwen25_vl,1.0,,9x16_g12x12_smaxc_i0001
sstk_image_1531524239,16:9,keep_full,5,0.0,qwen25_vl,0.5,,16x9_g12x12_smaxc_i0001
sstk_image_1531524239,3:4,crop,5,0.0,qwen25_vl,1.0,,3x4_g12x12_smaxc_i0001
sstk_image_1531524239,4:3,crop,5,0.0,qwen25_vl,0.9359760000000001,,4x3_g12x12_steach_cacnet_proj0_i0001
pond5_image_64357880,1:1,crop,5,0.0,qwen25_vl,1.0,,1x1_g12x12_smaxc_i0001
pond5_image_64357880,9:16,keep_full,5,0.0,qwen25_vl,0.5,,9x16_g12x12_smaxc_i0001
pond5_image_64357880,16:9,keep_full,5,0.0,qwen25_vl,0.683178,,16x9_g12x12_smaxc_i0001
pond5_image_64357880,3:4,keep_full,5,0.0,qwen25_vl,0.5,,3x4_g12x12_smaxc_i0001
pond5_image_64357880,4:3,keep_full,5,0.0,qwen25_vl,0.5,,4x3_g12x12_smaxc_i0001
bigstock_image_25981355,1:1,keep_full,5,0.0,qwen25_vl,0.5,,1x1_g12x12_smaxc_i0001
bigstock_image_25981355,9:16,keep_full,5,0.0,qwen25_vl,0.5,,9x16_g12x12_smaxc_i0001
bigstock_image_25981355,16:9,keep_full,5,0.0,qwen25_vl,1.0,,16x9_g12x12_smaxc_i0001
bigstock_image_25981355,3:4,keep_full,5,0.0,qwen25_vl,0.5,,3x4_g12x12_smaxc_i0001
bigstock_image_25981355,4:3,keep_full,5,0.0,qwen25_vl,0.5,,4x3_g12x12_smaxc_i0001
bigstock_image_256189831,1:1,keep_full,5,0.0,qwen25_vl,0.529215,,1x1_g12x12_smaxc_i0001
bigstock_image_256189831,9:16,keep_full,5,0.0,qwen25_vl,1.0,,9x16_g12x12_smaxc_i0001
bigstock_image_256189831,16:9,keep_full,5,0.0,qwen25_vl,1.0,,16x9_g12x12_smaxc_i0001
bigstock_image_256189831,3:4,keep_full,5,0.0,qwen25_vl,0.5,,3x4_g12x12_smaxc_i0001
bigstock_image_256189831,4:3,keep_full,5,0.0,qwen25_vl,1.0,,4x3_g12x12_smaxc_i0001
sstk_image_284555729,1:1,crop,5,0.0,qwen25_vl,0.5188699999999999,,1x1_g12x12_smaxc_i0001
sstk_image_284555729,9:16,crop,5,0.0,qwen25_vl,1.0,,9x16_g12x12_smaxc_i0001
sstk_image_284555729,16:9,crop,5,0.0,qwen25_vl,1.0,,16x9_g12x12_smaxc_i0001
sstk_image_284555729,3:4,crop,5,0.0,qwen25_vl,0.515778,,3x4_g12x12_smaxc_i0001
sstk_image_284555729,4:3,crop,5,0.0,qwen25_vl,1.0,,4x3_g12x12_smaxc_i0001
pond5_image_223223424,1:1,keep_full,5,0.0,qwen25_vl,1.0,,1x1_g12x12_smaxc_i0001
pond5_image_223223424,9:16,keep_full,5,0.0,qwen25_vl,0.5,,9x16_g12x12_smaxc_i0001
pond5_image_223223424,16:9,keep_full,5,0.0,qwen25_vl,1.0,,16x9_g12x12_smaxc_i0001
pond5_image_223223424,3:4,keep_full,5,0.0,qwen25_vl,0.5,,3x4_g12x12_smaxc_i0001
pond5_image_223223424,4:3,keep_full,5,0.0,qwen25_vl,0.5,,4x3_g12x12_smaxc_i0001
sstk_image_1349650439,1:1,keep_full,5,0.0,qwen25_vl,0.5,,1x1_g12x12_smaxc_i0001
sstk_image_1349650439,9:16,crop,5,0.0,qwen25_vl,1.0,,9x16_g12x12_smaxc_i0001
sstk_image_1349650439,16:9,keep_full,5,0.0,qwen25_vl,0.5,,16x9_g12x12_smaxc_i0001
sstk_image_1349650439,3:4,keep_full,5,0.0,qwen25_vl,0.5,,3x4_g12x12_smaxc_i0001
sstk_image_1349650439,4:3,keep_full,5,0.0,qwen25_vl,0.5,,4x3_g12x12_smaxc_i0001
sstk_image_1732623830,1:1,keep_full,5,0.0,qwen25_vl,0.5,,1x1_g12x12_smaxc_i0001
sstk_image_1732623830,9:16,keep_full,5,0.0,qwen25_vl,0.5,,9x16_g12x12_smaxc_i0001
sstk_image_1732623830,16:9,keep_full,5,0.0,qwen25_vl,0.5021049999999998,,16x9_g12x12_smaxc_i0001
sstk_image_1732623830,3:4,keep_full,5,0.0,qwen25_vl,0.5,,3x4_g12x12_smaxc_i0001
sstk_image_1732623830,4:3,crop,5,0.0,qwen25_vl,0.5075559999999999,,4x3_g12x12_steach_cgs_proj0_i0001
pond5_image_114608200,1:1,keep_full,5,0.0,qwen25_vl,1.0,,1x1_g12x12_smaxc_i0001
pond5_image_114608200,9:16,keep_full,5,0.0,qwen25_vl,0.5,,9x16_g12x12_smaxc_i0001
pond5_image_114608200,16:9,keep_full,5,0.0,qwen25_vl,0.899503,,16x9_g12x12_smaxc_i0001
pond5_image_114608200,3:4,keep_full,5,0.0,qwen25_vl,0.995099,,3x4_g12x12_smaxc_i0001
pond5_image_114608200,4:3,crop,5,0.0,qwen25_vl,1.0,,4x3_g12x12_smaxc_i0001
bigstock_image_122199020,1:1,crop,5,0.0,qwen25_vl,1.0,,1x1_g12x12_smaxc_i0001
bigstock_image_122199020,9:16,keep_full,5,0.0,qwen25_vl,1.0,,9x16_g12x12_smx0_i0002
bigstock_image_122199020,16:9,crop,5,0.0,qwen25_vl,1.0,,16x9_g12x12_smy1_i0003
bigstock_image_122199020,3:4,crop,5,0.0,qwen25_vl,1.0,,3x4_g12x12_steach_cgs_proj0_i0001
bigstock_image_122199020,4:3,keep_full,2,0.0,qwen25_vl,1.0,,4x3_g12x12_smy0_i0002
bigstock_image_117250328,1:1,keep_full,5,0.0,qwen25_vl,1.0,,1x1_g12x12_smx0_i0002
bigstock_image_117250328,9:16,keep_full,1,0.0,qwen25_vl,0.5,,9x16_g12x12_smx1_i0003
bigstock_image_117250328,16:9,crop,3,0.0,qwen25_vl,1.0,,16x9_g12x12_s3_i0031
bigstock_image_117250328,3:4,keep_full,5,0.0,qwen25_vl,1.0,,3x4_g12x12_smx1_i0003
bigstock_image_117250328,4:3,crop,5,0.0,qwen25_vl,1.0,,4x3_g12x12_steach_cacnet_proj0_i0001
bigstock_image_250648240,1:1,keep_full,5,0.0,qwen25_vl,1.0,,1x1_g12x12_smaxc_i0001
bigstock_image_250648240,9:16,crop,5,0.0,qwen25_vl,1.0,,9x16_g12x12_smaxc_i0001
bigstock_image_250648240,16:9,keep_full,5,0.0,qwen25_vl,0.5,,16x9_g12x12_smaxc_i0001
bigstock_image_250648240,3:4,keep_full,5,0.0,qwen25_vl,1.0,,3x4_g12x12_smaxc_i0001
bigstock_image_250648240,4:3,keep_full,5,0.0,qwen25_vl,1.0,,4x3_g12x12_smaxc_i0001
bigstock_image_246648940,1:1,keep_full,5,0.0,qwen25_vl,1.0,,1x1_g12x12_smaxc_i0001
bigstock_image_246648940,9:16,crop,5,0.0,qwen25_vl,1.0,,9x16_g12x12_smaxc_i0001
bigstock_image_246648940,16:9,crop,5,0.0,qwen25_vl,1.0,,16x9_g12x12_smaxc_i0001
bigstock_image_246648940,3:4,keep_full,5,0.0,qwen25_vl,0.5,,3x4_g12x12_smaxc_i0001
bigstock_image_246648940,4:3,keep_full,5,0.0,qwen25_vl,0.5025809999999999,,4x3_g12x12_smaxc_i0001
sstk_image_1186912330,1:1,keep_full,5,0.0,qwen25_vl,0.5414349999999999,,1x1_g12x12_smaxc_i0001
sstk_image_1186912330,9:16,keep_full,5,0.0,qwen25_vl,0.5050949999999998,,9x16_g12x12_smaxc_i0001
sstk_image_1186912330,16:9,keep_full,5,0.0,qwen25_vl,0.5,,16x9_g12x12_smaxc_i0001
sstk_image_1186912330,3:4,keep_full,5,0.0,qwen25_vl,0.522324,,3x4_g12x12_smaxc_i0001
sstk_image_1186912330,4:3,crop,5,0.0,qwen25_vl,0.5319050000000001,,4x3_g12x12_steach_cacnet_proj0_i0001
pond5_image_142860477,1:1,keep_full,5,0.0,qwen25_vl,1.0,,1x1_g12x12_smx1_i0003
pond5_image_142860477,9:16,crop,5,0.0,qwen25_vl,0.5,,9x16_g12x12_smx1_i0003
pond5_image_142860477,16:9,minimal_crop,5,0.0,qwen25_vl,1.0,,16x9_g12x12_smaxc_i0001
pond5_image_142860477,3:4,crop,5,0.0,qwen25_vl,1.0,,3x4_g12x12_smx1_i0003
pond5_image_142860477,4:3,keep_full,1,0.0,qwen25_vl,0.5,,4x3_g12x12_smx1_i0003
bigstock_image_172586006,1:1,keep_full,5,0.0,qwen25_vl,1.0,,1x1_g12x12_smx1_i0003
bigstock_image_172586006,9:16,keep_full,5,0.0,qwen25_vl,1.0,,9x16_g12x12_smx1_i0003
bigstock_image_172586006,16:9,keep_full,1,0.0,qwen25_vl,0.5,,16x9_g12x12_smy1_i0003
bigstock_image_172586006,3:4,crop,3,0.0,qwen25_vl,0.7680569999999998,,3x4_g12x12_sjit0_i0029
bigstock_image_172586006,4:3,crop,5,0.0,qwen25_vl,0.7703279999999999,,4x3_g12x12_smaxc_i0001
sstk_image_2181265527,1:1,keep_full,5,0.0,qwen25_vl,0.7126299999999999,,1x1_g12x12_smaxc_i0001
sstk_image_2181265527,9:16,keep_full,5,0.0,qwen25_vl,0.8646029999999998,,9x16_g12x12_smaxc_i0001
sstk_image_2181265527,16:9,keep_full,5,0.0,qwen25_vl,0.8803180000000008,,16x9_g12x12_smaxc_i0001
sstk_image_2181265527,3:4,keep_full,5,0.0,qwen25_vl,1.0,,3x4_g12x12_smaxc_i0001
sstk_image_2181265527,4:3,keep_full,5,0.0,qwen25_vl,0.5,,4x3_g12x12_smaxc_i0001
sstk_image_2266526397,1:1,keep_full,5,0.0,qwen25_vl,0.5211250000000001,,1x1_g12x12_smaxc_i0001
sstk_image_2266526397,9:16,keep_full,5,0.0,qwen25_vl,1.0,,9x16_g12x12_smx1_i0003
sstk_image_2266526397,16:9,keep_full,5,0.0,qwen25_vl,1.0,,16x9_g12x12_smaxc_i0001
sstk_image_2266526397,3:4,crop,5,0.0,qwen25_vl,0.504824,,3x4_g12x12_smx1_i0003
sstk_image_2266526397,4:3,crop,5,0.0,qwen25_vl,0.5387669999999999,,4x3_g12x12_steach_cgs_proj0_i0001
bigstock_image_146823560,1:1,keep_full,5,0.0,qwen25_vl,0.5112299999999999,,1x1_g12x12_smaxc_i0001
bigstock_image_146823560,9:16,crop,5,0.0,qwen25_vl,1.0,,9x16_g12x12_smaxc_i0001
bigstock_image_146823560,16:9,keep_full,5,0.0,qwen25_vl,0.553147,,16x9_g12x12_smaxc_i0001
bigstock_image_146823560,3:4,keep_full,5,0.0,qwen25_vl,0.5,,3x4_g12x12_smaxc_i0001
bigstock_image_146823560,4:3,keep_full,5,0.0,qwen25_vl,0.5529069999999999,,4x3_g12x12_smaxc_i0001
sstk_image_1129108832,1:1,keep_full,5,0.0,qwen25_vl,0.5,,1x1_g12x12_smaxc_i0001
sstk_image_1129108832,9:16,keep_full,5,0.0,qwen25_vl,1.0,,9x16_g12x12_smaxc_i0001
sstk_image_1129108832,16:9,keep_full,5,0.0,qwen25_vl,1.0,,16x9_g12x12_smaxc_i0001
sstk_image_1129108832,3:4,keep_full,5,0.0,qwen25_vl,0.5,,3x4_g12x12_smaxc_i0001
sstk_image_1129108832,4:3,crop,5,0.0,qwen25_vl,0.519001,,4x3_g12x12_steach_cgs_proj0_i0001
sstk_image_621317567,1:1,keep_full,5,0.0,qwen25_vl,0.5081349999999999,,1x1_g12x12_smaxc_i0001
sstk_image_621317567,9:16,keep_full,5,0.0,qwen25_vl,0.5,,9x16_g12x12_smaxc_i0001
sstk_image_621317567,16:9,crop,5,0.0,qwen25_vl,1.0,,16x9_g12x12_smaxc_i0001
sstk_image_621317567,3:4,keep_full,5,0.0,qwen25_vl,1.0,,3x4_g12x12_smaxc_i0001
sstk_image_621317567,4:3,keep_full,5,0.0,qwen25_vl,1.0,,4x3_g12x12_smaxc_i0001
pond5_image_237848581,1:1,keep_full,5,0.0,qwen25_vl,1.0,,1x1_g12x12_smaxc_i0001
pond5_image_237848581,9:16,keep_full,1,0.0,qwen25_vl,0.5,,9x16_g12x12_smx1_i0003
pond5_image_237848581,16:9,keep_full,5,0.0,qwen25_vl,0.5165770000000001,,16x9_g12x12_smaxc_i0001
pond5_image_237848581,3:4,keep_full,2,0.0,qwen25_vl,1.0,,3x4_g12x12_smx1_i0003
pond5_image_237848581,4:3,keep_full,5,0.0,qwen25_vl,0.5170400000000002,,4x3_g12x12_smaxc_i0001
bigstock_image_188018719,1:1,crop,5,0.0,qwen25_vl,1.0,,1x1_g12x12_smaxc_i0001
bigstock_image_188018719,9:16,crop,5,0.0,qwen25_vl,1.0,,9x16_g12x12_smaxc_i0001
bigstock_image_188018719,16:9,keep_full,5,0.0,qwen25_vl,0.5320149999999999,,16x9_g12x12_smaxc_i0001
bigstock_image_188018719,3:4,crop,5,0.0,qwen25_vl,1.0,,3x4_g12x12_smaxc_i0001
bigstock_image_188018719,4:3,keep_full,5,0.0,qwen25_vl,0.5343149999999999,,4x3_g12x12_smaxc_i0001
sstk_image_235610446,1:1,keep_full,5,0.0,qwen25_vl,0.5,,1x1_g12x12_smaxc_i0001
sstk_image_235610446,9:16,keep_full,5,0.0,qwen25_vl,0.5,,9x16_g12x12_smaxc_i0001
sstk_image_235610446,16:9,keep_full,5,0.0,qwen25_vl,1.0,,16x9_g12x12_smaxc_i0001
sstk_image_235610446,3:4,crop,5,0.0,qwen25_vl,0.5,,3x4_g12x12_smaxc_i0001
sstk_image_235610446,4:3,keep_full,5,0.0,qwen25_vl,0.5,,4x3_g12x12_smaxc_i0001
sstk_image_1274557336,1:1,keep_full,5,0.0,qwen25_vl,1.0,,1x1_g12x12_smaxc_i0001
sstk_image_1274557336,9:16,keep_full,5,0.0,qwen25_vl,1.0,,9x16_g12x12_smaxc_i0001
sstk_image_1274557336,16:9,keep_full,5,0.0,qwen25_vl,1.0,,16x9_g12x12_smaxc_i0001
sstk_image_1274557336,3:4,keep_full,5,0.0,qwen25_vl,1.0,,3x4_g12x12_smaxc_i0001
sstk_image_1274557336,4:3,crop,5,0.0,qwen25_vl,1.0,,4x3_g12x12_smaxc_i0001
sstk_image_750443452,1:1,keep_full,5,0.0,qwen25_vl,0.5,,1x1_g12x12_smaxc_i0001
sstk_image_750443452,9:16,crop,5,0.0,qwen25_vl,1.0,,9x16_g12x12_smaxc_i0001
sstk_image_750443452,16:9,keep_full,5,0.0,qwen25_vl,1.0,,16x9_g12x12_smaxc_i0001
sstk_image_750443452,3:4,keep_full,5,0.0,qwen25_vl,0.9788029999999992,,3x4_g12x12_smaxc_i0001
sstk_image_750443452,4:3,crop,5,0.0,qwen25_vl,0.809423,,4x3_g12x12_steach_cacnet_proj0_i0001
sstk_image_7978291,1:1,keep_full,5,0.0,qwen25_vl,1.0,,1x1_g12x12_smaxc_i0001
sstk_image_7978291,9:16,keep_full,5,0.0,qwen25_vl,1.0,,9x16_g12x12_smaxc_i0001
sstk_image_7978291,16:9,keep_full,5,0.0,qwen25_vl,0.5,,16x9_g12x12_smaxc_i0001
sstk_image_7978291,3:4,keep_full,5,0.0,qwen25_vl,1.0,,3x4_g12x12_smaxc_i0001
sstk_image_7978291,4:3,keep_full,5,0.0,qwen25_vl,1.0,,4x3_g12x12_smaxc_i0001
bigstock_image_441562499,1:1,keep_full,1,0.0,qwen25_vl,0.5,,1x1_g12x12_smy0_i0002
bigstock_image_441562499,9:16,keep_full,5,0.0,qwen25_vl,0.507309,,9x16_g12x12_smaxc_i0001
bigstock_image_441562499,16:9,crop,5,0.0,qwen25_vl,1.0,,16x9_g12x12_s1_i0027
bigstock_image_441562499,3:4,keep_full,5,0.0,qwen25_vl,0.5,,3x4_g12x12_smaxc_i0001
bigstock_image_441562499,4:3,crop,5,0.0,qwen25_vl,1.0,,4x3_g12x12_s2_i0027
sstk_image_2127336140,1:1,keep_full,5,0.0,qwen25_vl,1.0,,1x1_g12x12_smx1_i0003
sstk_image_2127336140,9:16,keep_full,5,0.0,qwen25_vl,1.0,,9x16_g12x12_smx1_i0003
sstk_image_2127336140,16:9,keep_full,5,0.0,qwen25_vl,0.978281,,16x9_g12x12_smaxc_i0001
sstk_image_2127336140,3:4,crop,1,0.0,qwen25_vl,0.5,,3x4_g12x12_sjit0_i0022
sstk_image_2127336140,4:3,keep_full,5,0.0,qwen25_vl,0.5,,4x3_g12x12_smaxc_i0001
sstk_image_2172115067,1:1,keep_full,5,0.0,qwen25_vl,0.5,,1x1_g12x12_smaxc_i0001
sstk_image_2172115067,9:16,keep_full,2,0.0,qwen25_vl,1.0,,9x16_g12x12_smx1_i0003
sstk_image_2172115067,16:9,keep_full,5,0.0,qwen25_vl,0.5,,16x9_g12x12_smaxc_i0001
sstk_image_2172115067,3:4,keep_full,5,0.0,qwen25_vl,1.0,,3x4_g12x12_smx1_i0003
sstk_image_2172115067,4:3,keep_full,5,0.0,qwen25_vl,0.54036,,4x3_g12x12_smaxc_i0001
sstk_image_623719328,1:1,keep_full,5,0.0,qwen25_vl,0.5,,1x1_g12x12_smaxc_i0001
sstk_image_623719328,9:16,keep_full,5,0.0,qwen25_vl,1.0,,9x16_g12x12_smx1_i0003
sstk_image_623719328,16:9,crop,4,0.0,qwen25_vl,0.8380370000000004,,16x9_g12x12_steach_cacnet_jit0_12_i0004
sstk_image_623719328,3:4,crop,5,0.0,qwen25_vl,1.0,,3x4_g12x12_smaxc_i0001
sstk_image_623719328,4:3,keep_full,5,0.0,qwen25_vl,0.505849,,4x3_g12x12_smaxc_i0001
sstk_image_1991467667,1:1,crop,5,0.0,qwen25_vl,1.0,,1x1_g12x12_steach_cgs_proj0_i0001
sstk_image_1991467667,9:16,keep_full,5,0.0,qwen25_vl,0.5,,9x16_g12x12_smaxc_i0001
sstk_image_1991467667,16:9,crop,5,0.0,qwen25_vl,0.9001590000000004,,16x9_g12x12_smaxc_i0001
sstk_image_1991467667,3:4,crop,5,0.0,qwen25_vl,0.954853,,3x4_g12x12_smaxc_i0001
sstk_image_1991467667,4:3,crop,5,0.0,qwen25_vl,0.8282430000000001,,4x3_g12x12_smaxc_i0001
sstk_image_457959049,1:1,keep_full,5,0.0,qwen25_vl,0.5,,1x1_g12x12_smaxc_i0001
sstk_image_457959049,9:16,crop,5,0.0,qwen25_vl,1.0,,9x16_g12x12_smaxc_i0001
sstk_image_457959049,16:9,keep_full,5,0.0,qwen25_vl,0.5385009999999999,,16x9_g12x12_smaxc_i0001
sstk_image_457959049,3:4,crop,5,0.0,qwen25_vl,1.0,,3x4_g12x12_smaxc_i0001
sstk_image_457959049,4:3,keep_full,5,0.0,qwen25_vl,0.541585,,4x3_g12x12_smaxc_i0001
sstk_image_511142845,1:1,keep_full,5,0.0,qwen25_vl,1.0,,1x1_g12x12_smaxc_i0001
sstk_image_511142845,9:16,keep_full,5,0.0,qwen25_vl,1.0,,9x16_g12x12_smaxc_i0001
sstk_image_511142845,16:9,keep_full,5,0.0,qwen25_vl,1.0,,16x9_g12x12_smaxc_i0001
sstk_image_511142845,3:4,keep_full,5,0.0,qwen25_vl,1.0,,3x4_g12x12_smaxc_i0001
sstk_image_511142845,4:3,keep_full,5,0.0,qwen25_vl,1.0,,4x3_g12x12_smaxc_i0001
sstk_image_1207992187,1:1,keep_full,5,0.0,qwen25_vl,1.0,,1x1_g12x12_smaxc_i0001
sstk_image_1207992187,9:16,crop,5,0.0,qwen25_vl,1.0,,9x16_g12x12_smaxc_i0001
sstk_image_1207992187,16:9,crop,5,0.0,qwen25_vl,1.0,,16x9_g12x12_smaxc_i0001
sstk_image_1207992187,3:4,crop,5,0.0,qwen25_vl,1.0,,3x4_g12x12_smaxc_i0001
sstk_image_1207992187,4:3,crop,5,0.0,qwen25_vl,1.0,,4x3_g12x12_smaxc_i0001
sstk_image_2107450424,1:1,crop,5,0.0,qwen25_vl,0.7746999999999993,,1x1_g12x12_smaxc_i0001
sstk_image_2107450424,9:16,keep_full,5,0.0,qwen25_vl,0.5,,9x16_g12x12_smaxc_i0001
sstk_image_2107450424,16:9,keep_full,5,0.0,qwen25_vl,0.9232670000000001,,16x9_g12x12_smaxc_i0001
sstk_image_2107450424,3:4,crop,5,0.0,qwen25_vl,0.8666830000000001,,3x4_g12x12_smaxc_i0001
sstk_image_2107450424,4:3,crop,5,0.0,qwen25_vl,0.5,,4x3_g12x12_smaxc_i0001
sstk_image_1937094715,1:1,keep_full,5,0.0,qwen25_vl,0.516378,,1x1_g12x12_smaxc_i0001
sstk_image_1937094715,9:16,keep_full,5,0.0,qwen25_vl,0.5,,9x16_g12x12_smaxc_i0001
sstk_image_1937094715,16:9,crop,5,0.0,qwen25_vl,0.5,,16x9_g12x12_steach_cgs_proj0_i0001
sstk_image_1937094715,3:4,keep_full,5,0.0,qwen25_vl,0.512381,,3x4_g12x12_smaxc_i0001
sstk_image_1937094715,4:3,keep_full,5,0.0,qwen25_vl,0.5334130000000001,,4x3_g12x12_smaxc_i0001
pond5_image_235663250,1:1,keep_full,5,0.0,qwen25_vl,0.5,,1x1_g12x12_smaxc_i0001
pond5_image_235663250,9:16,keep_full,5,0.0,qwen25_vl,0.5,,9x16_g12x12_smaxc_i0001
pond5_image_235663250,16:9,keep_full,5,0.0,qwen25_vl,0.5019070000000001,,16x9_g12x12_smaxc_i0001
pond5_image_235663250,3:4,keep_full,5,0.0,qwen25_vl,0.503809,,3x4_g12x12_smaxc_i0001
pond5_image_235663250,4:3,keep_full,5,0.0,qwen25_vl,0.513978,,4x3_g12x12_smaxc_i0001
sstk_image_715668874,1:1,keep_full,5,0.0,qwen25_vl,0.501226,,1x1_g12x12_smaxc_i0001
sstk_image_715668874,9:16,keep_full,5,0.0,qwen25_vl,0.567087,,9x16_g12x12_smaxc_i0001
sstk_image_715668874,16:9,keep_full,5,0.0,qwen25_vl,0.504246,,16x9_g12x12_smaxc_i0001
sstk_image_715668874,3:4,keep_full,5,0.0,qwen25_vl,0.532429,,3x4_g12x12_smaxc_i0001
sstk_image_715668874,4:3,keep_full,5,0.0,qwen25_vl,0.517401,,4x3_g12x12_smaxc_i0001
pond5_image_65124036,1:1,keep_full,5,0.0,qwen25_vl,1.0,,1x1_g12x12_smx2_i0004
pond5_image_65124036,9:16,crop,3,0.0,qwen25_vl,1.0,,9x16_g12x12_s1_i0027
pond5_image_65124036,16:9,keep_full,5,0.0,qwen25_vl,0.5,,16x9_g12x12_smaxc_i0001
pond5_image_65124036,3:4,crop,5,0.0,qwen25_vl,1.0,,3x4_g12x12_s2_i0027
pond5_image_65124036,4:3,crop,5,0.0,qwen25_vl,1.0,,4x3_g12x12_smaxc_i0001
sstk_image_1012659964,1:1,keep_full,5,0.0,qwen25_vl,0.5,,1x1_g12x12_smaxc_i0001
sstk_image_1012659964,9:16,crop,5,0.0,qwen25_vl,1.0,,9x16_g12x12_smaxc_i0001
sstk_image_1012659964,16:9,keep_full,5,0.0,qwen25_vl,1.0,,16x9_g12x12_smaxc_i0001
sstk_image_1012659964,3:4,crop,5,0.0,qwen25_vl,1.0,,3x4_g12x12_smaxc_i0001
sstk_image_1012659964,4:3,keep_full,5,0.0,qwen25_vl,1.0,,4x3_g12x12_smaxc_i0001
sstk_image_2191113363,1:1,crop,3,0.0,qwen25_vl,1.0,,1x1_g12x12_s3_i0045
sstk_image_2191113363,9:16,crop,5,0.0,qwen25_vl,1.0,,9x16_g12x12_smaxc_i0001
sstk_image_2191113363,16:9,keep_full,5,0.0,qwen25_vl,0.5,,16x9_g12x12_smaxc_i0001
sstk_image_2191113363,3:4,keep_full,1,0.0,qwen25_vl,0.5,,3x4_g12x12_s2_i0029
sstk_image_2191113363,4:3,keep_full,5,0.0,qwen25_vl,1.0,,4x3_g12x12_smx2_i0003
sstk_image_1393018151,1:1,keep_full,5,0.0,qwen25_vl,0.5,,1x1_g12x12_smaxc_i0001
sstk_image_1393018151,9:16,keep_full,5,0.0,qwen25_vl,0.5,,9x16_g12x12_smaxc_i0001
sstk_image_1393018151,16:9,keep_full,5,0.0,qwen25_vl,0.5104709999999999,,16x9_g12x12_smaxc_i0001
sstk_image_1393018151,3:4,crop,5,0.0,qwen25_vl,0.5037579999999999,,3x4_g12x12_smaxc_i0001
sstk_image_1393018151,4:3,keep_full,5,0.0,qwen25_vl,0.5174939999999999,,4x3_g12x12_smaxc_i0001
sstk_image_2087995819,1:1,crop,5,0.0,qwen25_vl,0.500418,,1x1_g12x12_smaxc_i0001
sstk_image_2087995819,9:16,crop,5,0.0,qwen25_vl,1.0,,9x16_g12x12_smaxc_i0001
sstk_image_2087995819,16:9,minimal_crop,5,0.0,qwen25_vl,0.5,,16x9_g12x12_smaxc_i0001
sstk_image_2087995819,3:4,keep_full,5,0.0,qwen25_vl,0.5,,3x4_g12x12_smaxc_i0001
sstk_image_2087995819,4:3,keep_full,5,0.0,qwen25_vl,1.0,,4x3_g12x12_smaxc_i0001
pond5_image_49690848,1:1,keep_full,5,0.0,qwen25_vl,0.5,,1x1_g12x12_smaxc_i0001
pond5_image_49690848,9:16,keep_full,5,0.0,qwen25_vl,0.5,,9x16_g12x12_smaxc_i0001
pond5_image_49690848,16:9,keep_full,5,0.0,qwen25_vl,0.5,,16x9_g12x12_smaxc_i0001
pond5_image_49690848,3:4,keep_full,5,0.0,qwen25_vl,0.5047029999999999,,3x4_g12x12_smaxc_i0001
pond5_image_49690848,4:3,keep_full,5,0.0,qwen25_vl,0.5,,4x3_g12x12_smaxc_i0001
bigstock_image_378140140,1:1,crop,5,0.0,qwen25_vl,1.0,,1x1_g12x12_smaxc_i0001
bigstock_image_378140140,9:16,keep_full,5,0.0,qwen25_vl,1.0,,9x16_g12x12_smaxc_i0001
bigstock_image_378140140,16:9,crop,5,0.0,qwen25_vl,1.0,,16x9_g12x12_smaxc_i0001
bigstock_image_378140140,3:4,keep_full,5,0.0,qwen25_vl,1.0,,3x4_g12x12_smaxc_i0001
bigstock_image_378140140,4:3,crop,5,0.0,qwen25_vl,1.0,,4x3_g12x12_smaxc_i0001
sstk_image_1301949337,1:1,crop,5,0.0,qwen25_vl,1.0,,1x1_g12x12_smaxc_i0001
sstk_image_1301949337,9:16,crop,5,0.0,qwen25_vl,1.0,,9x16_g12x12_smaxc_i0001
sstk_image_1301949337,16:9,keep_full,5,0.0,qwen25_vl,1.0,,16x9_g12x12_smaxc_i0001
sstk_image_1301949337,3:4,crop,5,0.0,qwen25_vl,1.0,,3x4_g12x12_smaxc_i0001
sstk_image_1301949337,4:3,crop,5,0.0,qwen25_vl,1.0,,4x3_g12x12_steach_cgs_proj0_i0001
sstk_image_492457327,1:1,crop,5,0.0,qwen25_vl,1.0,,1x1_g12x12_smaxc_i0001
sstk_image_492457327,9:16,crop,5,0.0,qwen25_vl,0.974161,,9x16_g12x12_smaxc_i0001
sstk_image_492457327,16:9,keep_full,5,0.0,qwen25_vl,0.5,,16x9_g12x12_smaxc_i0001
sstk_image_492457327,3:4,crop,5,0.0,qwen25_vl,1.0,,3x4_g12x12_smaxc_i0001
sstk_image_492457327,4:3,crop,5,0.0,qwen25_vl,1.0,,4x3_g12x12_smaxc_i0001
bigstock_image_207940879,1:1,keep_full,2,0.0,qwen25_vl,1.0,,1x1_g12x12_smx1_i0003
bigstock_image_207940879,9:16,keep_full,5,0.0,qwen25_vl,1.0,,9x16_g12x12_smx0_i0002
bigstock_image_207940879,16:9,keep_full,1,0.0,qwen25_vl,0.5,,16x9_g12x12_smy1_i0003
bigstock_image_207940879,3:4,crop,5,0.0,qwen25_vl,1.0,,3x4_g12x12_s2_i0027
bigstock_image_207940879,4:3,keep_full,1,0.0,qwen25_vl,0.5,,4x3_g12x12_smx0_i0002
sstk_image_206812696,1:1,crop,5,0.0,qwen25_vl,1.0,,1x1_g12x12_smaxc_i0001
sstk_image_206812696,9:16,keep_full,5,0.0,qwen25_vl,1.0,,9x16_g12x12_smx1_i0003
sstk_image_206812696,16:9,keep_full,5,0.0,qwen25_vl,1.0,,16x9_g12x12_smaxc_i0001
sstk_image_206812696,3:4,keep_full,5,0.0,qwen25_vl,1.0,,3x4_g12x12_smx1_i0003
sstk_image_206812696,4:3,keep_full,5,0.0,qwen25_vl,1.0,,4x3_g12x12_smaxc_i0001
sstk_image_2166664223,1:1,keep_full,5,0.0,qwen25_vl,1.0,,1x1_g12x12_smaxc_i0001
sstk_image_2166664223,9:16,keep_full,5,0.0,qwen25_vl,1.0,,9x16_g12x12_smaxc_i0001
sstk_image_2166664223,16:9,crop,5,0.0,qwen25_vl,0.843407,,16x9_g12x12_smaxc_i0001
sstk_image_2166664223,3:4,crop,5,0.0,qwen25_vl,1.0,,3x4_g12x12_smaxc_i0001
sstk_image_2166664223,4:3,keep_full,5,0.0,qwen25_vl,1.0,,4x3_g12x12_smaxc_i0001
sstk_image_2185522819,1:1,keep_full,5,0.0,qwen25_vl,1.0,,1x1_g12x12_smaxc_i0001
sstk_image_2185522819,9:16,crop,5,0.0,qwen25_vl,0.7637169999999998,,9x16_g12x12_smaxc_i0001
sstk_image_2185522819,16:9,keep_full,5,0.0,qwen25_vl,1.0,,16x9_g12x12_smaxc_i0001
sstk_image_2185522819,3:4,crop,5,0.0,qwen25_vl,0.5,,3x4_g12x12_smaxc_i0001
sstk_image_2185522819,4:3,keep_full,5,0.0,qwen25_vl,0.8768949999999998,,4x3_g12x12_smaxc_i0001
sstk_image_197728157,1:1,crop,5,0.0,qwen25_vl,1.0,,1x1_g12x12_steach_cacnet_proj0_i0005
sstk_image_197728157,9:16,keep_full,5,0.0,qwen25_vl,1.0,,9x16_g12x12_smaxc_i0001
sstk_image_197728157,16:9,crop,5,0.0,qwen25_vl,1.0,,16x9_g12x12_smy0_i0002
sstk_image_197728157,3:4,keep_full,5,0.0,qwen25_vl,0.905221,,3x4_g12x12_smy0_i0002
sstk_image_197728157,4:3,keep_full,3,0.0,qwen25_vl,1.0,,4x3_g12x12_smy0_i0002
bigstock_image_456907741,1:1,crop,5,0.0,qwen25_vl,0.5,,1x1_g12x12_smaxc_i0001
bigstock_image_456907741,9:16,crop,4,0.0,qwen25_vl,1.0,,9x16_g12x12_steach_cgs_jit0_15_i0007
bigstock_image_456907741,16:9,crop,5,0.0,qwen25_vl,1.0,,16x9_g12x12_steach_gaic_proj0_i0001
bigstock_image_456907741,3:4,crop,5,0.0,qwen25_vl,1.0,,3x4_g12x12_smaxc_i0001
bigstock_image_456907741,4:3,crop,5,0.0,qwen25_vl,1.0,,4x3_g12x12_smaxc_i0001
sstk_image_1898590015,1:1,keep_full,5,0.0,qwen25_vl,0.5,,1x1_g12x12_smaxc_i0001
sstk_image_1898590015,9:16,keep_full,5,0.0,qwen25_vl,1.0,,9x16_g12x12_smx1_i0003
sstk_image_1898590015,16:9,keep_full,5,0.0,qwen25_vl,1.0,,16x9_g12x12_smaxc_i0001
sstk_image_1898590015,3:4,keep_full,5,0.0,qwen25_vl,0.5,,3x4_g12x12_smaxc_i0001
sstk_image_1898590015,4:3,keep_full,5,0.0,qwen25_vl,0.507099,,4x3_g12x12_smaxc_i0001
sstk_image_751818739,1:1,keep_full,5,0.0,qwen25_vl,1.0,,1x1_g12x12_smaxc_i0001
sstk_image_751818739,9:16,keep_full,5,0.0,qwen25_vl,1.0,,9x16_g12x12_smaxc_i0001
sstk_image_751818739,16:9,keep_full,5,0.0,qwen25_vl,1.0,,16x9_g12x12_smaxc_i0001
sstk_image_751818739,3:4,keep_full,5,0.0,qwen25_vl,1.0,,3x4_g12x12_smaxc_i0001
sstk_image_751818739,4:3,crop,5,0.0,qwen25_vl,1.0,,4x3_g12x12_smaxc_i0001
sstk_image_1739324942,1:1,keep_full,5,0.0,qwen25_vl,0.5,,1x1_g12x12_smaxc_i0001
sstk_image_1739324942,9:16,keep_full,5,0.0,qwen25_vl,1.0,,9x16_g12x12_smx1_i0003
sstk_image_1739324942,16:9,keep_full,5,0.0,qwen25_vl,0.5,,16x9_g12x12_smaxc_i0001
sstk_image_1739324942,3:4,keep_full,3,0.0,qwen25_vl,1.0,,3x4_g12x12_smx1_i0003
sstk_image_1739324942,4:3,keep_full,5,0.0,qwen25_vl,0.525199,,4x3_g12x12_smaxc_i0001
sstk_image_132612176,1:1,crop,5,0.0,qwen25_vl,1.0,,1x1_g12x12_smx1_i0003
sstk_image_132612176,9:16,crop,5,0.0,qwen25_vl,1.0,,9x16_g12x12_smx1_i0003
sstk_image_132612176,16:9,crop,5,0.0,qwen25_vl,1.0,,16x9_g12x12_smy2_i0003
sstk_image_132612176,3:4,crop,5,0.0,qwen25_vl,1.0,,3x4_g12x12_smx1_i0003
sstk_image_132612176,4:3,keep_full,5,0.0,qwen25_vl,1.0,,4x3_g12x12_smx0_i0002
bigstock_image_138122447,1:1,crop,5,0.0,qwen25_vl,1.0,,1x1_g12x12_steach_cacnet_jit0_9_i0007
bigstock_image_138122447,9:16,keep_full,5,0.0,qwen25_vl,0.53529,,9x16_g12x12_smaxc_i0001
bigstock_image_138122447,16:9,crop,5,0.0,qwen25_vl,1.0,,16x9_g12x12_s1_i0041
bigstock_image_138122447,3:4,keep_full,1,0.0,qwen25_vl,0.5,,3x4_g12x12_smy0_i0002
bigstock_image_138122447,4:3,crop,5,0.0,qwen25_vl,1.0,,4x3_g12x12_s2_i0040
bigstock_image_338336269,1:1,crop,5,0.0,qwen25_vl,0.5472350000000001,,1x1_g12x12_smaxc_i0001
bigstock_image_338336269,9:16,crop,5,0.0,qwen25_vl,1.0,,9x16_g12x12_smaxc_i0001
bigstock_image_338336269,16:9,crop,5,0.0,qwen25_vl,0.5258619999999998,,16x9_g12x12_smaxc_i0001
bigstock_image_338336269,3:4,crop,5,0.0,qwen25_vl,1.0,,3x4_g12x12_smaxc_i0001
bigstock_image_338336269,4:3,keep_full,5,0.0,qwen25_vl,0.5553710000000001,,4x3_g12x12_smaxc_i0001
sstk_image_1720729312,1:1,keep_full,5,0.0,qwen25_vl,1.0,,1x1_g12x12_smaxc_i0001
sstk_image_1720729312,9:16,keep_full,5,0.0,qwen25_vl,1.0,,9x16_g12x12_smaxc_i0001
sstk_image_1720729312,16:9,keep_full,5,0.0,qwen25_vl,1.0,,16x9_g12x12_smaxc_i0001
sstk_image_1720729312,3:4,keep_full,5,0.0,qwen25_vl,1.0,,3x4_g12x12_smaxc_i0001
sstk_image_1720729312,4:3,keep_full,5,0.0,qwen25_vl,1.0,,4x3_g12x12_smaxc_i0001
sstk_image_655292473,1:1,crop,5,0.0,qwen25_vl,1.0,,1x1_g12x12_smaxc_i0001
sstk_image_655292473,9:16,crop,1,0.0,qwen25_vl,0.5,,9x16_g12x12_s1_i0023
sstk_image_655292473,16:9,keep_full,5,0.0,qwen25_vl,1.0,,16x9_g12x12_smy0_i0002
sstk_image_655292473,3:4,crop,5,0.0,qwen25_vl,1.0,,3x4_g12x12_smaxc_i0001
sstk_image_655292473,4:3,keep_full,5,0.0,qwen25_vl,0.748583,,4x3_g12x12_smaxc_i0001
sstk_image_1320849455,1:1,keep_full,5,0.0,qwen25_vl,1.0,,1x1_g12x12_smaxc_i0001
sstk_image_1320849455,9:16,keep_full,5,0.0,qwen25_vl,1.0,,9x16_g12x12_smaxc_i0001
sstk_image_1320849455,16:9,keep_full,5,0.0,qwen25_vl,1.0,,16x9_g12x12_smaxc_i0001
sstk_image_1320849455,3:4,crop,5,0.0,qwen25_vl,1.0,,3x4_g12x12_smaxc_i0001
sstk_image_1320849455,4:3,keep_full,5,0.0,qwen25_vl,1.0,,4x3_g12x12_smx0_i0002
pond5_image_82221699,1:1,keep_full,5,0.0,qwen25_vl,1.0,,1x1_g12x12_smaxc_i0001
pond5_image_82221699,9:16,keep_full,5,0.0,qwen25_vl,1.0,,9x16_g12x12_smaxc_i0001
pond5_image_82221699,16:9,keep_full,1,0.0,qwen25_vl,0.5,,16x9_g12x12_smy0_i0002
pond5_image_82221699,3:4,keep_full,5,0.0,qwen25_vl,0.623151,,3x4_g12x12_smaxc_i0001
pond5_image_82221699,4:3,keep_full,5,0.0,qwen25_vl,1.0,,4x3_g12x12_smaxc_i0001
sstk_image_577867813,1:1,keep_full,5,0.0,qwen25_vl,0.5,,1x1_g12x12_smaxc_i0001
sstk_image_577867813,9:16,keep_full,5,0.0,qwen25_vl,0.5569339999999999,,9x16_g12x12_smaxc_i0001
sstk_image_577867813,16:9,keep_full,5,0.0,qwen25_vl,1.0,,16x9_g12x12_smaxc_i0001
sstk_image_577867813,3:4,keep_full,5,0.0,qwen25_vl,0.5091760000000001,,3x4_g12x12_smaxc_i0001
sstk_image_577867813,4:3,crop,5,0.0,qwen25_vl,0.5,,4x3_g12x12_steach_cgs_proj0_i0001
bigstock_image_134277740,1:1,crop,5,0.0,qwen25_vl,1.0,,1x1_g12x12_steach_cacnet_proj0_i0005
bigstock_image_134277740,9:16,crop,5,0.0,qwen25_vl,1.0,,9x16_g12x12_smaxc_i0001
bigstock_image_134277740,16:9,crop,5,0.0,qwen25_vl,1.0,,16x9_g12x12_s1_i0040
bigstock_image_134277740,3:4,keep_full,1,0.0,qwen25_vl,0.5,,3x4_g12x12_smy1_i0003
bigstock_image_134277740,4:3,crop,5,0.0,qwen25_vl,1.0,,4x3_g12x12_s2_i0040
sstk_image_2105808422,1:1,keep_full,5,0.0,qwen25_vl,1.0,,1x1_g12x12_smaxc_i0001
sstk_image_2105808422,9:16,keep_full,5,0.0,qwen25_vl,0.5,,9x16_g12x12_smaxc_i0001
sstk_image_2105808422,16:9,keep_full,5,0.0,qwen25_vl,0.5,,16x9_g12x12_smaxc_i0001
sstk_image_2105808422,3:4,keep_full,5,0.0,qwen25_vl,0.5,,3x4_g12x12_smaxc_i0001
sstk_image_2105808422,4:3,keep_full,5,0.0,qwen25_vl,0.5,,4x3_g12x12_smaxc_i0001
sstk_image_565897402,1:1,crop,5,0.0,qwen25_vl,1.0,,1x1_g12x12_smaxc_i0001
sstk_image_565897402,9:16,crop,5,0.0,qwen25_vl,1.0,,9x16_g12x12_smaxc_i0001
sstk_image_565897402,16:9,crop,5,0.0,qwen25_vl,1.0,,16x9_g12x12_steach_cacnet_proj0_i0001
sstk_image_565897402,3:4,crop,5,0.0,qwen25_vl,1.0,,3x4_g12x12_smaxc_i0001
sstk_image_565897402,4:3,keep_full,5,0.0,qwen25_vl,0.527043,,4x3_g12x12_smaxc_i0001
sstk_image_1036118752,1:1,crop,5,0.0,qwen25_vl,1.0,,1x1_g12x12_smaxc_i0001
sstk_image_1036118752,9:16,keep_full,5,0.0,qwen25_vl,0.5,,9x16_g12x12_smaxc_i0001
sstk_image_1036118752,16:9,keep_full,5,0.0,qwen25_vl,1.0,,16x9_g12x12_smaxc_i0001
sstk_image_1036118752,3:4,crop,5,0.0,qwen25_vl,1.0,,3x4_g12x12_smaxc_i0001
sstk_image_1036118752,4:3,crop,5,0.0,qwen25_vl,1.0,,4x3_g12x12_smaxc_i0001
sstk_image_1386006599,1:1,keep_full,5,0.0,qwen25_vl,1.0,,1x1_g12x12_smaxc_i0001
sstk_image_1386006599,9:16,keep_full,5,0.0,qwen25_vl,1.0,,9x16_g12x12_smaxc_i0001
sstk_image_1386006599,16:9,keep_full,5,0.0,qwen25_vl,0.840814,,16x9_g12x12_smaxc_i0001
sstk_image_1386006599,3:4,crop,5,0.0,qwen25_vl,1.0,,3x4_g12x12_smaxc_i0001
sstk_image_1386006599,4:3,minimal_crop,5,0.0,qwen25_vl,0.8095199999999998,,4x3_g12x12_smaxc_i0001
bigstock_image_41744830,1:1,crop,5,0.0,qwen25_vl,1.0,,1x1_g12x12_smaxc_i0001
bigstock_image_41744830,9:16,crop,5,0.0,qwen25_vl,1.0,,9x16_g12x12_smaxc_i0001
bigstock_image_41744830,16:9,keep_full,5,0.0,qwen25_vl,1.0,,16x9_g12x12_smaxc_i0001
bigstock_image_41744830,3:4,crop,5,0.0,qwen25_vl,1.0,,3x4_g12x12_smaxc_i0001
bigstock_image_41744830,4:3,crop,5,0.0,qwen25_vl,1.0,,4x3_g12x12_smaxc_i0001
sstk_image_555881695,1:1,keep_full,5,0.0,qwen25_vl,0.5,,1x1_g12x12_smaxc_i0001
sstk_image_555881695,9:16,keep_full,5,0.0,qwen25_vl,0.5,,9x16_g12x12_smaxc_i0001
sstk_image_555881695,16:9,keep_full,5,0.0,qwen25_vl,0.5,,16x9_g12x12_smaxc_i0001
sstk_image_555881695,3:4,keep_full,5,0.0,qwen25_vl,0.5,,3x4_g12x12_smaxc_i0001
sstk_image_555881695,4:3,keep_full,5,0.0,qwen25_vl,0.5,,4x3_g12x12_smaxc_i0001
sstk_image_124762357,1:1,crop,5,0.0,qwen25_vl,1.0,,1x1_g12x12_smaxc_i0001
sstk_image_124762357,9:16,keep_full,5,0.0,qwen25_vl,0.7988750000000001,,9x16_g12x12_smaxc_i0001
sstk_image_124762357,16:9,crop,5,0.0,qwen25_vl,1.0,,16x9_g12x12_s1_i0058
sstk_image_124762357,3:4,crop,5,0.0,qwen25_vl,1.0,,3x4_g12x12_smaxc_i0001
sstk_image_124762357,4:3,crop,5,0.0,qwen25_vl,1.0,,4x3_g12x12_steach_cgs_jit0_13_i0010
bigstock_image_266939068,1:1,keep_full,5,0.0,qwen25_vl,0.5,,1x1_g12x12_smaxc_i0001
bigstock_image_266939068,9:16,keep_full,5,0.0,qwen25_vl,1.0,,9x16_g12x12_smaxc_i0001
bigstock_image_266939068,16:9,keep_full,5,0.0,qwen25_vl,0.5403630000000001,,16x9_g12x12_smaxc_i0001
bigstock_image_266939068,3:4,keep_full,5,0.0,qwen25_vl,0.5,,3x4_g12x12_smaxc_i0001
bigstock_image_266939068,4:3,keep_full,5,0.0,qwen25_vl,0.5,,4x3_g12x12_smaxc_i0001
bigstock_image_470784023,1:1,keep_full,5,0.0,qwen25_vl,1.0,,1x1_g12x12_smaxc_i0001
bigstock_image_470784023,9:16,keep_full,5,0.0,qwen25_vl,0.5,,9x16_g12x12_smaxc_i0001
bigstock_image_470784023,16:9,keep_full,1,0.0,qwen25_vl,0.5,,16x9_g12x12_smy2_i0004
bigstock_image_470784023,3:4,keep_full,5,0.0,qwen25_vl,1.0,,3x4_g12x12_smaxc_i0001
bigstock_image_470784023,4:3,keep_full,5,0.0,qwen25_vl,0.5,,4x3_g12x12_smaxc_i0001
sstk_image_1260114514,1:1,keep_full,5,0.0,qwen25_vl,0.5,,1x1_g12x12_smaxc_i0001
sstk_image_1260114514,9:16,keep_full,5,0.0,qwen25_vl,1.0,,9x16_g12x12_smaxc_i0001
sstk_image_1260114514,16:9,crop,5,0.0,qwen25_vl,1.0,,16x9_g12x12_steach_cgs_proj0_i0001
sstk_image_1260114514,3:4,crop,5,0.0,qwen25_vl,0.5535829999999999,,3x4_g12x12_smaxc_i0001
sstk_image_1260114514,4:3,keep_full,5,0.0,qwen25_vl,0.572632,,4x3_g12x12_smaxc_i0001
sstk_image_1360803269,1:1,crop,5,0.0,qwen25_vl,1.0,,1x1_g12x12_smaxc_i0001
sstk_image_1360803269,9:16,crop,5,0.0,qwen25_vl,1.0,,9x16_g12x12_smaxc_i0001
sstk_image_1360803269,16:9,keep_full,5,0.0,qwen25_vl,0.5,,16x9_g12x12_smaxc_i0001
sstk_image_1360803269,3:4,crop,5,0.0,qwen25_vl,1.0,,3x4_g12x12_smaxc_i0001
sstk_image_1360803269,4:3,crop,5,0.0,qwen25_vl,0.5,,4x3_g12x12_smaxc_i0001
pond5_image_115395438,1:1,crop,5,0.0,qwen25_vl,1.0,,1x1_g12x12_smaxc_i0001
pond5_image_115395438,9:16,crop,5,0.0,qwen25_vl,1.0,,9x16_g12x12_smaxc_i0001
pond5_image_115395438,16:9,crop,5,0.0,qwen25_vl,1.0,,16x9_g12x12_steach_cgs_proj0_i0001
pond5_image_115395438,3:4,crop,5,0.0,qwen25_vl,0.5,,3x4_g12x12_smaxc_i0001
pond5_image_115395438,4:3,keep_full,5,0.0,qwen25_vl,0.5,,4x3_g12x12_smaxc_i0001
sstk_image_1271000569,1:1,keep_full,5,0.0,qwen25_vl,1.0,,1x1_g12x12_smaxc_i0001
sstk_image_1271000569,9:16,keep_full,5,0.0,qwen25_vl,1.0,,9x16_g12x12_smaxc_i0001
sstk_image_1271000569,16:9,keep_full,5,0.0,qwen25_vl,1.0,,16x9_g12x12_smaxc_i0001
sstk_image_1271000569,3:4,keep_full,5,0.0,qwen25_vl,1.0,,3x4_g12x12_smaxc_i0001
sstk_image_1271000569,4:3,keep_full,5,0.0,qwen25_vl,1.0,,4x3_g12x12_smaxc_i0001
sstk_image_2238875217,1:1,crop,5,0.0,qwen25_vl,0.5,,1x1_g12x12_smaxc_i0001
sstk_image_2238875217,9:16,keep_full,5,0.0,qwen25_vl,1.0,,9x16_g12x12_smx1_i0003
sstk_image_2238875217,16:9,keep_full,5,0.0,qwen25_vl,1.0,,16x9_g12x12_smaxc_i0001
sstk_image_2238875217,3:4,keep_full,5,0.0,qwen25_vl,1.0,,3x4_g12x12_smx1_i0003
sstk_image_2238875217,4:3,keep_full,3,0.0,qwen25_vl,1.0,,4x3_g12x12_smx0_i0002
sstk_image_167946659,1:1,crop,5,0.0,qwen25_vl,1.0,,1x1_g12x12_steach_cgs_proj0_i0001
sstk_image_167946659,9:16,crop,5,0.0,qwen25_vl,1.0,,9x16_g12x12_smaxc_i0001
sstk_image_167946659,16:9,crop,5,0.4919083535671218,qwen25_vl,0.9919089999999997,,16x9_g12x12_smaxc_i0001
sstk_image_167946659,3:4,crop,5,0.0,qwen25_vl,0.5,,3x4_g12x12_smaxc_i0001
sstk_image_167946659,4:3,crop,5,0.0,qwen25_vl,1.0,,4x3_g12x12_smaxc_i0001
sstk_image_1503314336,1:1,keep_full,5,0.0,qwen25_vl,1.0,,1x1_g12x12_smaxc_i0001
sstk_image_1503314336,9:16,keep_full,5,0.0,qwen25_vl,1.0,,9x16_g12x12_smaxc_i0001
sstk_image_1503314336,16:9,keep_full,5,0.0,qwen25_vl,0.5,,16x9_g12x12_smaxc_i0001
sstk_image_1503314336,3:4,keep_full,5,0.0,qwen25_vl,1.0,,3x4_g12x12_smaxc_i0001
sstk_image_1503314336,4:3,keep_full,5,0.0,qwen25_vl,1.0,,4x3_g12x12_smaxc_i0001
sstk_image_530406508,1:1,keep_full,5,0.0,qwen25_vl,1.0,,1x1_g12x12_smaxc_i0001
sstk_image_530406508,9:16,crop,5,0.0,qwen25_vl,1.0,,9x16_g12x12_smaxc_i0001
sstk_image_530406508,16:9,crop,5,0.0,qwen25_vl,0.8548259999999999,,16x9_g12x12_smaxc_i0001
sstk_image_530406508,3:4,keep_full,5,0.0,qwen25_vl,0.5,,3x4_g12x12_smaxc_i0001
sstk_image_530406508,4:3,keep_full,5,0.0,qwen25_vl,1.0,,4x3_g12x12_smaxc_i0001
sstk_image_172106447,1:1,minimal_crop,5,0.0,qwen25_vl,0.773911,,1x1_g12x12_smaxc_i0001
sstk_image_172106447,9:16,crop,5,0.0,qwen25_vl,1.0,,9x16_g12x12_smaxc_i0001
sstk_image_172106447,16:9,keep_full,5,0.0,qwen25_vl,1.0,,16x9_g12x12_smy1_i0003
sstk_image_172106447,3:4,crop,5,0.0,qwen25_vl,1.0,,3x4_g12x12_smaxc_i0001
sstk_image_172106447,4:3,keep_full,1,0.0,qwen25_vl,0.5,,4x3_g12x12_steach_cgs_jit0_20_i0002
pond5_image_31875795,1:1,crop,5,0.0,qwen25_vl,1.0,,1x1_g12x12_smy1_i0003
pond5_image_31875795,9:16,keep_full,5,0.0,qwen25_vl,1.0,,9x16_g12x12_smx1_i0003
pond5_image_31875795,16:9,crop,5,0.0,qwen25_vl,1.0,,16x9_g12x12_smy1_i0003
pond5_image_31875795,3:4,crop,1,0.0,qwen25_vl,0.5,,3x4_g12x12_steach_gaic_jit0_21_i0007
pond5_image_31875795,4:3,crop,5,0.0,qwen25_vl,1.0,,4x3_g12x12_smy1_i0003
pond5_image_83440819,1:1,keep_full,5,0.0,qwen25_vl,1.0,,1x1_g12x12_smy1_i0003
pond5_image_83440819,9:16,keep_full,5,0.0,qwen25_vl,1.0,,9x16_g12x12_smaxc_i0001
pond5_image_83440819,16:9,crop,5,0.0,qwen25_vl,1.0,,16x9_g12x12_s1_i0042
pond5_image_83440819,3:4,keep_full,5,0.0,qwen25_vl,1.0,,3x4_g12x12_smaxc_i0001
pond5_image_83440819,4:3,crop,5,0.0,qwen25_vl,1.0,,4x3_g12x12_smy0_i0002
sstk_image_1311881915,1:1,keep_full,1,0.0,qwen25_vl,0.5,,1x1_g12x12_steach_cgs_proj0_i0005
sstk_image_1311881915,9:16,keep_full,5,0.0,qwen25_vl,1.0,,9x16_g12x12_smx1_i0003
sstk_image_1311881915,16:9,keep_full,5,0.0,qwen25_vl,1.0,,16x9_g12x12_smy2_i0003
sstk_image_1311881915,3:4,keep_full,5,0.0,qwen25_vl,1.0,,3x4_g12x12_smx1_i0003
sstk_image_1311881915,4:3,keep_full,5,0.0,qwen25_vl,1.0,,4x3_g12x12_smaxc_i0001
bigstock_image_464852575,1:1,keep_full,5,0.0,qwen25_vl,0.5,,1x1_g12x12_smaxc_i0001
bigstock_image_464852575,9:16,crop,5,0.0,qwen25_vl,0.5,,9x16_g12x12_smaxc_i0001
bigstock_image_464852575,16:9,crop,5,0.0,qwen25_vl,0.5,,16x9_g12x12_smaxc_i0001
bigstock_image_464852575,3:4,crop,5,0.0,qwen25_vl,0.5,,3x4_g12x12_smaxc_i0001
bigstock_image_464852575,4:3,keep_full,5,0.0,qwen25_vl,0.5,,4x3_g12x12_smaxc_i0001
bigstock_image_466578131,1:1,keep_full,5,0.0,qwen25_vl,0.5,,1x1_g12x12_smaxc_i0001
bigstock_image_466578131,9:16,crop,5,0.0,qwen25_vl,0.7007770000000004,,9x16_g12x12_smaxc_i0001
bigstock_image_466578131,16:9,keep_full,5,0.0,qwen25_vl,1.0,,16x9_g12x12_smy1_i0002
bigstock_image_466578131,3:4,keep_full,5,0.0,qwen25_vl,0.679414,,3x4_g12x12_smaxc_i0001
bigstock_image_466578131,4:3,keep_full,5,0.0,qwen25_vl,0.5,,4x3_g12x12_smaxc_i0001
sstk_image_558228739,1:1,keep_full,5,0.0,qwen25_vl,0.5,,1x1_g12x12_smaxc_i0001
sstk_image_558228739,9:16,keep_full,5,0.0,qwen25_vl,1.0,,9x16_g12x12_smaxc_i0001
sstk_image_558228739,16:9,keep_full,1,0.0,qwen25_vl,0.5,,16x9_g12x12_steach_cgs_proj0_i0004
sstk_image_558228739,3:4,keep_full,5,0.0,qwen25_vl,0.5,,3x4_g12x12_smaxc_i0001
sstk_image_558228739,4:3,keep_full,5,0.0,qwen25_vl,0.5,,4x3_g12x12_smaxc_i0001
sstk_image_1300199380,1:1,keep_full,5,0.0,qwen25_vl,0.5,,1x1_g12x12_smaxc_i0001
sstk_image_1300199380,9:16,keep_full,5,0.0,qwen25_vl,0.542936,,9x16_g12x12_smaxc_i0001
sstk_image_1300199380,16:9,crop,5,0.0,qwen25_vl,0.5,,16x9_g12x12_smy2_i0004
sstk_image_1300199380,3:4,crop,5,0.0,qwen25_vl,0.5,,3x4_g12x12_steach_cgs_proj0_i0001
sstk_image_1300199380,4:3,keep_full,5,0.0,qwen25_vl,0.5059910000000001,,4x3_g12x12_smy0_i0002
bigstock_image_415334332,1:1,keep_full,5,0.0,qwen25_vl,1.0,,1x1_g12x12_smaxc_i0001
bigstock_image_415334332,9:16,keep_full,5,0.0,qwen25_vl,1.0,,9x16_g12x12_smaxc_i0001
bigstock_image_415334332,16:9,keep_full,5,0.0,qwen25_vl,0.8407760000000004,,16x9_g12x12_smaxc_i0001
bigstock_image_415334332,3:4,keep_full,5,0.0,qwen25_vl,1.0,,3x4_g12x12_smaxc_i0001
bigstock_image_415334332,4:3,keep_full,5,0.0,qwen25_vl,1.0,,4x3_g12x12_smaxc_i0001
sstk_image_42562216,1:1,crop,5,0.0,qwen25_vl,1.0,,1x1_g12x12_smaxc_i0001
sstk_image_42562216,9:16,crop,5,0.0,qwen25_vl,1.0,,9x16_g12x12_smaxc_i0001
sstk_image_42562216,16:9,keep_full,5,0.0,qwen25_vl,1.0,,16x9_g12x12_smaxc_i0001
sstk_image_42562216,3:4,crop,5,0.0,qwen25_vl,1.0,,3x4_g12x12_smaxc_i0001
sstk_image_42562216,4:3,crop,5,0.0,qwen25_vl,1.0,,4x3_g12x12_smaxc_i0001
sstk_image_386076220,1:1,crop,5,0.0,qwen25_vl,0.5,,1x1_g12x12_smaxc_i0001
sstk_image_386076220,9:16,crop,5,0.0,qwen25_vl,1.0,,9x16_g12x12_smaxc_i0001
sstk_image_386076220,16:9,crop,4,0.0,qwen25_vl,0.5,,16x9_g12x12_steach_cgs_jit0_19_i0006
sstk_image_386076220,3:4,crop,5,0.0,qwen25_vl,0.5,,3x4_g12x12_smaxc_i0001
sstk_image_386076220,4:3,crop,5,0.0,qwen25_vl,0.503879,,4x3_g12x12_smaxc_i0001
pond5_image_163121991,1:1,keep_full,5,0.0,qwen25_vl,0.5,,1x1_g12x12_smaxc_i0001
pond5_image_163121991,9:16,keep_full,5,0.0,qwen25_vl,0.5,,9x16_g12x12_smaxc_i0001
pond5_image_163121991,16:9,crop,5,0.0,qwen25_vl,0.913261,,16x9_g12x12_steach_cacnet_proj0_i0001
pond5_image_163121991,3:4,keep_full,5,0.0,qwen25_vl,0.5,,3x4_g12x12_smaxc_i0001
pond5_image_163121991,4:3,keep_full,5,0.0,qwen25_vl,0.5,,4x3_g12x12_smaxc_i0001
sstk_image_2077627717,1:1,keep_full,5,0.0,qwen25_vl,0.5431679999999999,,1x1_g12x12_smaxc_i0001
sstk_image_2077627717,9:16,keep_full,5,0.0,qwen25_vl,0.5665589999999999,,9x16_g12x12_smaxc_i0001
sstk_image_2077627717,16:9,keep_full,5,0.0,qwen25_vl,0.516731,,16x9_g12x12_smaxc_i0001
sstk_image_2077627717,3:4,crop,5,0.0,qwen25_vl,0.5236189999999998,,3x4_g12x12_smaxc_i0001
sstk_image_2077627717,4:3,keep_full,5,0.0,qwen25_vl,0.5261769999999999,,4x3_g12x12_smaxc_i0001
sstk_image_1408812920,1:1,keep_full,5,0.0,qwen25_vl,0.5,,1x1_g12x12_smaxc_i0001
sstk_image_1408812920,9:16,keep_full,5,0.0,qwen25_vl,1.0,,9x16_g12x12_smx1_i0003
sstk_image_1408812920,16:9,crop,3,0.0,qwen25_vl,0.5260599999999993,,16x9_g12x12_s3_i0074
sstk_image_1408812920,3:4,keep_full,5,0.0,qwen25_vl,0.5,,3x4_g12x12_smaxc_i0001
sstk_image_1408812920,4:3,keep_full,5,0.0,qwen25_vl,1.0,,4x3_g12x12_smaxc_i0001
sstk_image_2192952941,1:1,keep_full,5,0.0,qwen25_vl,0.5,,1x1_g12x12_smaxc_i0001
sstk_image_2192952941,9:16,keep_full,1,0.0,qwen25_vl,0.5,,9x16_g12x12_smx1_i0003
sstk_image_2192952941,16:9,keep_full,5,0.0,qwen25_vl,0.5048250000000001,,16x9_g12x12_smaxc_i0001
sstk_image_2192952941,3:4,keep_full,5,0.0,qwen25_vl,0.525355,,3x4_g12x12_smaxc_i0001
sstk_image_2192952941,4:3,keep_full,5,0.0,qwen25_vl,0.5035470000000002,,4x3_g12x12_smaxc_i0001
sstk_image_177881402,1:1,keep_full,5,0.0,qwen25_vl,0.5096930000000002,,1x1_g12x12_smaxc_i0001
sstk_image_177881402,9:16,crop,5,0.0,qwen25_vl,1.0,,9x16_g12x12_smaxc_i0001
sstk_image_177881402,16:9,keep_full,5,0.0,qwen25_vl,1.0,,16x9_g12x12_smaxc_i0001
sstk_image_177881402,3:4,keep_full,5,0.0,qwen25_vl,0.5,,3x4_g12x12_smaxc_i0001
sstk_image_177881402,4:3,keep_full,5,0.0,qwen25_vl,0.5146170000000001,,4x3_g12x12_smaxc_i0001
sstk_image_1343142038,1:1,keep_full,5,0.0,qwen25_vl,1.0,,1x1_g12x12_smaxc_i0001
sstk_image_1343142038,9:16,keep_full,5,0.0,qwen25_vl,0.5,,9x16_g12x12_smaxc_i0001
sstk_image_1343142038,16:9,keep_full,5,0.0,qwen25_vl,0.5218159999999998,,16x9_g12x12_smaxc_i0001
sstk_image_1343142038,3:4,keep_full,5,0.0,qwen25_vl,0.5,,3x4_g12x12_smaxc_i0001
sstk_image_1343142038,4:3,keep_full,5,0.0,qwen25_vl,0.563872,,4x3_g12x12_smaxc_i0001
sstk_image_2327108663,1:1,crop,5,0.0,qwen25_vl,1.0,,1x1_g12x12_smaxc_i0001
sstk_image_2327108663,9:16,keep_full,5,0.0,qwen25_vl,0.5,,9x16_g12x12_smaxc_i0001
sstk_image_2327108663,16:9,crop,5,0.0,qwen25_vl,0.531587,,16x9_g12x12_steach_gaic_proj0_i0001
sstk_image_2327108663,3:4,crop,5,0.0,qwen25_vl,1.0,,3x4_g12x12_smaxc_i0001
sstk_image_2327108663,4:3,crop,5,0.0,qwen25_vl,0.5,,4x3_g12x12_smaxc_i0001
sstk_image_718774711,1:1,crop,5,0.0,qwen25_vl,0.5,,1x1_g12x12_smaxc_i0001
sstk_image_718774711,9:16,crop,5,0.0,qwen25_vl,1.0,,9x16_g12x12_smx1_i0003
sstk_image_718774711,16:9,keep_full,5,0.0,qwen25_vl,0.5128170000000001,,16x9_g12x12_smaxc_i0001
sstk_image_718774711,3:4,crop,5,0.0,qwen25_vl,0.5188599999999999,,3x4_g12x12_smx1_i0003
sstk_image_718774711,4:3,minimal_crop,5,0.0,qwen25_vl,0.5140779999999998,,4x3_g12x12_smaxc_i0001
pond5_image_102317479,1:1,keep_full,5,0.0,qwen25_vl,0.5,,1x1_g12x12_smaxc_i0001
pond5_image_102317479,9:16,keep_full,5,0.0,qwen25_vl,0.5,,9x16_g12x12_smaxc_i0001
pond5_image_102317479,16:9,keep_full,5,0.0,qwen25_vl,0.5108359999999998,,16x9_g12x12_smaxc_i0001
pond5_image_102317479,3:4,keep_full,5,0.0,qwen25_vl,0.5,,3x4_g12x12_smaxc_i0001
pond5_image_102317479,4:3,keep_full,5,0.0,qwen25_vl,0.5133620000000001,,4x3_g12x12_smaxc_i0001
sstk_image_1630167718,1:1,keep_full,5,0.0,qwen25_vl,0.5,,1x1_g12x12_smaxc_i0001
sstk_image_1630167718,9:16,keep_full,5,0.0,qwen25_vl,1.0,,9x16_g12x12_smaxc_i0001
sstk_image_1630167718,16:9,keep_full,5,0.0,qwen25_vl,0.5,,16x9_g12x12_smaxc_i0001
sstk_image_1630167718,3:4,crop,5,0.0,qwen25_vl,1.0,,3x4_g12x12_steach_cgs_proj0_i0001
sstk_image_1630167718,4:3,keep_full,5,0.0,qwen25_vl,0.5,,4x3_g12x12_smaxc_i0001
sstk_image_1884210271,1:1,keep_full,5,0.0,qwen25_vl,0.5256540000000001,,1x1_g12x12_smaxc_i0001
sstk_image_1884210271,9:16,keep_full,5,0.0,qwen25_vl,0.5369220000000001,,9x16_g12x12_smaxc_i0001
sstk_image_1884210271,16:9,crop,5,0.0,qwen25_vl,1.0,,16x9_g12x12_smaxc_i0001
sstk_image_1884210271,3:4,crop,5,0.0,qwen25_vl,0.528931,,3x4_g12x12_smaxc_i0001
sstk_image_1884210271,4:3,keep_full,5,0.0,qwen25_vl,1.0,,4x3_g12x12_smaxc_i0001
sstk_image_1762673075,1:1,keep_full,5,0.0,qwen25_vl,0.5,,1x1_g12x12_smaxc_i0001
sstk_image_1762673075,9:16,keep_full,1,0.0,qwen25_vl,0.5,,9x16_g12x12_smx2_i0004
sstk_image_1762673075,16:9,keep_full,5,0.0,qwen25_vl,1.0,,16x9_g12x12_smy1_i0003
sstk_image_1762673075,3:4,crop,3,0.0,qwen25_vl,0.5,,3x4_g12x12_smx2_i0004
sstk_image_1762673075,4:3,keep_full,5,0.0,qwen25_vl,0.5,,4x3_g12x12_smaxc_i0001
sstk_image_2081011675,1:1,crop,5,0.0,qwen25_vl,1.0,,1x1_g12x12_steach_cgs_jit0_12_i0006
sstk_image_2081011675,9:16,keep_full,5,0.0,qwen25_vl,0.830444,,9x16_g12x12_smaxc_i0001
sstk_image_2081011675,16:9,keep_full,5,0.0,qwen25_vl,1.0,,16x9_g12x12_smaxc_i0001
sstk_image_2081011675,3:4,keep_full,1,0.0,qwen25_vl,0.5,,3x4_g12x12_smy1_i0003
sstk_image_2081011675,4:3,crop,3,0.0,qwen25_vl,1.0,,4x3_g12x12_s2_i0055
bigstock_image_240115168,1:1,keep_full,5,0.0,qwen25_vl,1.0,,1x1_g12x12_smx1_i0003
bigstock_image_240115168,9:16,keep_full,5,0.0,qwen25_vl,1.0,,9x16_g12x12_smx1_i0003
bigstock_image_240115168,16:9,crop,5,0.0,qwen25_vl,1.0,,16x9_g12x12_smaxc_i0001
bigstock_image_240115168,3:4,keep_full,5,0.0,qwen25_vl,1.0,,3x4_g12x12_smx1_i0003
bigstock_image_240115168,4:3,crop,5,0.0,qwen25_vl,1.0,,4x3_g12x12_steach_cacnet_proj0_i0001
sstk_image_283429562,1:1,keep_full,5,0.0,qwen25_vl,0.5,,1x1_g12x12_smaxc_i0001
sstk_image_283429562,9:16,keep_full,5,0.0,qwen25_vl,1.0,,9x16_g12x12_smx1_i0003
sstk_image_283429562,16:9,crop,1,0.0,qwen25_vl,0.5,,16x9_g12x12_steach_gaic_jit0_20_i0007
sstk_image_283429562,3:4,keep_full,5,0.0,qwen25_vl,1.0,,3x4_g12x12_smaxc_i0001
sstk_image_283429562,4:3,keep_full,5,0.0,qwen25_vl,0.5,,4x3_g12x12_smaxc_i0001
bigstock_image_166483055,1:1,keep_full,5,0.0,qwen25_vl,1.0,,1x1_g12x12_smy1_i0003
bigstock_image_166483055,9:16,keep_full,5,0.0,qwen25_vl,0.7512209999999999,,9x16_g12x12_smaxc_i0001
bigstock_image_166483055,16:9,crop,5,0.0,qwen25_vl,1.0,,16x9_g12x12_steach_cgs_jit0_13_i0007
bigstock_image_166483055,3:4,keep_full,5,0.0,qwen25_vl,0.5,,3x4_g12x12_smaxc_i0001
bigstock_image_166483055,4:3,crop,5,0.0,qwen25_vl,1.0,,4x3_g12x12_sjit0_i0053
sstk_image_694129027,1:1,keep_full,5,0.0,qwen25_vl,1.0,,1x1_g12x12_smaxc_i0001
sstk_image_694129027,9:16,keep_full,5,0.0,qwen25_vl,1.0,,9x16_g12x12_smaxc_i0001
sstk_image_694129027,16:9,keep_full,5,0.0,qwen25_vl,1.0,,16x9_g12x12_smaxc_i0001
sstk_image_694129027,3:4,keep_full,5,0.0,qwen25_vl,1.0,,3x4_g12x12_smaxc_i0001
sstk_image_694129027,4:3,keep_full,5,0.0,qwen25_vl,1.0,,4x3_g12x12_smaxc_i0001
sstk_image_1527204620,1:1,keep_full,5,0.0,qwen25_vl,0.513823,,1x1_g12x12_smaxc_i0001
sstk_image_1527204620,9:16,crop,5,0.0,qwen25_vl,1.0,,9x16_g12x12_smaxc_i0001
sstk_image_1527204620,16:9,keep_full,5,0.0,qwen25_vl,1.0,,16x9_g12x12_smaxc_i0001
sstk_image_1527204620,3:4,keep_full,5,0.0,qwen25_vl,1.0,,3x4_g12x12_smaxc_i0001
sstk_image_1527204620,4:3,keep_full,5,0.0,qwen25_vl,1.0,,4x3_g12x12_smaxc_i0001
sstk_image_2156411081,1:1,crop,5,0.0,qwen25_vl,1.0,,1x1_g12x12_steach_cgs_proj0_i0001
sstk_image_2156411081,9:16,keep_full,5,0.0,qwen25_vl,0.5,,9x16_g12x12_smaxc_i0001
sstk_image_2156411081,16:9,keep_full,5,0.0,qwen25_vl,0.5,,16x9_g12x12_smaxc_i0001
sstk_image_2156411081,3:4,keep_full,5,0.0,qwen25_vl,0.5,,3x4_g12x12_smaxc_i0001
sstk_image_2156411081,4:3,crop,5,0.0,qwen25_vl,1.0,,4x3_g12x12_smaxc_i0001
pond5_image_101541673,1:1,keep_full,4,0.0,qwen25_vl,1.0,,1x1_g12x12_smx1_i0003
pond5_image_101541673,9:16,crop,1,0.0,qwen25_vl,0.5,,9x16_g12x12_s1_i0026
pond5_image_101541673,16:9,keep_full,4,0.0,qwen25_vl,0.8789829999999998,,16x9_g12x12_smaxc_i0001
pond5_image_101541673,3:4,keep_full,1,0.0,qwen25_vl,0.5,,3x4_g12x12_smx2_i0004
pond5_image_101541673,4:3,keep_full,2,0.0,qwen25_vl,1.0,,4x3_g12x12_smx0_i0002
sstk_image_1533994931,1:1,crop,5,0.0,qwen25_vl,0.5,,1x1_g12x12_smaxc_i0001
sstk_image_1533994931,9:16,keep_full,5,0.0,qwen25_vl,0.5368499999999999,,9x16_g12x12_smaxc_i0001
sstk_image_1533994931,16:9,crop,5,0.0,qwen25_vl,1.0,,16x9_g12x12_smaxc_i0001
sstk_image_1533994931,3:4,keep_full,5,0.0,qwen25_vl,0.55184,,3x4_g12x12_smaxc_i0001
sstk_image_1533994931,4:3,crop,5,0.0,qwen25_vl,0.567585,,4x3_g12x12_smaxc_i0001
pond5_image_49977455,1:1,crop,3,0.0,qwen25_vl,1.0,,1x1_g12x12_smx2_i0003
pond5_image_49977455,9:16,keep_full,1,0.0,qwen25_vl,0.5,,9x16_g12x12_smx2_i0004
pond5_image_49977455,16:9,crop,5,0.0,qwen25_vl,1.0,,16x9_g12x12_smaxc_i0001
pond5_image_49977455,3:4,crop,2,0.0,qwen25_vl,1.0,,3x4_g12x12_smx2_i0003
pond5_image_49977455,4:3,keep_full,1,0.0,qwen25_vl,0.5,,4x3_g12x12_smx3_i0004
pond5_image_188261330,1:1,keep_full,5,0.0,qwen25_vl,1.0,,1x1_g12x12_smx1_i0003
pond5_image_188261330,9:16,keep_full,5,0.0,qwen25_vl,1.0,,9x16_g12x12_smx1_i0003
pond5_image_188261330,16:9,crop,5,0.0,qwen25_vl,1.0,,16x9_g12x12_smy2_i0003
pond5_image_188261330,3:4,crop,5,0.0,qwen25_vl,1.0,,3x4_g12x12_smx1_i0003
pond5_image_188261330,4:3,keep_full,1,0.0,qwen25_vl,0.5,,4x3_g12x12_smx0_i0002
bigstock_image_291505912,1:1,keep_full,1,0.0,qwen25_vl,0.5,,1x1_g12x12_smy0_i0002
bigstock_image_291505912,9:16,keep_full,1,0.0,qwen25_vl,0.5,,9x16_g12x12_smy0_i0002
bigstock_image_291505912,16:9,crop,5,0.0,qwen25_vl,1.0,,16x9_g12x12_smy2_i0004
bigstock_image_291505912,3:4,keep_full,1,0.0,qwen25_vl,0.5,,3x4_g12x12_smy0_i0002
bigstock_image_291505912,4:3,crop,5,0.0,qwen25_vl,1.0,,4x3_g12x12_smy2_i0004
sstk_image_2237546447,1:1,keep_full,5,0.0,qwen25_vl,0.5,,1x1_g12x12_smaxc_i0001
sstk_image_2237546447,9:16,keep_full,5,0.0,qwen25_vl,1.0,,9x16_g12x12_smaxc_i0001
sstk_image_2237546447,16:9,keep_full,5,0.0,qwen25_vl,1.0,,16x9_g12x12_smaxc_i0001
sstk_image_2237546447,3:4,keep_full,5,0.0,qwen25_vl,1.0,,3x4_g12x12_smaxc_i0001
sstk_image_2237546447,4:3,keep_full,5,0.0,qwen25_vl,0.5,,4x3_g12x12_smaxc_i0001
sstk_image_1927109969,1:1,keep_full,5,0.0,qwen25_vl,0.5,,1x1_g12x12_smaxc_i0001
sstk_image_1927109969,9:16,keep_full,5,0.0,qwen25_vl,1.0,,9x16_g12x12_smaxc_i0001
sstk_image_1927109969,16:9,keep_full,5,0.0,qwen25_vl,0.9942029999999997,,16x9_g12x12_smaxc_i0001
sstk_image_1927109969,3:4,keep_full,5,0.0,qwen25_vl,0.916291,,3x4_g12x12_smaxc_i0001
sstk_image_1927109969,4:3,crop,5,0.0,qwen25_vl,1.0,,4x3_g12x12_steach_cacnet_proj0_i0001
pond5_image_77017401,1:1,crop,5,0.0,qwen25_vl,0.501933,,1x1_g12x12_smaxc_i0001
pond5_image_77017401,9:16,keep_full,1,0.0,qwen25_vl,0.5,,9x16_g12x12_smx1_i0003
pond5_image_77017401,16:9,keep_full,3,0.0,qwen25_vl,0.7788720000000002,,16x9_g12x12_smy0_i0002
pond5_image_77017401,3:4,crop,5,0.0,qwen25_vl,0.5,,3x4_g12x12_steach_cacnet_jit0_15_i0006
pond5_image_77017401,4:3,keep_full,5,0.0,qwen25_vl,1.0,,4x3_g12x12_smaxc_i0001
sstk_image_52319896,1:1,keep_full,5,0.0,qwen25_vl,1.0,,1x1_g12x12_smy1_i0003
sstk_image_52319896,9:16,keep_full,5,0.0,qwen25_vl,0.5,,9x16_g12x12_smaxc_i0001
sstk_image_52319896,16:9,crop,5,0.0,qwen25_vl,0.5,,16x9_g12x12_s1_i0049
sstk_image_52319896,3:4,keep_full,1,0.0,qwen25_vl,0.5,,3x4_g12x12_smy2_i0003
sstk_image_52319896,4:3,keep_full,5,0.0,qwen25_vl,1.0,,4x3_g12x12_smy0_i0002
sstk_image_1523494808,1:1,keep_full,5,0.0,qwen25_vl,0.555567,,1x1_g12x12_smy2_i0004
sstk_image_1523494808,9:16,keep_full,5,0.0,qwen25_vl,0.519662,,9x16_g12x12_smaxc_i0001
sstk_image_1523494808,16:9,keep_full,2,0.0,qwen25_vl,1.0,,16x9_g12x12_smy2_i0004
sstk_image_1523494808,3:4,keep_full,5,0.0,qwen25_vl,0.5290620000000001,,3x4_g12x12_smaxc_i0001
sstk_image_1523494808,4:3,keep_full,5,0.0,qwen25_vl,1.0,,4x3_g12x12_smy2_i0004
sstk_image_713624152,1:1,keep_full,5,0.0,qwen25_vl,1.0,,1x1_g12x12_smaxc_i0001
sstk_image_713624152,9:16,keep_full,5,0.0,qwen25_vl,0.5,,9x16_g12x12_smaxc_i0001
sstk_image_713624152,16:9,keep_full,5,0.0,qwen25_vl,0.5,,16x9_g12x12_smaxc_i0001
sstk_image_713624152,3:4,keep_full,5,0.0,qwen25_vl,0.5,,3x4_g12x12_smaxc_i0001
sstk_image_713624152,4:3,keep_full,5,0.0,qwen25_vl,0.530354,,4x3_g12x12_smaxc_i0001
bigstock_image_215724892,1:1,keep_full,5,0.0,qwen25_vl,0.9981960000000001,,1x1_g12x12_smaxc_i0001
bigstock_image_215724892,9:16,keep_full,5,0.0,qwen25_vl,1.0,,9x16_g12x12_smaxc_i0001
bigstock_image_215724892,16:9,keep_full,5,0.0,qwen25_vl,1.0,,16x9_g12x12_smaxc_i0001
bigstock_image_215724892,3:4,keep_full,5,0.0,qwen25_vl,1.0,,3x4_g12x12_smaxc_i0001
bigstock_image_215724892,4:3,keep_full,5,0.0,qwen25_vl,1.0,,4x3_g12x12_smaxc_i0001
sstk_image_331831370,1:1,crop,5,0.0,qwen25_vl,1.0,,1x1_g12x12_smaxc_i0001
sstk_image_331831370,9:16,crop,5,0.0,qwen25_vl,0.5,,9x16_g12x12_smaxc_i0001
sstk_image_331831370,16:9,crop,5,0.0,qwen25_vl,1.0,,16x9_g12x12_smaxc_i0001
sstk_image_331831370,3:4,crop,5,0.0,qwen25_vl,0.5,,3x4_g12x12_smaxc_i0001
sstk_image_331831370,4:3,crop,5,0.0,qwen25_vl,0.5,,4x3_g12x12_steach_cgs_jit0_23_i0003
sstk_image_727244851,1:1,keep_full,5,0.0,qwen25_vl,0.9439800000000007,,1x1_g12x12_smaxc_i0001
sstk_image_727244851,9:16,keep_full,5,0.0,qwen25_vl,1.0,,9x16_g12x12_smaxc_i0001
sstk_image_727244851,16:9,keep_full,5,0.0,qwen25_vl,0.8330860000000002,,16x9_g12x12_smaxc_i0001
sstk_image_727244851,3:4,keep_full,5,0.0,qwen25_vl,1.0,,3x4_g12x12_smaxc_i0001
sstk_image_727244851,4:3,crop,5,0.0,qwen25_vl,1.0,,4x3_g12x12_smaxc_i0001
sstk_image_1766916080,1:1,crop,5,0.0,qwen25_vl,1.0,,1x1_g12x12_smy0_i0002
sstk_image_1766916080,9:16,keep_full,2,0.0,qwen25_vl,0.616647,,9x16_g12x12_smx2_i0004
sstk_image_1766916080,16:9,crop,3,0.0,qwen25_vl,1.0,,16x9_g12x12_s1_i0035
sstk_image_1766916080,3:4,keep_full,1,0.0,qwen25_vl,0.5,,3x4_g12x12_smy0_i0002
sstk_image_1766916080,4:3,crop,5,0.0,qwen25_vl,1.0,,4x3_g12x12_s2_i0034
sstk_image_240027577,1:1,crop,5,0.0,qwen25_vl,0.8971340000000001,,1x1_g12x12_smaxc_i0001
sstk_image_240027577,9:16,crop,5,0.0,qwen25_vl,1.0,,9x16_g12x12_smx1_i0003
sstk_image_240027577,16:9,keep_full,2,0.0,qwen25_vl,0.5,,16x9_g12x12_smaxc_i0001
sstk_image_240027577,3:4,crop,5,0.0,qwen25_vl,1.0,,3x4_g12x12_steach_cgs_jit0_10_i0007
sstk_image_240027577,4:3,keep_full,5,0.0,qwen25_vl,1.0,,4x3_g12x12_smaxc_i0001
sstk_image_383878579,1:1,keep_full,5,0.0,qwen25_vl,0.5,,1x1_g12x12_smaxc_i0001
sstk_image_383878579,9:16,keep_full,5,0.0,qwen25_vl,0.5,,9x16_g12x12_smaxc_i0001
sstk_image_383878579,16:9,keep_full,5,0.0,qwen25_vl,1.0,,16x9_g12x12_smaxc_i0001
sstk_image_383878579,3:4,keep_full,5,0.0,qwen25_vl,0.5,,3x4_g12x12_smaxc_i0001
sstk_image_383878579,4:3,keep_full,5,0.0,qwen25_vl,0.5,,4x3_g12x12_smaxc_i0001
sstk_image_133660457,1:1,keep_full,5,0.0,qwen25_vl,1.0,,1x1_g12x12_smaxc_i0001
sstk_image_133660457,9:16,keep_full,5,0.0,qwen25_vl,1.0,,9x16_g12x12_smaxc_i0001
sstk_image_133660457,16:9,keep_full,5,0.0,qwen25_vl,1.0,,16x9_g12x12_smaxc_i0001
sstk_image_133660457,3:4,keep_full,5,0.0,qwen25_vl,1.0,,3x4_g12x12_smaxc_i0001
sstk_image_133660457,4:3,keep_full,5,0.0,qwen25_vl,1.0,,4x3_g12x12_smaxc_i0001
sstk_image_1352962802,1:1,keep_full,5,0.0,qwen25_vl,0.5,,1x1_g12x12_smaxc_i0001
sstk_image_1352962802,9:16,keep_full,5,0.0,qwen25_vl,1.0,,9x16_g12x12_smaxc_i0001
sstk_image_1352962802,16:9,crop,5,0.0,qwen25_vl,1.0,,16x9_g12x12_smaxc_i0001
sstk_image_1352962802,3:4,keep_full,5,0.0,qwen25_vl,1.0,,3x4_g12x12_smaxc_i0001
sstk_image_1352962802,4:3,keep_full,5,0.0,qwen25_vl,0.6880229999999999,,4x3_g12x12_smaxc_i0001
pond5_image_86739151,1:1,keep_full,1,0.0,qwen25_vl,0.5,,1x1_g12x12_smx1_i0003
pond5_image_86739151,9:16,crop,5,0.0,qwen25_vl,1.0,,9x16_g12x12_smx1_i0003
pond5_image_86739151,16:9,keep_full,1,0.0,qwen25_vl,0.5,,16x9_g12x12_s5_i0065
pond5_image_86739151,3:4,crop,5,0.0,qwen25_vl,1.0,,3x4_g12x12_smx1_i0003
pond5_image_86739151,4:3,keep_full,4,0.0,qwen25_vl,0.5,,4x3_g12x12_smaxc_i0001
sstk_image_505773664,1:1,crop,5,0.0,qwen25_vl,1.0,,1x1_g12x12_smaxc_i0001
sstk_image_505773664,9:16,crop,5,0.0,qwen25_vl,1.0,,9x16_g12x12_smaxc_i0001
sstk_image_505773664,16:9,crop,5,0.0,qwen25_vl,1.0,,16x9_g12x12_smaxc_i0001
sstk_image_505773664,3:4,crop,5,0.0,qwen25_vl,1.0,,3x4_g12x12_smaxc_i0001
sstk_image_505773664,4:3,crop,5,0.0,qwen25_vl,1.0,,4x3_g12x12_smaxc_i0001
sstk_image_1322523074,1:1,keep_full,5,0.0,qwen25_vl,0.5,,1x1_g12x12_smaxc_i0001
sstk_image_1322523074,9:16,keep_full,5,0.0,qwen25_vl,0.5,,9x16_g12x12_smaxc_i0001
sstk_image_1322523074,16:9,keep_full,5,0.0,qwen25_vl,1.0,,16x9_g12x12_smaxc_i0001
sstk_image_1322523074,3:4,keep_full,5,0.0,qwen25_vl,0.5,,3x4_g12x12_smaxc_i0001
sstk_image_1322523074,4:3,keep_full,5,0.0,qwen25_vl,1.0,,4x3_g12x12_smaxc_i0001
sstk_image_288347894,1:1,keep_full,5,0.0,qwen25_vl,0.504855,,1x1_g12x12_smaxc_i0001
sstk_image_288347894,9:16,keep_full,5,0.0,qwen25_vl,0.5,,9x16_g12x12_smaxc_i0001
sstk_image_288347894,16:9,crop,5,0.0,qwen25_vl,1.0,,16x9_g12x12_smaxc_i0001
sstk_image_288347894,3:4,crop,5,0.0,qwen25_vl,0.5273589999999999,,3x4_g12x12_smaxc_i0001
sstk_image_288347894,4:3,keep_full,5,0.0,qwen25_vl,1.0,,4x3_g12x12_smaxc_i0001
sstk_image_1104099791,1:1,crop,5,0.0,qwen25_vl,1.0,,1x1_g12x12_smaxc_i0001
sstk_image_1104099791,9:16,keep_full,5,0.0,qwen25_vl,0.5,,9x16_g12x12_smaxc_i0001
sstk_image_1104099791,16:9,crop,5,0.0,qwen25_vl,0.5,,16x9_g12x12_smaxc_i0001
sstk_image_1104099791,3:4,keep_full,5,0.0,qwen25_vl,1.0,,3x4_g12x12_smaxc_i0001
sstk_image_1104099791,4:3,crop,5,0.0,qwen25_vl,1.0,,4x3_g12x12_smaxc_i0001
sstk_image_127954160,1:1,crop,5,0.0,qwen25_vl,1.0,,1x1_g12x12_smaxc_i0001
sstk_image_127954160,9:16,keep_full,5,0.0,qwen25_vl,1.0,,9x16_g12x12_smaxc_i0001
sstk_image_127954160,16:9,crop,5,0.0,qwen25_vl,1.0,,16x9_g12x12_smaxc_i0001
sstk_image_127954160,3:4,crop,5,0.0,qwen25_vl,1.0,,3x4_g12x12_smaxc_i0001
sstk_image_127954160,4:3,crop,5,0.0,qwen25_vl,1.0,,4x3_g12x12_smaxc_i0001
pond5_image_220910386,1:1,crop,5,0.0,qwen25_vl,1.0,,1x1_g12x12_smaxc_i0001
pond5_image_220910386,9:16,keep_full,5,0.0,qwen25_vl,1.0,,9x16_g12x12_smaxc_i0001
pond5_image_220910386,16:9,crop,5,0.0,qwen25_vl,1.0,,16x9_g12x12_smaxc_i0001
pond5_image_220910386,3:4,keep_full,5,0.0,qwen25_vl,1.0,,3x4_g12x12_smaxc_i0001
pond5_image_220910386,4:3,keep_full,5,0.0,qwen25_vl,1.0,,4x3_g12x12_smaxc_i0001
sstk_image_1597281646,1:1,keep_full,5,0.0,qwen25_vl,1.0,,1x1_g12x12_smaxc_i0001
sstk_image_1597281646,9:16,keep_full,5,0.0,qwen25_vl,1.0,,9x16_g12x12_smaxc_i0001
sstk_image_1597281646,16:9,keep_full,5,0.0,qwen25_vl,1.0,,16x9_g12x12_smaxc_i0001
sstk_image_1597281646,3:4,keep_full,5,0.0,qwen25_vl,1.0,,3x4_g12x12_smaxc_i0001
sstk_image_1597281646,4:3,keep_full,5,0.0,qwen25_vl,1.0,,4x3_g12x12_smaxc_i0001
sstk_image_353199680,1:1,crop,5,0.0,qwen25_vl,0.5506010000000001,,1x1_g12x12_smaxc_i0001
sstk_image_353199680,9:16,crop,5,0.0,qwen25_vl,0.5,,9x16_g12x12_smaxc_i0001
sstk_image_353199680,16:9,crop,5,0.0,qwen25_vl,1.0,,16x9_g12x12_smaxc_i0001
sstk_image_353199680,3:4,crop,5,0.0,qwen25_vl,1.0,,3x4_g12x12_smaxc_i0001
sstk_image_353199680,4:3,crop,5,0.0,qwen25_vl,1.0,,4x3_g12x12_steach_cgs_proj0_i0001
sstk_image_141222145,1:1,crop,5,0.0,qwen25_vl,1.0,,1x1_g12x12_smx1_i0003
sstk_image_141222145,9:16,crop,5,0.0,qwen25_vl,1.0,,9x16_g12x12_smx1_i0003
sstk_image_141222145,16:9,crop,5,0.0,qwen25_vl,1.0,,16x9_g12x12_smy1_i0003
sstk_image_141222145,3:4,crop,5,0.0,qwen25_vl,1.0,,3x4_g12x12_smx1_i0003
sstk_image_141222145,4:3,keep_full,3,0.0,qwen25_vl,1.0,,4x3_g12x12_smaxc_i0001
pond5_image_21322898,1:1,crop,5,0.0,qwen25_vl,1.0,,1x1_g12x12_smy1_i0003
pond5_image_21322898,9:16,keep_full,5,0.0,qwen25_vl,1.0,,9x16_g12x12_smx0_i0002
pond5_image_21322898,16:9,crop,5,0.0,qwen25_vl,1.0,,16x9_g12x12_steach_gaic_jit0_13_i0009
pond5_image_21322898,3:4,crop,3,0.0,qwen25_vl,0.9629880000000002,,3x4_g12x12_steach_gaic_jit0_17_i0008
pond5_image_21322898,4:3,crop,5,0.0,qwen25_vl,1.0,,4x3_g12x12_smy1_i0003
sstk_image_2280867517,1:1,keep_full,5,0.0,qwen25_vl,1.0,,1x1_g12x12_smx1_i0003
sstk_image_2280867517,9:16,keep_full,2,0.0,qwen25_vl,1.0,,9x16_g12x12_smx2_i0004
sstk_image_2280867517,16:9,keep_full,1,0.0,qwen25_vl,0.5,,16x9_g12x12_smy2_i0003
sstk_image_2280867517,3:4,crop,5,0.0,qwen25_vl,1.0,,3x4_g12x12_steach_cgs_proj0_i0005
sstk_image_2280867517,4:3,keep_full,1,0.0,qwen25_vl,0.5,,4x3_g12x12_smx0_i0002
bigstock_image_274055320,1:1,keep_full,5,0.0,qwen25_vl,0.5,,1x1_g12x12_smaxc_i0001
bigstock_image_274055320,9:16,crop,5,0.0,qwen25_vl,1.0,,9x16_g12x12_smaxc_i0001
bigstock_image_274055320,16:9,keep_full,5,0.0,qwen25_vl,1.0,,16x9_g12x12_smaxc_i0001
bigstock_image_274055320,3:4,crop,5,0.0,qwen25_vl,1.0,,3x4_g12x12_smaxc_i0001
bigstock_image_274055320,4:3,crop,5,0.0,qwen25_vl,1.0,,4x3_g12x12_smaxc_i0001
