source_image_id,image_route,legacy_subject_mode,routing_confidence,num_person,num_person_c2,person_union_area_ratio,pose_available,positive_vote_route_family_share,positive_vote_route_family_weight,reasons,in_selected_panel,issue_type,caption,user_marked
bigstock_image_115747316,person_group,portrait_group,0.99,1.0,1.0,0.078652,True,0.0,0.0,legacy_portrait_group,True,image_group_with_single_person_evidence,group but num_person=1,False
bigstock_image_171246869,person_group,portrait_group,0.99,1.0,1.0,0.102879,True,0.0,0.0,legacy_portrait_group,True,image_group_with_single_person_evidence,group but num_person=1,False
bigstock_image_173600372,person_group,portrait_group,0.99,1.0,1.0,0.059413,True,0.0,0.0,legacy_portrait_group,True,image_group_with_single_person_evidence,group but num_person=1,True
bigstock_image_214823983,person_group,portrait_group,0.99,1.0,1.0,0.225721,True,0.0,0.0,legacy_portrait_group,True,image_group_with_single_person_evidence,group but num_person=1,False
bigstock_image_218257906,person_group,portrait_group,0.99,1.0,1.0,0.108597,True,0.0,0.0,legacy_portrait_group,True,image_group_with_single_person_evidence,group but num_person=1,False
bigstock_image_233205895,person_group,portrait_group,0.99,1.0,1.0,0.070717,True,0.0,0.0,legacy_portrait_group,True,image_group_with_single_person_evidence,group but num_person=1,False
bigstock_image_247678465,person_group,portrait_group,0.99,1.0,1.0,0.202075,True,0.0,0.0,legacy_portrait_group,True,image_group_with_single_person_evidence,group but num_person=1,False
bigstock_image_85050737,person_group,portrait_group,0.99,1.0,1.0,0.239728,True,0.0,0.0,legacy_portrait_group,True,image_group_with_single_person_evidence,group but num_person=1,False
pond5_image_101326243,person_group,portrait_group,0.99,1.0,1.0,0.041163,True,0.0,0.0,legacy_portrait_group,True,image_group_with_single_person_evidence,group but num_person=1,False
pond5_image_105898371,person_group,portrait_group,0.99,1.0,1.0,0.109901,True,0.0,0.0,legacy_portrait_group,True,image_group_with_single_person_evidence,group but num_person=1,False
pond5_image_114415241,person_group,portrait_group,0.99,1.0,1.0,0.169633,True,0.0,0.0,legacy_portrait_group,True,image_group_with_single_person_evidence,group but num_person=1,False
pond5_image_124245186,person_group,portrait_group,0.99,1.0,1.0,0.014805,True,0.0,0.0,legacy_portrait_group,True,image_group_with_single_person_evidence,group but num_person=1,False
pond5_image_128935973,person_group,portrait_group,0.99,1.0,1.0,0.111544,True,0.0,0.0,legacy_portrait_group,True,image_group_with_single_person_evidence,group but num_person=1,False
pond5_image_134416372,person_group,portrait_group,0.99,1.0,1.0,0.195922,True,0.0,0.0,legacy_portrait_group,True,image_group_with_single_person_evidence,group but num_person=1,False
pond5_image_139117122,person_group,portrait_group,0.99,1.0,1.0,0.182498,True,0.0,0.0,legacy_portrait_group,True,image_group_with_single_person_evidence,group but num_person=1,False
pond5_image_143273930,person_group,portrait_group,0.99,1.0,1.0,0.043912,True,0.0,0.0,legacy_portrait_group,True,image_group_with_single_person_evidence,group but num_person=1,False
pond5_image_156415111,person_group,portrait_group,0.99,1.0,1.0,0.165082,True,0.0,0.0,legacy_portrait_group,True,image_group_with_single_person_evidence,group but num_person=1,False
pond5_image_201293170,person_group,portrait_group,0.99,1.0,1.0,0.04192,True,0.0,0.0,legacy_portrait_group,True,image_group_with_single_person_evidence,group but num_person=1,False
pond5_image_232387595,person_group,portrait_group,0.99,1.0,1.0,0.028758,True,0.0,0.0,legacy_portrait_group,True,image_group_with_single_person_evidence,group but num_person=1,False
pond5_image_52342129,person_group,portrait_group,0.99,1.0,1.0,0.130285,True,0.0,0.0,legacy_portrait_group,True,image_group_with_single_person_evidence,group but num_person=1,False
pond5_image_62513194,person_group,portrait_group,0.99,1.0,1.0,0.077925,True,0.0,0.0,legacy_portrait_group,True,image_group_with_single_person_evidence,group but num_person=1,False
pond5_image_87734374,person_group,portrait_group,0.99,1.0,1.0,0.232087,True,0.0,0.0,legacy_portrait_group,True,image_group_with_single_person_evidence,group but num_person=1,False
pond5_image_89334168,person_group,portrait_group,0.99,1.0,1.0,0.146696,True,0.0,0.0,legacy_portrait_group,True,image_group_with_single_person_evidence,group but num_person=1,False
pond5_image_91197054,person_group,portrait_group,0.99,1.0,1.0,0.101879,True,0.0,0.0,legacy_portrait_group,True,image_group_with_single_person_evidence,group but num_person=1,False
pond5_image_93799763,person_group,portrait_group,0.99,1.0,1.0,0.144945,True,0.0,0.0,legacy_portrait_group,True,image_group_with_single_person_evidence,group but num_person=1,False
sstk_image_1055359298,person_group,portrait_group,0.99,1.0,1.0,0.066759,True,0.0,0.0,legacy_portrait_group,True,image_group_with_single_person_evidence,group but num_person=1,False
sstk_image_1055359313,person_group,portrait_group,0.99,1.0,1.0,0.025532,True,0.0,0.0,legacy_portrait_group,True,image_group_with_single_person_evidence,group but num_person=1,False
sstk_image_1064289491,person_group,portrait_group,0.99,1.0,1.0,0.054237,True,0.0,0.0,legacy_portrait_group,True,image_group_with_single_person_evidence,group but num_person=1,False
sstk_image_1155045010,person_group,portrait_group,0.99,1.0,1.0,0.086064,True,0.0,0.0,legacy_portrait_group,True,image_group_with_single_person_evidence,group but num_person=1,False
sstk_image_1182622657,person_group,portrait_group,0.99,1.0,1.0,0.130561,True,0.0,0.0,legacy_portrait_group,True,image_group_with_single_person_evidence,group but num_person=1,False
sstk_image_1214980858,person_group,portrait_group,0.99,1.0,1.0,0.129325,True,0.0,0.0,legacy_portrait_group,True,image_group_with_single_person_evidence,group but num_person=1,False
sstk_image_12992410,person_group,portrait_group,0.99,1.0,1.0,0.349966,True,0.0,0.0,legacy_portrait_group,True,image_group_with_single_person_evidence,group but num_person=1,False
sstk_image_1469762474,person_group,portrait_group,0.99,1.0,1.0,0.15157,True,0.0,0.0,legacy_portrait_group,True,image_group_with_single_person_evidence,group but num_person=1,False
sstk_image_153624914,person_group,portrait_group,0.96,1.0,1.0,0.390963,True,0.0,0.0,legacy_portrait_group,True,image_group_with_single_person_evidence,group but num_person=1,False
sstk_image_158900711,person_group,portrait_group,0.99,1.0,1.0,0.069654,True,0.0,0.0,legacy_portrait_group,True,image_group_with_single_person_evidence,group but num_person=1,False
sstk_image_1674086284,person_group,portrait_group,0.99,1.0,1.0,0.177515,True,0.0,0.0,legacy_portrait_group,True,image_group_with_single_person_evidence,group but num_person=1,False
sstk_image_1707007756,person_group,portrait_group,0.99,1.0,1.0,0.053907,True,0.0,0.0,legacy_portrait_group,True,image_group_with_single_person_evidence,group but num_person=1,False
sstk_image_1804406110,person_group,portrait_group,0.99,1.0,1.0,0.105211,True,0.0,0.0,legacy_portrait_group,True,image_group_with_single_person_evidence,group but num_person=1,False
sstk_image_1828217024,person_group,portrait_group,0.99,1.0,1.0,0.221649,True,0.0,0.0,legacy_portrait_group,True,image_group_with_single_person_evidence,group but num_person=1,False
sstk_image_183318698,person_group,portrait_group,0.99,1.0,1.0,0.062696,True,0.0,0.0,legacy_portrait_group,True,image_group_with_single_person_evidence,group but num_person=1,False
sstk_image_1855355065,person_group,portrait_group,0.99,1.0,1.0,0.13943,True,0.0,0.0,legacy_portrait_group,True,image_group_with_single_person_evidence,group but num_person=1,False
sstk_image_1926075149,person_group,portrait_group,0.99,1.0,1.0,0.091682,True,0.0,0.0,legacy_portrait_group,True,image_group_with_single_person_evidence,group but num_person=1,False
sstk_image_1978881611,person_group,portrait_group,0.99,1.0,1.0,0.227159,True,0.0,0.0,legacy_portrait_group,True,image_group_with_single_person_evidence,group but num_person=1,False
sstk_image_1999997045,person_group,portrait_group,0.99,1.0,1.0,0.207766,True,0.0,0.0,legacy_portrait_group,True,image_group_with_single_person_evidence,group but num_person=1,False
sstk_image_2029093490,person_group,portrait_group,0.99,1.0,0.0,0.566013,True,0.0,0.0,legacy_portrait_group,True,image_group_with_single_person_evidence,group but num_person=1,False
sstk_image_2038199129,person_group,portrait_group,0.99,1.0,1.0,0.22728,True,0.0,0.0,legacy_portrait_group,True,image_group_with_single_person_evidence,group but num_person=1,False
sstk_image_2219552153,person_group,portrait_group,0.99,1.0,1.0,0.53806,True,0.0,0.0,legacy_portrait_group,True,image_group_with_single_person_evidence,group but num_person=1,False
sstk_image_2288647071,person_group,portrait_group,0.99,1.0,1.0,0.025027,True,0.0,0.0,legacy_portrait_group,True,image_group_with_single_person_evidence,group but num_person=1,False
sstk_image_2313375719,person_group,portrait_group,0.99,1.0,1.0,0.04633,True,0.0,0.0,legacy_portrait_group,True,image_group_with_single_person_evidence,group but num_person=1,False
sstk_image_516480421,person_group,portrait_group,0.99,1.0,1.0,0.421259,True,0.0,0.0,legacy_portrait_group,True,image_group_with_single_person_evidence,group but num_person=1,False
sstk_image_561424501,person_group,portrait_group,0.99,1.0,1.0,0.082372,True,0.0,0.0,legacy_portrait_group,True,image_group_with_single_person_evidence,group but num_person=1,False
sstk_image_595694645,person_group,portrait_group,0.99,1.0,1.0,0.057241,True,0.0,0.0,legacy_portrait_group,True,image_group_with_single_person_evidence,group but num_person=1,False
sstk_image_601812863,person_group,portrait_group,0.99,1.0,1.0,0.066297,True,0.0,0.0,legacy_portrait_group,True,image_group_with_single_person_evidence,group but num_person=1,False
sstk_image_672913279,person_group,portrait_group,0.99,1.0,1.0,0.028302,True,0.0,0.0,legacy_portrait_group,True,image_group_with_single_person_evidence,group but num_person=1,False
sstk_image_712835611,person_group,portrait_group,0.99,1.0,1.0,0.213421,True,0.0,0.0,legacy_portrait_group,True,image_group_with_single_person_evidence,group but num_person=1,False
sstk_image_758094478,person_group,portrait_group,0.99,1.0,1.0,0.057769,True,0.0,0.0,legacy_portrait_group,True,image_group_with_single_person_evidence,group but num_person=1,False
sstk_image_789389968,person_group,portrait_group,0.99,1.0,1.0,0.12027,True,0.0,0.0,legacy_portrait_group,True,image_group_with_single_person_evidence,group but num_person=1,False
bigstock_image_107623340,person_group,portrait_group,0.99,1.0,1.0,0.284498,True,0.0,0.0,legacy_portrait_group,False,image_group_with_single_person_evidence,group but num_person=1,False
bigstock_image_109852838,person_group,portrait_group,0.88,1.0,1.0,0.541078,True,0.0,0.0,legacy_portrait_group,False,image_group_with_single_person_evidence,group but num_person=1,False
bigstock_image_110403980,person_group,portrait_group,0.99,1.0,1.0,0.315118,True,0.0,0.0,legacy_portrait_group,False,image_group_with_single_person_evidence,group but num_person=1,False
bigstock_image_110753525,person_group,portrait_group,0.99,1.0,1.0,0.579562,True,0.0,0.0,legacy_portrait_group,False,image_group_with_single_person_evidence,group but num_person=1,False
bigstock_image_116974829,person_group,portrait_group,0.96,1.0,1.0,0.33188,True,0.0,0.0,legacy_portrait_group,False,image_group_with_single_person_evidence,group but num_person=1,False
bigstock_image_129714542,person_group,portrait_group,0.99,1.0,1.0,0.172125,True,0.0,0.0,legacy_portrait_group,False,image_group_with_single_person_evidence,group but num_person=1,False
bigstock_image_134051429,person_group,portrait_group,0.99,1.0,1.0,0.201979,True,0.0,0.0,legacy_portrait_group,False,image_group_with_single_person_evidence,group but num_person=1,False
bigstock_image_143979392,person_group,portrait_group,0.99,1.0,1.0,0.402101,True,0.0,0.0,legacy_portrait_group,False,image_group_with_single_person_evidence,group but num_person=1,False
bigstock_image_144626189,person_group,portrait_group,0.99,1.0,1.0,0.291523,True,0.0,0.0,legacy_portrait_group,False,image_group_with_single_person_evidence,group but num_person=1,False
bigstock_image_157264214,person_group,portrait_group,0.99,1.0,1.0,0.502405,True,0.0,0.0,legacy_portrait_group,False,image_group_with_single_person_evidence,group but num_person=1,False
bigstock_image_170137643,person_group,portrait_group,0.99,1.0,1.0,0.425184,True,0.0,0.0,legacy_portrait_group,False,image_group_with_single_person_evidence,group but num_person=1,False
bigstock_image_171375980,person_group,portrait_group,0.99,1.0,1.0,0.188056,True,0.0,0.0,legacy_portrait_group,False,image_group_with_single_person_evidence,group but num_person=1,False
bigstock_image_172891856,person_group,portrait_group,0.99,1.0,1.0,0.308964,True,0.0,0.0,legacy_portrait_group,False,image_group_with_single_person_evidence,group but num_person=1,False
bigstock_image_172979972,person_group,portrait_group,0.99,1.0,1.0,0.14875,True,0.0,0.0,legacy_portrait_group,False,image_group_with_single_person_evidence,group but num_person=1,False
bigstock_image_175794856,person_group,portrait_group,0.99,1.0,1.0,0.226148,True,0.0,0.0,legacy_portrait_group,False,image_group_with_single_person_evidence,group but num_person=1,False
bigstock_image_180607570,person_group,portrait_group,0.99,1.0,1.0,0.203119,True,0.0,0.0,legacy_portrait_group,False,image_group_with_single_person_evidence,group but num_person=1,True
bigstock_image_182091667,person_group,portrait_group,0.99,1.0,1.0,0.156931,True,0.0,0.0,legacy_portrait_group,False,image_group_with_single_person_evidence,group but num_person=1,False
bigstock_image_183475696,person_group,portrait_group,0.99,1.0,1.0,0.348426,True,0.0,0.0,legacy_portrait_group,False,image_group_with_single_person_evidence,group but num_person=1,False
bigstock_image_183798523,person_group,portrait_group,0.99,1.0,1.0,0.202436,True,0.0,0.0,legacy_portrait_group,False,image_group_with_single_person_evidence,group but num_person=1,False
bigstock_image_184761277,person_group,portrait_group,0.99,1.0,1.0,0.514187,True,0.0,0.0,legacy_portrait_group,False,image_group_with_single_person_evidence,group but num_person=1,False
bigstock_image_185678506,person_group,portrait_group,0.99,1.0,1.0,0.260376,True,0.0,0.0,legacy_portrait_group,False,image_group_with_single_person_evidence,group but num_person=1,False
bigstock_image_186088981,person_group,portrait_group,0.99,1.0,1.0,0.428135,True,0.0,0.0,legacy_portrait_group,False,image_group_with_single_person_evidence,group but num_person=1,False
bigstock_image_188580823,person_group,portrait_group,0.99,1.0,1.0,0.469133,True,0.0,0.0,legacy_portrait_group,False,image_group_with_single_person_evidence,group but num_person=1,False
bigstock_image_188836900,person_group,portrait_group,0.99,1.0,1.0,0.213496,True,0.0,0.0,legacy_portrait_group,False,image_group_with_single_person_evidence,group but num_person=1,False
bigstock_image_190893649,person_group,portrait_group,0.99,1.0,1.0,0.144279,True,0.0,0.0,legacy_portrait_group,False,image_group_with_single_person_evidence,group but num_person=1,False
bigstock_image_191473498,person_group,portrait_group,0.99,1.0,1.0,0.519766,True,0.0,0.0,legacy_portrait_group,False,image_group_with_single_person_evidence,group but num_person=1,False
bigstock_image_191593129,person_group,portrait_group,0.99,1.0,1.0,0.479856,True,0.0,0.0,legacy_portrait_group,False,image_group_with_single_person_evidence,group but num_person=1,False
bigstock_image_193660702,person_group,portrait_group,0.99,1.0,1.0,0.202204,True,0.0,0.0,legacy_portrait_group,False,image_group_with_single_person_evidence,group but num_person=1,False
bigstock_image_199922443,person_group,portrait_group,0.99,1.0,0.0,0.000639,True,0.0,0.0,legacy_portrait_group,False,image_group_with_single_person_evidence,group but num_person=1,False
bigstock_image_217087888,person_group,portrait_group,0.99,1.0,1.0,0.565763,True,0.0,0.0,legacy_portrait_group,False,image_group_with_single_person_evidence,group but num_person=1,False
bigstock_image_222209380,person_group,portrait_group,0.99,1.0,1.0,0.322798,True,0.0,0.0,legacy_portrait_group,False,image_group_with_single_person_evidence,group but num_person=1,False
bigstock_image_227709286,person_group,portrait_group,0.99,1.0,1.0,0.350609,True,0.0,0.0,legacy_portrait_group,False,image_group_with_single_person_evidence,group but num_person=1,False
bigstock_image_228366826,person_group,portrait_group,0.99,1.0,1.0,0.265874,True,0.0,0.0,legacy_portrait_group,False,image_group_with_single_person_evidence,group but num_person=1,False
bigstock_image_234747253,person_group,portrait_group,0.99,1.0,1.0,0.294477,True,0.0,0.0,legacy_portrait_group,False,image_group_with_single_person_evidence,group but num_person=1,False
bigstock_image_235233532,person_group,portrait_group,0.99,1.0,1.0,0.391237,True,0.0,0.0,legacy_portrait_group,False,image_group_with_single_person_evidence,group but num_person=1,False
bigstock_image_251873815,person_group,portrait_group,0.96,1.0,1.0,0.335726,True,0.0,0.0,legacy_portrait_group,False,image_group_with_single_person_evidence,group but num_person=1,False
bigstock_image_258055594,person_group,portrait_group,0.99,1.0,1.0,0.241758,True,0.0,0.0,legacy_portrait_group,False,image_group_with_single_person_evidence,group but num_person=1,False
bigstock_image_260489326,person_group,portrait_group,0.99,1.0,1.0,0.316093,True,0.0,0.0,legacy_portrait_group,False,image_group_with_single_person_evidence,group but num_person=1,False
bigstock_image_260600281,person_group,portrait_group,0.99,1.0,1.0,0.206644,True,0.0,0.0,legacy_portrait_group,False,image_group_with_single_person_evidence,group but num_person=1,False
bigstock_image_261034585,person_group,portrait_group,0.99,1.0,1.0,0.549613,True,0.0,0.0,legacy_portrait_group,False,image_group_with_single_person_evidence,group but num_person=1,False
bigstock_image_263864197,person_group,portrait_group,0.99,1.0,1.0,0.405418,True,0.0,0.0,legacy_portrait_group,False,image_group_with_single_person_evidence,group but num_person=1,False
bigstock_image_284290048,person_group,portrait_group,0.88,1.0,1.0,0.315278,True,0.0,0.0,legacy_portrait_group,False,image_group_with_single_person_evidence,group but num_person=1,False
bigstock_image_293218786,person_group,portrait_group,0.99,1.0,1.0,0.07132,True,0.0,0.0,legacy_portrait_group,False,image_group_with_single_person_evidence,group but num_person=1,False
bigstock_image_297685777,person_group,portrait_group,0.99,1.0,1.0,0.251744,True,0.0,0.0,legacy_portrait_group,False,image_group_with_single_person_evidence,group but num_person=1,False
bigstock_image_300769315,person_group,portrait_group,0.99,1.0,1.0,0.282682,True,0.0,0.0,legacy_portrait_group,False,image_group_with_single_person_evidence,group but num_person=1,False
bigstock_image_300798046,person_group,portrait_group,0.84,1.0,1.0,0.241384,True,0.0,0.0,legacy_portrait_group,False,image_group_with_single_person_evidence,group but num_person=1,False
bigstock_image_302143864,person_group,portrait_group,0.99,1.0,1.0,0.423724,True,0.0,0.0,legacy_portrait_group,False,image_group_with_single_person_evidence,group but num_person=1,False
bigstock_image_303476263,person_group,portrait_group,0.99,1.0,1.0,0.163084,True,0.0,0.0,legacy_portrait_group,False,image_group_with_single_person_evidence,group but num_person=1,False
bigstock_image_322138165,person_group,portrait_group,0.99,1.0,1.0,0.322037,True,0.0,0.0,legacy_portrait_group,False,image_group_with_single_person_evidence,group but num_person=1,False
bigstock_image_325133806,person_group,portrait_group,0.99,1.0,1.0,0.012942,True,0.0,0.0,legacy_portrait_group,False,image_group_with_single_person_evidence,group but num_person=1,False
bigstock_image_325335940,person_group,portrait_group,0.99,1.0,1.0,0.151211,True,0.0,0.0,legacy_portrait_group,False,image_group_with_single_person_evidence,group but num_person=1,False
bigstock_image_33598196,person_group,portrait_group,0.99,1.0,1.0,0.322943,True,0.0,0.0,legacy_portrait_group,False,image_group_with_single_person_evidence,group but num_person=1,False
bigstock_image_337489699,person_group,portrait_group,0.99,1.0,1.0,0.277961,True,0.0,0.0,legacy_portrait_group,False,image_group_with_single_person_evidence,group but num_person=1,False
bigstock_image_349946179,person_group,portrait_group,0.99,1.0,1.0,0.626586,True,0.0,0.0,legacy_portrait_group,False,image_group_with_single_person_evidence,group but num_person=1,False
bigstock_image_352103171,person_group,portrait_group,0.99,1.0,1.0,0.420591,True,0.0,0.0,legacy_portrait_group,False,image_group_with_single_person_evidence,group but num_person=1,False
bigstock_image_355932596,person_group,portrait_group,0.99,1.0,1.0,0.389187,True,0.0,0.0,legacy_portrait_group,False,image_group_with_single_person_evidence,group but num_person=1,False
bigstock_image_363965770,person_group,portrait_group,0.99,1.0,1.0,0.115652,True,0.0,0.0,legacy_portrait_group,False,image_group_with_single_person_evidence,group but num_person=1,False
bigstock_image_386217358,person_group,portrait_group,0.99,1.0,1.0,0.148718,True,0.0,0.0,legacy_portrait_group,False,image_group_with_single_person_evidence,group but num_person=1,False
bigstock_image_38696311,person_group,portrait_group,0.99,1.0,1.0,0.538867,True,0.0,0.0,legacy_portrait_group,False,image_group_with_single_person_evidence,group but num_person=1,False
bigstock_image_393447032,person_group,portrait_group,0.99,1.0,1.0,0.490346,True,0.0,0.0,legacy_portrait_group,False,image_group_with_single_person_evidence,group but num_person=1,False
bigstock_image_412085095,person_group,portrait_group,0.99,1.0,1.0,0.513535,True,0.0,0.0,legacy_portrait_group,False,image_group_with_single_person_evidence,group but num_person=1,False
bigstock_image_426368147,person_group,portrait_group,0.99,1.0,1.0,0.554348,True,0.0,0.0,legacy_portrait_group,False,image_group_with_single_person_evidence,group but num_person=1,False
bigstock_image_428715728,person_group,portrait_group,0.99,1.0,1.0,0.11019,True,0.0,0.0,legacy_portrait_group,False,image_group_with_single_person_evidence,group but num_person=1,False
bigstock_image_43944172,person_group,portrait_group,0.99,1.0,1.0,0.147245,True,0.0,0.0,legacy_portrait_group,False,image_group_with_single_person_evidence,group but num_person=1,False
bigstock_image_445195241,person_group,portrait_group,0.99,1.0,1.0,0.44934,True,0.0,0.0,legacy_portrait_group,False,image_group_with_single_person_evidence,group but num_person=1,False
bigstock_image_454815101,person_group,portrait_group,0.99,1.0,1.0,0.320946,True,0.0,0.0,legacy_portrait_group,False,image_group_with_single_person_evidence,group but num_person=1,False
bigstock_image_464143467,person_group,portrait_group,0.99,1.0,1.0,0.09054,True,0.0,0.0,legacy_portrait_group,False,image_group_with_single_person_evidence,group but num_person=1,False
bigstock_image_47106676,person_group,portrait_group,0.96,1.0,1.0,0.242167,True,0.0,0.0,legacy_portrait_group,False,image_group_with_single_person_evidence,group but num_person=1,False
bigstock_image_5375556,person_group,portrait_group,0.99,1.0,1.0,0.485517,True,0.0,0.0,legacy_portrait_group,False,image_group_with_single_person_evidence,group but num_person=1,False
bigstock_image_5970808,person_group,portrait_group,0.99,1.0,1.0,0.480324,True,0.0,0.0,legacy_portrait_group,False,image_group_with_single_person_evidence,group but num_person=1,False
bigstock_image_60067388,person_group,portrait_group,0.99,1.0,1.0,0.03709,True,0.0,0.0,legacy_portrait_group,False,image_group_with_single_person_evidence,group but num_person=1,False
bigstock_image_66618760,person_group,portrait_group,0.84,1.0,1.0,0.315686,True,0.0,0.0,legacy_portrait_group,False,image_group_with_single_person_evidence,group but num_person=1,False
bigstock_image_71897332,person_group,portrait_group,0.99,1.0,1.0,0.318652,True,0.0,0.0,legacy_portrait_group,False,image_group_with_single_person_evidence,group but num_person=1,False
bigstock_image_72528367,person_group,portrait_group,0.99,1.0,1.0,0.520655,True,0.0,0.0,legacy_portrait_group,False,image_group_with_single_person_evidence,group but num_person=1,False
bigstock_image_81959126,person_group,portrait_group,0.99,1.0,1.0,0.256414,True,0.0,0.0,legacy_portrait_group,False,image_group_with_single_person_evidence,group but num_person=1,False
bigstock_image_88957493,person_group,portrait_group,0.99,1.0,1.0,0.27916,True,0.0,0.0,legacy_portrait_group,False,image_group_with_single_person_evidence,group but num_person=1,False
bigstock_image_89190815,person_group,portrait_group,0.99,1.0,1.0,0.270396,True,0.0,0.0,legacy_portrait_group,False,image_group_with_single_person_evidence,group but num_person=1,False
bigstock_image_9519740,person_group,portrait_group,0.99,1.0,1.0,0.353758,True,0.0,0.0,legacy_portrait_group,False,image_group_with_single_person_evidence,group but num_person=1,False
bigstock_image_99200654,person_group,portrait_group,0.99,1.0,1.0,0.152436,True,0.0,0.0,legacy_portrait_group,False,image_group_with_single_person_evidence,group but num_person=1,False
pond5_image_100643508,person_group,portrait_group,0.99,1.0,1.0,0.524582,True,0.0,0.0,legacy_portrait_group,False,image_group_with_single_person_evidence,group but num_person=1,False
pond5_image_101061960,person_group,portrait_group,0.99,1.0,1.0,0.27172,True,0.0,0.0,legacy_portrait_group,False,image_group_with_single_person_evidence,group but num_person=1,False
pond5_image_102233851,person_group,portrait_group,0.99,1.0,1.0,0.41591,True,0.0,0.0,legacy_portrait_group,False,image_group_with_single_person_evidence,group but num_person=1,False
pond5_image_102798991,person_group,portrait_group,0.99,1.0,1.0,0.38265,True,0.0,0.0,legacy_portrait_group,False,image_group_with_single_person_evidence,group but num_person=1,False
pond5_image_103465897,person_group,portrait_group,0.99,1.0,1.0,0.499574,True,0.0,0.0,legacy_portrait_group,False,image_group_with_single_person_evidence,group but num_person=1,False
pond5_image_103473406,person_group,portrait_group,0.99,1.0,1.0,0.27704,True,0.0,0.0,legacy_portrait_group,False,image_group_with_single_person_evidence,group but num_person=1,False
pond5_image_103594562,person_group,portrait_group,0.99,1.0,1.0,0.166435,True,0.0,0.0,legacy_portrait_group,False,image_group_with_single_person_evidence,group but num_person=1,False
pond5_image_104449541,person_group,portrait_group,0.96,1.0,1.0,0.397625,True,0.0,0.0,legacy_portrait_group,False,image_group_with_single_person_evidence,group but num_person=1,False
pond5_image_104660092,person_group,portrait_group,0.99,1.0,1.0,0.488204,True,0.0,0.0,legacy_portrait_group,False,image_group_with_single_person_evidence,group but num_person=1,False
pond5_image_105162983,person_group,portrait_group,0.99,1.0,1.0,0.365275,True,0.0,0.0,legacy_portrait_group,False,image_group_with_single_person_evidence,group but num_person=1,False
pond5_image_105335479,person_group,portrait_group,0.99,1.0,1.0,0.234513,True,0.0,0.0,legacy_portrait_group,False,image_group_with_single_person_evidence,group but num_person=1,False
pond5_image_105708607,person_group,portrait_group,0.99,1.0,1.0,0.474722,True,0.0,0.0,legacy_portrait_group,False,image_group_with_single_person_evidence,group but num_person=1,False
pond5_image_106009713,person_group,portrait_group,0.99,1.0,1.0,0.30139,True,0.0,0.0,legacy_portrait_group,False,image_group_with_single_person_evidence,group but num_person=1,False
pond5_image_106185085,person_group,portrait_group,0.99,1.0,1.0,0.332379,True,0.0,0.0,legacy_portrait_group,False,image_group_with_single_person_evidence,group but num_person=1,False
pond5_image_107308622,person_group,portrait_group,0.99,1.0,1.0,0.308991,True,0.0,0.0,legacy_portrait_group,False,image_group_with_single_person_evidence,group but num_person=1,False
pond5_image_108544937,person_group,portrait_group,0.99,1.0,1.0,0.305247,True,0.0,0.0,legacy_portrait_group,False,image_group_with_single_person_evidence,group but num_person=1,False
pond5_image_110827937,person_group,portrait_group,0.99,1.0,1.0,0.259018,True,0.0,0.0,legacy_portrait_group,False,image_group_with_single_person_evidence,group but num_person=1,False
pond5_image_111318016,person_group,portrait_group,0.99,1.0,1.0,0.519292,True,0.0,0.0,legacy_portrait_group,False,image_group_with_single_person_evidence,group but num_person=1,False
pond5_image_112762009,person_group,portrait_group,0.96,1.0,1.0,0.366342,True,0.0,0.0,legacy_portrait_group,False,image_group_with_single_person_evidence,group but num_person=1,False
pond5_image_114088350,person_group,portrait_group,0.99,1.0,1.0,0.370471,True,0.0,0.0,legacy_portrait_group,False,image_group_with_single_person_evidence,group but num_person=1,False
pond5_image_11491561,person_group,portrait_group,0.99,1.0,1.0,0.281263,True,0.0,0.0,legacy_portrait_group,False,image_group_with_single_person_evidence,group but num_person=1,False
pond5_image_117080395,person_group,portrait_group,0.99,1.0,1.0,0.123786,True,0.0,0.0,legacy_portrait_group,False,image_group_with_single_person_evidence,group but num_person=1,False
pond5_image_117122433,person_group,portrait_group,0.99,1.0,1.0,0.569213,True,0.0,0.0,legacy_portrait_group,False,image_group_with_single_person_evidence,group but num_person=1,False
pond5_image_118394597,person_group,portrait_group,0.99,1.0,1.0,0.466073,True,0.0,0.0,legacy_portrait_group,False,image_group_with_single_person_evidence,group but num_person=1,False
pond5_image_118672539,person_group,portrait_group,0.99,1.0,1.0,0.30431,True,0.0,0.0,legacy_portrait_group,False,image_group_with_single_person_evidence,group but num_person=1,False
pond5_image_118747966,person_group,portrait_group,0.99,1.0,1.0,0.224987,True,0.0,0.0,legacy_portrait_group,False,image_group_with_single_person_evidence,group but num_person=1,False
pond5_image_118879787,person_group,portrait_group,0.99,1.0,1.0,0.372186,True,0.0,0.0,legacy_portrait_group,False,image_group_with_single_person_evidence,group but num_person=1,False
pond5_image_119169207,person_group,portrait_group,0.99,1.0,1.0,0.279049,True,0.0,0.0,legacy_portrait_group,False,image_group_with_single_person_evidence,group but num_person=1,False
pond5_image_122121980,person_group,portrait_group,0.88,1.0,1.0,0.235147,True,0.0,0.0,legacy_portrait_group,False,image_group_with_single_person_evidence,group but num_person=1,False
pond5_image_122518087,person_group,portrait_group,0.99,1.0,1.0,0.50024,True,0.0,0.0,legacy_portrait_group,False,image_group_with_single_person_evidence,group but num_person=1,False
pond5_image_123188273,person_group,portrait_group,0.99,1.0,1.0,0.35485,True,0.0,0.0,legacy_portrait_group,False,image_group_with_single_person_evidence,group but num_person=1,False
pond5_image_123388680,person_group,portrait_group,0.99,1.0,1.0,0.154363,True,0.0,0.0,legacy_portrait_group,False,image_group_with_single_person_evidence,group but num_person=1,False
pond5_image_123966346,person_group,portrait_group,0.99,1.0,1.0,0.393019,True,0.0,0.0,legacy_portrait_group,False,image_group_with_single_person_evidence,group but num_person=1,False
pond5_image_124378746,person_group,portrait_group,0.99,1.0,1.0,0.401478,True,0.0,0.0,legacy_portrait_group,False,image_group_with_single_person_evidence,group but num_person=1,False
pond5_image_125092549,person_group,portrait_group,0.99,1.0,1.0,0.039684,True,0.0,0.0,legacy_portrait_group,False,image_group_with_single_person_evidence,group but num_person=1,False
pond5_image_125491487,person_group,portrait_group,0.99,1.0,1.0,0.195,True,0.0,0.0,legacy_portrait_group,False,image_group_with_single_person_evidence,group but num_person=1,False
pond5_image_125599929,person_group,portrait_group,0.99,1.0,1.0,0.484768,True,0.0,0.0,legacy_portrait_group,False,image_group_with_single_person_evidence,group but num_person=1,False
pond5_image_128366023,person_group,portrait_group,0.99,1.0,1.0,0.700737,True,0.0,0.0,legacy_portrait_group,False,image_group_with_single_person_evidence,group but num_person=1,False
pond5_image_128502964,person_group,portrait_group,0.99,1.0,1.0,0.314105,True,0.0,0.0,legacy_portrait_group,False,image_group_with_single_person_evidence,group but num_person=1,False
pond5_image_128793515,person_group,portrait_group,0.99,1.0,1.0,0.558446,True,0.0,0.0,legacy_portrait_group,False,image_group_with_single_person_evidence,group but num_person=1,False
pond5_image_129111749,person_group,portrait_group,0.99,1.0,1.0,0.295619,True,0.0,0.0,legacy_portrait_group,False,image_group_with_single_person_evidence,group but num_person=1,False
pond5_image_129112425,person_group,portrait_group,0.99,1.0,1.0,0.348666,True,0.0,0.0,legacy_portrait_group,False,image_group_with_single_person_evidence,group but num_person=1,False
pond5_image_130413214,person_group,portrait_group,0.99,1.0,1.0,0.354936,True,0.0,0.0,legacy_portrait_group,False,image_group_with_single_person_evidence,group but num_person=1,False
pond5_image_130432352,person_group,portrait_group,0.99,1.0,1.0,0.415123,True,0.0,0.0,legacy_portrait_group,False,image_group_with_single_person_evidence,group but num_person=1,False
pond5_image_130514935,person_group,portrait_group,0.96,1.0,1.0,0.512,True,0.0,0.0,legacy_portrait_group,False,image_group_with_single_person_evidence,group but num_person=1,False
pond5_image_131116118,person_group,portrait_group,0.99,1.0,1.0,0.247778,True,0.0,0.0,legacy_portrait_group,False,image_group_with_single_person_evidence,group but num_person=1,False
pond5_image_132222844,person_group,portrait_group,0.99,1.0,1.0,0.344817,True,0.0,0.0,legacy_portrait_group,False,image_group_with_single_person_evidence,group but num_person=1,False
pond5_image_132291250,person_group,portrait_group,0.99,1.0,1.0,0.277336,True,0.0,0.0,legacy_portrait_group,False,image_group_with_single_person_evidence,group but num_person=1,False
pond5_image_132828260,person_group,portrait_group,0.88,1.0,0.0,0.088295,True,0.0,0.0,legacy_portrait_group,False,image_group_with_single_person_evidence,group but num_person=1,False
pond5_image_133894560,person_group,portrait_group,0.99,1.0,1.0,0.243161,True,0.0,0.0,legacy_portrait_group,False,image_group_with_single_person_evidence,group but num_person=1,False
pond5_image_134141691,person_group,portrait_group,0.99,1.0,1.0,0.426795,True,0.0,0.0,legacy_portrait_group,False,image_group_with_single_person_evidence,group but num_person=1,False
pond5_image_134178914,person_group,portrait_group,0.99,1.0,1.0,0.264405,True,0.0,0.0,legacy_portrait_group,False,image_group_with_single_person_evidence,group but num_person=1,False
pond5_image_135070453,person_group,portrait_group,0.99,1.0,1.0,0.231454,True,0.0,0.0,legacy_portrait_group,False,image_group_with_single_person_evidence,group but num_person=1,False
pond5_image_137465229,person_group,portrait_group,0.99,1.0,1.0,0.557702,True,0.0,0.0,legacy_portrait_group,False,image_group_with_single_person_evidence,group but num_person=1,False
pond5_image_137781528,person_group,portrait_group,0.99,1.0,1.0,0.211793,True,0.0,0.0,legacy_portrait_group,False,image_group_with_single_person_evidence,group but num_person=1,False
pond5_image_140354549,person_group,portrait_group,0.99,1.0,1.0,0.1419,True,0.0,0.0,legacy_portrait_group,False,image_group_with_single_person_evidence,group but num_person=1,False
pond5_image_140479887,person_group,portrait_group,0.99,1.0,1.0,0.085891,True,0.0,0.0,legacy_portrait_group,False,image_group_with_single_person_evidence,group but num_person=1,False
pond5_image_140767339,person_group,portrait_group,0.99,1.0,1.0,0.508937,True,0.0,0.0,legacy_portrait_group,False,image_group_with_single_person_evidence,group but num_person=1,False
pond5_image_142799958,person_group,portrait_group,0.99,1.0,1.0,0.141837,True,0.0,0.0,legacy_portrait_group,False,image_group_with_single_person_evidence,group but num_person=1,False
pond5_image_143820102,person_group,portrait_group,0.99,1.0,1.0,0.34466,True,0.0,0.0,legacy_portrait_group,False,image_group_with_single_person_evidence,group but num_person=1,False
pond5_image_143823885,person_group,portrait_group,0.88,1.0,1.0,0.270495,True,0.0,0.0,legacy_portrait_group,False,image_group_with_single_person_evidence,group but num_person=1,False
pond5_image_144372181,person_group,portrait_group,0.99,1.0,1.0,0.32463,True,0.0,0.0,legacy_portrait_group,False,image_group_with_single_person_evidence,group but num_person=1,False
pond5_image_144830381,person_group,portrait_group,0.99,1.0,1.0,0.358808,True,0.0,0.0,legacy_portrait_group,False,image_group_with_single_person_evidence,group but num_person=1,False
pond5_image_145535684,person_group,portrait_group,0.99,1.0,1.0,0.337385,True,0.0,0.0,legacy_portrait_group,False,image_group_with_single_person_evidence,group but num_person=1,False
pond5_image_146320546,person_group,portrait_group,0.88,1.0,1.0,0.441,True,0.0,0.0,legacy_portrait_group,False,image_group_with_single_person_evidence,group but num_person=1,False
pond5_image_146338853,person_group,portrait_group,0.99,1.0,1.0,0.459684,True,0.0,0.0,legacy_portrait_group,False,image_group_with_single_person_evidence,group but num_person=1,False
pond5_image_146415034,person_group,portrait_group,0.99,1.0,1.0,0.336103,True,0.0,0.0,legacy_portrait_group,False,image_group_with_single_person_evidence,group but num_person=1,False
pond5_image_147844284,person_group,portrait_group,0.99,1.0,1.0,0.099412,True,0.0,0.0,legacy_portrait_group,False,image_group_with_single_person_evidence,group but num_person=1,False
pond5_image_148045130,person_group,portrait_group,0.99,1.0,1.0,0.474712,True,0.0,0.0,legacy_portrait_group,False,image_group_with_single_person_evidence,group but num_person=1,False
pond5_image_148186462,person_group,portrait_group,0.99,1.0,1.0,0.502702,True,0.0,0.0,legacy_portrait_group,False,image_group_with_single_person_evidence,group but num_person=1,False
pond5_image_148783640,person_group,portrait_group,0.99,1.0,1.0,0.413943,True,0.0,0.0,legacy_portrait_group,False,image_group_with_single_person_evidence,group but num_person=1,False
pond5_image_150131216,person_group,portrait_group,0.99,1.0,1.0,0.145318,True,0.0,0.0,legacy_portrait_group,False,image_group_with_single_person_evidence,group but num_person=1,False
pond5_image_150406441,person_group,portrait_group,0.99,1.0,1.0,0.19958,True,0.0,0.0,legacy_portrait_group,False,image_group_with_single_person_evidence,group but num_person=1,False
pond5_image_151598673,person_group,portrait_group,0.88,1.0,1.0,0.472852,True,0.0,0.0,legacy_portrait_group,False,image_group_with_single_person_evidence,group but num_person=1,False
pond5_image_152462551,person_group,portrait_group,0.99,1.0,1.0,0.404046,True,0.0,0.0,legacy_portrait_group,False,image_group_with_single_person_evidence,group but num_person=1,False
pond5_image_152824188,person_group,portrait_group,0.96,1.0,1.0,0.509697,True,0.0,0.0,legacy_portrait_group,False,image_group_with_single_person_evidence,group but num_person=1,False
pond5_image_153036242,person_group,portrait_group,0.99,1.0,1.0,0.55155,True,0.0,0.0,legacy_portrait_group,False,image_group_with_single_person_evidence,group but num_person=1,False
pond5_image_153503602,person_group,portrait_group,0.99,1.0,1.0,0.528888,True,0.0,0.0,legacy_portrait_group,False,image_group_with_single_person_evidence,group but num_person=1,False
pond5_image_154239008,person_group,portrait_group,0.99,1.0,1.0,0.454688,True,0.0,0.0,legacy_portrait_group,False,image_group_with_single_person_evidence,group but num_person=1,False
pond5_image_156543270,person_group,portrait_group,0.99,1.0,1.0,0.68907,True,0.0,0.0,legacy_portrait_group,False,image_group_with_single_person_evidence,group but num_person=1,False
pond5_image_156804398,person_group,portrait_group,0.99,1.0,1.0,0.262849,True,0.0,0.0,legacy_portrait_group,False,image_group_with_single_person_evidence,group but num_person=1,False
pond5_image_156818141,person_group,portrait_group,0.99,1.0,1.0,0.16957,True,0.0,0.0,legacy_portrait_group,False,image_group_with_single_person_evidence,group but num_person=1,False
pond5_image_159813800,person_group,portrait_group,0.99,1.0,1.0,0.446814,True,0.0,0.0,legacy_portrait_group,False,image_group_with_single_person_evidence,group but num_person=1,False
pond5_image_160873161,person_group,portrait_group,0.99,1.0,1.0,0.423148,True,0.0,0.0,legacy_portrait_group,False,image_group_with_single_person_evidence,group but num_person=1,False
pond5_image_162054413,person_group,portrait_group,0.99,1.0,1.0,0.220689,True,0.0,0.0,legacy_portrait_group,False,image_group_with_single_person_evidence,group but num_person=1,False
pond5_image_162378970,person_group,portrait_group,0.99,1.0,1.0,0.180942,True,0.0,0.0,legacy_portrait_group,False,image_group_with_single_person_evidence,group but num_person=1,False
pond5_image_163119044,person_group,portrait_group,0.99,1.0,1.0,0.391679,True,0.0,0.0,legacy_portrait_group,False,image_group_with_single_person_evidence,group but num_person=1,False
pond5_image_163391918,person_group,portrait_group,0.99,1.0,1.0,0.206151,True,0.0,0.0,legacy_portrait_group,False,image_group_with_single_person_evidence,group but num_person=1,False
pond5_image_164817492,person_group,portrait_group,0.99,1.0,1.0,0.03567,True,0.0,0.0,legacy_portrait_group,False,image_group_with_single_person_evidence,group but num_person=1,False
pond5_image_165311952,person_group,portrait_group,0.99,1.0,0.0,0.002749,True,0.0,0.0,legacy_portrait_group,False,image_group_with_single_person_evidence,group but num_person=1,False
pond5_image_165738102,person_group,portrait_group,0.99,1.0,1.0,0.40942,True,0.0,0.0,legacy_portrait_group,False,image_group_with_single_person_evidence,group but num_person=1,False
pond5_image_167079703,person_group,portrait_group,0.99,1.0,1.0,0.347442,True,0.0,0.0,legacy_portrait_group,False,image_group_with_single_person_evidence,group but num_person=1,False
pond5_image_167253561,person_group,portrait_group,0.99,1.0,1.0,0.499193,True,0.0,0.0,legacy_portrait_group,False,image_group_with_single_person_evidence,group but num_person=1,False
pond5_image_168218212,person_group,portrait_group,0.99,1.0,1.0,0.399481,True,0.0,0.0,legacy_portrait_group,False,image_group_with_single_person_evidence,group but num_person=1,False
pond5_image_168960423,person_group,portrait_group,0.99,1.0,1.0,0.352655,True,0.0,0.0,legacy_portrait_group,False,image_group_with_single_person_evidence,group but num_person=1,False
pond5_image_169681567,person_group,portrait_group,0.99,1.0,1.0,0.309733,True,0.0,0.0,legacy_portrait_group,False,image_group_with_single_person_evidence,group but num_person=1,False
pond5_image_189852731,person_group,portrait_group,0.99,1.0,1.0,0.189817,True,0.0,0.0,legacy_portrait_group,False,image_group_with_single_person_evidence,group but num_person=1,False
pond5_image_198954763,person_group,portrait_group,0.99,1.0,1.0,0.462578,True,0.0,0.0,legacy_portrait_group,False,image_group_with_single_person_evidence,group but num_person=1,False
pond5_image_201645047,person_group,portrait_group,0.96,1.0,1.0,0.156185,True,0.0,0.0,legacy_portrait_group,False,image_group_with_single_person_evidence,group but num_person=1,False
pond5_image_202794285,person_group,portrait_group,0.99,1.0,1.0,0.261736,True,0.0,0.0,legacy_portrait_group,False,image_group_with_single_person_evidence,group but num_person=1,False
pond5_image_205421081,person_group,portrait_group,0.99,1.0,1.0,0.200289,True,0.0,0.0,legacy_portrait_group,False,image_group_with_single_person_evidence,group but num_person=1,False
pond5_image_205512146,person_group,portrait_group,0.99,1.0,1.0,0.147186,True,0.0,0.0,legacy_portrait_group,False,image_group_with_single_person_evidence,group but num_person=1,False
pond5_image_208275721,person_group,portrait_group,0.99,1.0,1.0,0.14818,True,0.0,0.0,legacy_portrait_group,False,image_group_with_single_person_evidence,group but num_person=1,False
pond5_image_208275787,person_group,portrait_group,0.99,1.0,1.0,0.124032,True,0.0,0.0,legacy_portrait_group,False,image_group_with_single_person_evidence,group but num_person=1,False
pond5_image_218369013,person_group,portrait_group,0.99,1.0,1.0,0.133125,True,0.0,0.0,legacy_portrait_group,False,image_group_with_single_person_evidence,group but num_person=1,False
pond5_image_218444062,person_group,portrait_group,0.99,1.0,1.0,0.262136,True,0.0,0.0,legacy_portrait_group,False,image_group_with_single_person_evidence,group but num_person=1,False
pond5_image_219712521,person_group,portrait_group,0.99,1.0,1.0,0.169422,True,0.0,0.0,legacy_portrait_group,False,image_group_with_single_person_evidence,group but num_person=1,False
pond5_image_220337804,person_group,portrait_group,0.99,1.0,0.0,0.002267,True,0.0,0.0,legacy_portrait_group,False,image_group_with_single_person_evidence,group but num_person=1,False
pond5_image_221450818,person_group,portrait_group,0.99,1.0,1.0,0.191291,True,0.0,0.0,legacy_portrait_group,False,image_group_with_single_person_evidence,group but num_person=1,False
pond5_image_222019970,person_group,portrait_group,0.88,1.0,1.0,0.154718,True,0.0,0.0,legacy_portrait_group,False,image_group_with_single_person_evidence,group but num_person=1,False
pond5_image_222791754,person_group,portrait_group,0.99,1.0,1.0,0.128791,True,0.0,0.0,legacy_portrait_group,False,image_group_with_single_person_evidence,group but num_person=1,False
pond5_image_228385429,person_group,portrait_group,0.99,1.0,1.0,0.141324,True,0.0,0.0,legacy_portrait_group,False,image_group_with_single_person_evidence,group but num_person=1,False
pond5_image_229863653,person_group,portrait_group,0.99,1.0,1.0,0.031707,True,0.0,0.0,legacy_portrait_group,False,image_group_with_single_person_evidence,group but num_person=1,False
pond5_image_229880300,person_group,portrait_group,0.99,1.0,1.0,0.127308,True,0.0,0.0,legacy_portrait_group,False,image_group_with_single_person_evidence,group but num_person=1,False
pond5_image_233873120,person_group,portrait_group,0.99,1.0,1.0,0.149081,True,0.0,0.0,legacy_portrait_group,False,image_group_with_single_person_evidence,group but num_person=1,False
pond5_image_237005889,person_group,portrait_group,0.99,1.0,1.0,0.106079,True,0.0,0.0,legacy_portrait_group,False,image_group_with_single_person_evidence,group but num_person=1,False
pond5_image_245208119,person_group,portrait_group,0.99,1.0,1.0,0.073893,True,0.0,0.0,legacy_portrait_group,False,image_group_with_single_person_evidence,group but num_person=1,False
pond5_image_30904948,person_group,portrait_group,0.99,1.0,1.0,0.129724,True,0.0,0.0,legacy_portrait_group,False,image_group_with_single_person_evidence,group but num_person=1,False
pond5_image_35772462,person_group,portrait_group,0.99,1.0,1.0,0.372612,True,0.0,0.0,legacy_portrait_group,False,image_group_with_single_person_evidence,group but num_person=1,False
pond5_image_36892061,person_group,portrait_group,0.99,1.0,1.0,0.473619,True,0.0,0.0,legacy_portrait_group,False,image_group_with_single_person_evidence,group but num_person=1,False
pond5_image_42248797,person_group,portrait_group,0.96,1.0,1.0,0.496883,True,0.0,0.0,legacy_portrait_group,False,image_group_with_single_person_evidence,group but num_person=1,False
pond5_image_42276359,person_group,portrait_group,0.99,1.0,1.0,0.41485,True,0.0,0.0,legacy_portrait_group,False,image_group_with_single_person_evidence,group but num_person=1,False
pond5_image_44080317,person_group,portrait_group,0.99,1.0,1.0,0.330652,True,0.0,0.0,legacy_portrait_group,False,image_group_with_single_person_evidence,group but num_person=1,False
pond5_image_45645439,person_group,portrait_group,0.99,1.0,1.0,0.231184,True,0.0,0.0,legacy_portrait_group,False,image_group_with_single_person_evidence,group but num_person=1,False
pond5_image_53525970,person_group,portrait_group,0.99,1.0,1.0,0.484118,True,0.0,0.0,legacy_portrait_group,False,image_group_with_single_person_evidence,group but num_person=1,False
pond5_image_57277794,person_group,portrait_group,0.99,1.0,1.0,0.564966,True,0.0,0.0,legacy_portrait_group,False,image_group_with_single_person_evidence,group but num_person=1,False
pond5_image_58145860,person_group,portrait_group,0.99,1.0,1.0,0.36094,True,0.0,0.0,legacy_portrait_group,False,image_group_with_single_person_evidence,group but num_person=1,False
pond5_image_58767873,person_group,portrait_group,0.99,1.0,1.0,0.481154,True,0.0,0.0,legacy_portrait_group,False,image_group_with_single_person_evidence,group but num_person=1,False
pond5_image_59923747,person_group,portrait_group,0.99,1.0,1.0,0.271031,True,0.0,0.0,legacy_portrait_group,False,image_group_with_single_person_evidence,group but num_person=1,False
pond5_image_60526216,person_group,portrait_group,0.99,1.0,1.0,0.455253,True,0.0,0.0,legacy_portrait_group,False,image_group_with_single_person_evidence,group but num_person=1,False
pond5_image_61221162,person_group,portrait_group,0.99,1.0,1.0,0.555382,True,0.0,0.0,legacy_portrait_group,False,image_group_with_single_person_evidence,group but num_person=1,False
pond5_image_61222046,person_group,portrait_group,0.99,1.0,1.0,0.524783,True,0.0,0.0,legacy_portrait_group,False,image_group_with_single_person_evidence,group but num_person=1,False
pond5_image_62129845,person_group,portrait_group,0.99,1.0,1.0,0.380292,True,0.0,0.0,legacy_portrait_group,False,image_group_with_single_person_evidence,group but num_person=1,False
pond5_image_63062327,person_group,portrait_group,0.99,1.0,1.0,0.497703,True,0.0,0.0,legacy_portrait_group,False,image_group_with_single_person_evidence,group but num_person=1,False
pond5_image_63444974,person_group,portrait_group,0.99,1.0,1.0,0.223664,True,0.0,0.0,legacy_portrait_group,False,image_group_with_single_person_evidence,group but num_person=1,False
pond5_image_64176441,person_group,portrait_group,0.88,1.0,1.0,0.484504,True,0.0,0.0,legacy_portrait_group,False,image_group_with_single_person_evidence,group but num_person=1,False
pond5_image_64511139,person_group,portrait_group,0.99,1.0,1.0,0.435597,True,0.0,0.0,legacy_portrait_group,False,image_group_with_single_person_evidence,group but num_person=1,False
pond5_image_64624396,person_group,portrait_group,0.88,1.0,1.0,0.363369,True,0.0,0.0,legacy_portrait_group,False,image_group_with_single_person_evidence,group but num_person=1,False
pond5_image_64857560,person_group,portrait_group,0.99,1.0,1.0,0.327501,True,0.0,0.0,legacy_portrait_group,False,image_group_with_single_person_evidence,group but num_person=1,False
pond5_image_65621845,person_group,portrait_group,0.99,1.0,1.0,0.390517,True,0.0,0.0,legacy_portrait_group,False,image_group_with_single_person_evidence,group but num_person=1,False
pond5_image_66507323,person_group,portrait_group,0.99,1.0,1.0,0.267273,True,0.0,0.0,legacy_portrait_group,False,image_group_with_single_person_evidence,group but num_person=1,False
pond5_image_67572754,person_group,portrait_group,0.99,1.0,1.0,0.561163,True,0.0,0.0,legacy_portrait_group,False,image_group_with_single_person_evidence,group but num_person=1,False
pond5_image_67804888,person_group,portrait_group,0.99,1.0,1.0,0.413487,True,0.0,0.0,legacy_portrait_group,False,image_group_with_single_person_evidence,group but num_person=1,False
pond5_image_68502550,person_group,portrait_group,0.99,1.0,1.0,0.510437,True,0.0,0.0,legacy_portrait_group,False,image_group_with_single_person_evidence,group but num_person=1,False
pond5_image_68674612,person_group,portrait_group,0.99,1.0,1.0,0.054222,True,0.0,0.0,legacy_portrait_group,False,image_group_with_single_person_evidence,group but num_person=1,False
pond5_image_69011652,person_group,portrait_group,0.99,1.0,1.0,0.587114,True,0.0,0.0,legacy_portrait_group,False,image_group_with_single_person_evidence,group but num_person=1,False
pond5_image_69252112,person_group,portrait_group,0.88,1.0,1.0,0.531036,True,0.0,0.0,legacy_portrait_group,False,image_group_with_single_person_evidence,group but num_person=1,False
pond5_image_72363978,person_group,portrait_group,0.99,1.0,1.0,0.434567,True,0.0,0.0,legacy_portrait_group,False,image_group_with_single_person_evidence,group but num_person=1,False
pond5_image_74516186,person_group,portrait_group,0.99,1.0,1.0,0.288756,True,0.0,0.0,legacy_portrait_group,False,image_group_with_single_person_evidence,group but num_person=1,False
pond5_image_75677836,person_group,portrait_group,0.99,1.0,1.0,0.235312,True,0.0,0.0,legacy_portrait_group,False,image_group_with_single_person_evidence,group but num_person=1,False
pond5_image_75893893,person_group,portrait_group,0.99,1.0,1.0,0.255787,True,0.0,0.0,legacy_portrait_group,False,image_group_with_single_person_evidence,group but num_person=1,False
pond5_image_76021813,person_group,portrait_group,0.99,1.0,1.0,0.21957,True,0.0,0.0,legacy_portrait_group,False,image_group_with_single_person_evidence,group but num_person=1,False
pond5_image_76068134,person_group,portrait_group,0.99,1.0,1.0,0.407534,True,0.0,0.0,legacy_portrait_group,False,image_group_with_single_person_evidence,group but num_person=1,False
pond5_image_76161338,person_group,portrait_group,0.99,1.0,1.0,0.281733,True,0.0,0.0,legacy_portrait_group,False,image_group_with_single_person_evidence,group but num_person=1,False
pond5_image_76227602,person_group,portrait_group,0.99,1.0,1.0,0.305398,True,0.0,0.0,legacy_portrait_group,False,image_group_with_single_person_evidence,group but num_person=1,False
pond5_image_76356519,person_group,portrait_group,0.96,1.0,1.0,0.340054,True,0.0,0.0,legacy_portrait_group,False,image_group_with_single_person_evidence,group but num_person=1,False
pond5_image_76356766,person_group,portrait_group,0.99,1.0,1.0,0.18985,True,0.0,0.0,legacy_portrait_group,False,image_group_with_single_person_evidence,group but num_person=1,False
pond5_image_77988717,person_group,portrait_group,0.99,1.0,1.0,0.361607,True,0.0,0.0,legacy_portrait_group,False,image_group_with_single_person_evidence,group but num_person=1,False
pond5_image_78724231,person_group,portrait_group,0.99,1.0,1.0,0.255855,True,0.0,0.0,legacy_portrait_group,False,image_group_with_single_person_evidence,group but num_person=1,False
pond5_image_79441884,person_group,portrait_group,0.99,1.0,1.0,0.274753,True,0.0,0.0,legacy_portrait_group,False,image_group_with_single_person_evidence,group but num_person=1,False
pond5_image_83436382,person_group,portrait_group,0.99,1.0,1.0,0.512348,True,0.0,0.0,legacy_portrait_group,False,image_group_with_single_person_evidence,group but num_person=1,False
pond5_image_84397830,person_group,portrait_group,0.99,1.0,1.0,0.25504,True,0.0,0.0,legacy_portrait_group,False,image_group_with_single_person_evidence,group but num_person=1,False
pond5_image_85102566,person_group,portrait_group,0.99,1.0,1.0,0.233438,True,0.0,0.0,legacy_portrait_group,False,image_group_with_single_person_evidence,group but num_person=1,False
pond5_image_85301209,person_group,portrait_group,0.99,1.0,1.0,0.355824,True,0.0,0.0,legacy_portrait_group,False,image_group_with_single_person_evidence,group but num_person=1,False
pond5_image_86233969,person_group,portrait_group,0.99,1.0,1.0,0.33161,True,0.0,0.0,legacy_portrait_group,False,image_group_with_single_person_evidence,group but num_person=1,False
pond5_image_90700077,person_group,portrait_group,0.99,1.0,1.0,0.181726,True,0.0,0.0,legacy_portrait_group,False,image_group_with_single_person_evidence,group but num_person=1,False
pond5_image_91107667,person_group,portrait_group,0.99,1.0,1.0,0.085224,True,0.0,0.0,legacy_portrait_group,False,image_group_with_single_person_evidence,group but num_person=1,False
pond5_image_91959738,person_group,portrait_group,0.99,1.0,1.0,0.25691,True,0.0,0.0,legacy_portrait_group,False,image_group_with_single_person_evidence,group but num_person=1,False
pond5_image_92360521,person_group,portrait_group,0.99,1.0,1.0,0.141409,True,0.0,0.0,legacy_portrait_group,False,image_group_with_single_person_evidence,group but num_person=1,False
pond5_image_93615975,person_group,portrait_group,0.99,1.0,1.0,0.177058,True,0.0,0.0,legacy_portrait_group,False,image_group_with_single_person_evidence,group but num_person=1,False
pond5_image_96275694,person_group,portrait_group,0.88,1.0,1.0,0.307141,True,0.0,0.0,legacy_portrait_group,False,image_group_with_single_person_evidence,group but num_person=1,False
pond5_image_96391167,person_group,portrait_group,0.99,1.0,1.0,0.186973,True,0.0,0.0,legacy_portrait_group,False,image_group_with_single_person_evidence,group but num_person=1,False
pond5_image_96455119,person_group,portrait_group,0.99,1.0,1.0,0.519676,True,0.0,0.0,legacy_portrait_group,False,image_group_with_single_person_evidence,group but num_person=1,False
pond5_image_96754159,person_group,portrait_group,0.99,1.0,1.0,0.409606,True,0.0,0.0,legacy_portrait_group,False,image_group_with_single_person_evidence,group but num_person=1,False
pond5_image_97807463,person_group,portrait_group,0.99,1.0,1.0,0.231034,True,0.0,0.0,legacy_portrait_group,False,image_group_with_single_person_evidence,group but num_person=1,False
pond5_image_97900489,person_group,portrait_group,0.99,1.0,1.0,0.147238,True,0.0,0.0,legacy_portrait_group,False,image_group_with_single_person_evidence,group but num_person=1,False
pond5_image_98137930,person_group,portrait_group,0.99,1.0,1.0,0.346551,True,0.0,0.0,legacy_portrait_group,False,image_group_with_single_person_evidence,group but num_person=1,False
pond5_image_99209331,person_group,portrait_group,0.99,1.0,1.0,0.493241,True,0.0,0.0,legacy_portrait_group,False,image_group_with_single_person_evidence,group but num_person=1,False
pond5_image_99860520,person_group,portrait_group,0.99,1.0,1.0,0.447391,True,0.0,0.0,legacy_portrait_group,False,image_group_with_single_person_evidence,group but num_person=1,False
sstk_image_1011690451,person_group,portrait_group,0.99,1.0,1.0,0.27467,True,0.0,0.0,legacy_portrait_group,False,image_group_with_single_person_evidence,group but num_person=1,False
sstk_image_1014965764,person_group,portrait_group,0.99,1.0,1.0,0.335332,True,0.0,0.0,legacy_portrait_group,False,image_group_with_single_person_evidence,group but num_person=1,False
sstk_image_1028131714,person_group,portrait_group,0.96,1.0,1.0,0.322587,True,0.0,0.0,legacy_portrait_group,False,image_group_with_single_person_evidence,group but num_person=1,False
sstk_image_1029054322,person_group,portrait_group,0.99,1.0,1.0,0.008009,True,0.0,0.0,legacy_portrait_group,False,image_group_with_single_person_evidence,group but num_person=1,False
sstk_image_1042137808,person_group,portrait_group,0.99,1.0,1.0,0.325878,True,0.0,0.0,legacy_portrait_group,False,image_group_with_single_person_evidence,group but num_person=1,False
sstk_image_1044960058,person_group,portrait_group,0.99,1.0,1.0,0.419087,True,0.0,0.0,legacy_portrait_group,False,image_group_with_single_person_evidence,group but num_person=1,False
sstk_image_1048961276,person_group,portrait_group,0.99,1.0,1.0,0.059972,True,0.0,0.0,legacy_portrait_group,False,image_group_with_single_person_evidence,group but num_person=1,False
sstk_image_1052921885,person_group,portrait_group,0.99,1.0,1.0,0.393722,True,0.0,0.0,legacy_portrait_group,False,image_group_with_single_person_evidence,group but num_person=1,False
sstk_image_1057182566,person_group,portrait_group,0.99,1.0,1.0,0.481331,True,0.0,0.0,legacy_portrait_group,False,image_group_with_single_person_evidence,group but num_person=1,False
sstk_image_1059578717,person_group,portrait_group,0.99,1.0,1.0,0.452072,True,0.0,0.0,legacy_portrait_group,False,image_group_with_single_person_evidence,group but num_person=1,False
sstk_image_1066650578,person_group,portrait_group,0.99,1.0,1.0,0.461469,True,0.0,0.0,legacy_portrait_group,False,image_group_with_single_person_evidence,group but num_person=1,False
sstk_image_1075529174,person_group,portrait_group,0.96,1.0,1.0,0.363197,True,0.0,0.0,legacy_portrait_group,False,image_group_with_single_person_evidence,group but num_person=1,False
sstk_image_1076718335,person_group,portrait_group,0.99,1.0,1.0,0.268157,True,0.0,0.0,legacy_portrait_group,False,image_group_with_single_person_evidence,group but num_person=1,False
sstk_image_108180926,person_group,portrait_group,0.99,1.0,1.0,0.510465,True,0.0,0.0,legacy_portrait_group,False,image_group_with_single_person_evidence,group but num_person=1,False
sstk_image_1088381276,person_group,portrait_group,0.99,1.0,1.0,0.342821,True,0.0,0.0,legacy_portrait_group,False,image_group_with_single_person_evidence,group but num_person=1,False
sstk_image_1105762547,person_group,portrait_group,0.99,1.0,1.0,0.141822,True,0.0,0.0,legacy_portrait_group,False,image_group_with_single_person_evidence,group but num_person=1,False
sstk_image_1112833787,person_group,portrait_group,0.99,1.0,1.0,0.621677,True,0.0,0.0,legacy_portrait_group,False,image_group_with_single_person_evidence,group but num_person=1,False
sstk_image_1113146555,person_group,portrait_group,0.99,1.0,1.0,0.36513,True,0.0,0.0,legacy_portrait_group,False,image_group_with_single_person_evidence,group but num_person=1,False
sstk_image_1113896150,person_group,portrait_group,0.99,1.0,1.0,0.326431,True,0.0,0.0,legacy_portrait_group,False,image_group_with_single_person_evidence,group but num_person=1,False
sstk_image_1115726849,person_group,portrait_group,0.99,1.0,1.0,0.276287,True,0.0,0.0,legacy_portrait_group,False,image_group_with_single_person_evidence,group but num_person=1,False
sstk_image_111982115,person_group,portrait_group,0.99,1.0,1.0,0.38319,True,0.0,0.0,legacy_portrait_group,False,image_group_with_single_person_evidence,group but num_person=1,False
sstk_image_1119925994,person_group,portrait_group,0.99,1.0,1.0,0.418732,True,0.0,0.0,legacy_portrait_group,False,image_group_with_single_person_evidence,group but num_person=1,False
sstk_image_112493201,person_group,portrait_group,0.99,1.0,1.0,0.425837,True,0.0,0.0,legacy_portrait_group,False,image_group_with_single_person_evidence,group but num_person=1,False
sstk_image_1125270242,person_group,portrait_group,0.99,1.0,1.0,0.391912,True,0.0,0.0,legacy_portrait_group,False,image_group_with_single_person_evidence,group but num_person=1,False
sstk_image_1126501985,person_group,portrait_group,0.99,1.0,1.0,0.171696,True,0.0,0.0,legacy_portrait_group,False,image_group_with_single_person_evidence,group but num_person=1,False
sstk_image_1131079433,person_group,portrait_group,0.99,1.0,1.0,0.03636,True,0.0,0.0,legacy_portrait_group,False,image_group_with_single_person_evidence,group but num_person=1,False
sstk_image_1132148114,person_group,portrait_group,0.99,1.0,1.0,0.265087,True,0.0,0.0,legacy_portrait_group,False,image_group_with_single_person_evidence,group but num_person=1,False
sstk_image_1135197203,person_group,portrait_group,0.99,1.0,1.0,0.389205,True,0.0,0.0,legacy_portrait_group,False,image_group_with_single_person_evidence,group but num_person=1,False
sstk_image_1135341446,person_group,portrait_group,0.99,1.0,1.0,0.37698,True,0.0,0.0,legacy_portrait_group,False,image_group_with_single_person_evidence,group but num_person=1,False
sstk_image_1135989650,person_group,portrait_group,0.99,1.0,1.0,0.166321,True,0.0,0.0,legacy_portrait_group,False,image_group_with_single_person_evidence,group but num_person=1,False
sstk_image_1137240584,person_group,portrait_group,0.99,1.0,1.0,0.287856,True,0.0,0.0,legacy_portrait_group,False,image_group_with_single_person_evidence,group but num_person=1,False
sstk_image_114617539,person_group,portrait_group,0.99,1.0,1.0,0.376459,True,0.0,0.0,legacy_portrait_group,False,image_group_with_single_person_evidence,group but num_person=1,False
sstk_image_1149348950,person_group,portrait_group,0.99,1.0,1.0,0.427562,True,0.0,0.0,legacy_portrait_group,False,image_group_with_single_person_evidence,group but num_person=1,False
sstk_image_1162134844,person_group,portrait_group,0.99,1.0,1.0,0.289607,True,0.0,0.0,legacy_portrait_group,False,image_group_with_single_person_evidence,group but num_person=1,False
sstk_image_1176372571,person_group,portrait_group,0.99,1.0,1.0,0.320501,True,0.0,0.0,legacy_portrait_group,False,image_group_with_single_person_evidence,group but num_person=1,False
sstk_image_1177768030,person_group,portrait_group,0.99,1.0,1.0,0.032544,True,0.0,0.0,legacy_portrait_group,False,image_group_with_single_person_evidence,group but num_person=1,False
sstk_image_1179144118,person_group,portrait_group,0.99,1.0,1.0,0.312879,True,0.0,0.0,legacy_portrait_group,False,image_group_with_single_person_evidence,group but num_person=1,False
sstk_image_1181466517,person_group,portrait_group,0.99,1.0,1.0,0.21,True,0.0,0.0,legacy_portrait_group,False,image_group_with_single_person_evidence,group but num_person=1,False
sstk_image_1181466532,person_group,portrait_group,0.99,1.0,1.0,0.677624,True,0.0,0.0,legacy_portrait_group,False,image_group_with_single_person_evidence,group but num_person=1,False
sstk_image_1190999053,person_group,portrait_group,0.99,1.0,1.0,0.556259,True,0.0,0.0,legacy_portrait_group,False,image_group_with_single_person_evidence,group but num_person=1,False
sstk_image_1199655559,person_group,portrait_group,0.99,1.0,1.0,0.488972,True,0.0,0.0,legacy_portrait_group,False,image_group_with_single_person_evidence,group but num_person=1,False
sstk_image_1208804986,person_group,portrait_group,0.99,1.0,1.0,0.214261,True,0.0,0.0,legacy_portrait_group,False,image_group_with_single_person_evidence,group but num_person=1,False
sstk_image_1209173959,person_group,portrait_group,0.99,1.0,1.0,0.351916,True,0.0,0.0,legacy_portrait_group,False,image_group_with_single_person_evidence,group but num_person=1,False
sstk_image_1218273364,person_group,portrait_group,0.99,1.0,1.0,0.510465,True,0.0,0.0,legacy_portrait_group,False,image_group_with_single_person_evidence,group but num_person=1,False
sstk_image_1234307845,person_group,portrait_group,0.99,1.0,1.0,0.414539,True,0.0,0.0,legacy_portrait_group,False,image_group_with_single_person_evidence,group but num_person=1,False
sstk_image_1235169739,person_group,portrait_group,0.99,1.0,1.0,0.428055,True,0.0,0.0,legacy_portrait_group,False,image_group_with_single_person_evidence,group but num_person=1,False
sstk_image_124875010,person_group,portrait_group,0.99,1.0,1.0,0.329028,True,0.0,0.0,legacy_portrait_group,False,image_group_with_single_person_evidence,group but num_person=1,False
sstk_image_1256395135,person_group,portrait_group,0.99,1.0,1.0,0.461337,True,0.0,0.0,legacy_portrait_group,False,image_group_with_single_person_evidence,group but num_person=1,False
sstk_image_1257122470,person_group,portrait_group,0.99,1.0,1.0,0.290003,True,0.0,0.0,legacy_portrait_group,False,image_group_with_single_person_evidence,group but num_person=1,False
sstk_image_1270753375,person_group,portrait_group,0.99,1.0,1.0,0.210767,True,0.0,0.0,legacy_portrait_group,False,image_group_with_single_person_evidence,group but num_person=1,False
sstk_image_127174487,person_group,portrait_group,0.99,1.0,1.0,0.455478,True,0.0,0.0,legacy_portrait_group,False,image_group_with_single_person_evidence,group but num_person=1,False
sstk_image_1273207897,person_group,portrait_group,0.99,1.0,1.0,0.290802,True,0.0,0.0,legacy_portrait_group,False,image_group_with_single_person_evidence,group but num_person=1,False
sstk_image_1279388779,person_group,portrait_group,0.96,1.0,1.0,0.265682,True,0.0,0.0,legacy_portrait_group,False,image_group_with_single_person_evidence,group but num_person=1,False
sstk_image_128000360,person_group,portrait_group,0.99,1.0,1.0,0.508499,True,0.0,0.0,legacy_portrait_group,False,image_group_with_single_person_evidence,group but num_person=1,False
sstk_image_1285477165,person_group,portrait_group,0.99,1.0,1.0,0.551148,True,0.0,0.0,legacy_portrait_group,False,image_group_with_single_person_evidence,group but num_person=1,False
sstk_image_1286284903,person_group,portrait_group,0.99,1.0,1.0,0.29534,True,0.0,0.0,legacy_portrait_group,False,image_group_with_single_person_evidence,group but num_person=1,False
sstk_image_1290850804,person_group,portrait_group,0.96,1.0,1.0,0.388909,True,0.0,0.0,legacy_portrait_group,False,image_group_with_single_person_evidence,group but num_person=1,False
sstk_image_1291618456,person_group,portrait_group,0.99,1.0,0.0,0.526463,True,0.0,0.0,legacy_portrait_group,False,image_group_with_single_person_evidence,group but num_person=1,False
sstk_image_1294709128,person_group,portrait_group,0.96,1.0,1.0,0.449763,True,0.0,0.0,legacy_portrait_group,False,image_group_with_single_person_evidence,group but num_person=1,False
sstk_image_1297052623,person_group,portrait_group,0.99,1.0,1.0,0.441648,True,0.0,0.0,legacy_portrait_group,False,image_group_with_single_person_evidence,group but num_person=1,False
sstk_image_1307834536,person_group,portrait_group,0.99,1.0,1.0,0.088696,True,0.0,0.0,legacy_portrait_group,False,image_group_with_single_person_evidence,group but num_person=1,False
sstk_image_13155118,person_group,portrait_group,0.99,1.0,1.0,0.018345,True,0.0,0.0,legacy_portrait_group,False,image_group_with_single_person_evidence,group but num_person=1,False
sstk_image_1319823578,person_group,portrait_group,0.84,1.0,1.0,0.16325,True,0.0,0.0,legacy_portrait_group,False,image_group_with_single_person_evidence,group but num_person=1,False
sstk_image_1323144107,person_group,portrait_group,0.99,1.0,1.0,0.361761,True,0.0,0.0,legacy_portrait_group,False,image_group_with_single_person_evidence,group but num_person=1,False
sstk_image_1325754809,person_group,portrait_group,0.99,1.0,1.0,0.111966,True,0.0,0.0,legacy_portrait_group,False,image_group_with_single_person_evidence,group but num_person=1,False
sstk_image_132744077,person_group,portrait_group,0.99,1.0,1.0,0.585312,True,0.0,0.0,legacy_portrait_group,False,image_group_with_single_person_evidence,group but num_person=1,False
sstk_image_1329234662,person_group,portrait_group,0.99,1.0,1.0,0.289887,True,0.0,0.0,legacy_portrait_group,False,image_group_with_single_person_evidence,group but num_person=1,False
sstk_image_1329674549,person_group,portrait_group,0.99,1.0,1.0,0.11566,True,0.0,0.0,legacy_portrait_group,False,image_group_with_single_person_evidence,group but num_person=1,False
sstk_image_1341286175,person_group,portrait_group,0.99,1.0,1.0,0.4856,True,0.0,0.0,legacy_portrait_group,False,image_group_with_single_person_evidence,group but num_person=1,False
sstk_image_1360255880,person_group,portrait_group,0.99,1.0,1.0,0.052934,True,0.0,0.0,legacy_portrait_group,False,image_group_with_single_person_evidence,group but num_person=1,False
sstk_image_136229471,person_group,portrait_group,0.99,1.0,1.0,0.457499,True,0.0,0.0,legacy_portrait_group,False,image_group_with_single_person_evidence,group but num_person=1,False
sstk_image_1381664408,person_group,portrait_group,0.99,1.0,1.0,0.285825,True,0.0,0.0,legacy_portrait_group,False,image_group_with_single_person_evidence,group but num_person=1,False
sstk_image_1383398423,person_group,portrait_group,0.99,1.0,1.0,0.022428,True,0.0,0.0,legacy_portrait_group,False,image_group_with_single_person_evidence,group but num_person=1,False
sstk_image_1384049051,person_group,portrait_group,0.84,1.0,1.0,0.588762,True,0.0,0.0,legacy_portrait_group,False,image_group_with_single_person_evidence,group but num_person=1,False
sstk_image_1393121981,person_group,portrait_group,0.99,1.0,1.0,0.132813,True,0.0,0.0,legacy_portrait_group,False,image_group_with_single_person_evidence,group but num_person=1,False
sstk_image_1398371999,person_group,portrait_group,0.99,1.0,1.0,0.399242,True,0.0,0.0,legacy_portrait_group,False,image_group_with_single_person_evidence,group but num_person=1,False
sstk_image_140410933,person_group,portrait_group,0.99,1.0,1.0,0.495444,True,0.0,0.0,legacy_portrait_group,False,image_group_with_single_person_evidence,group but num_person=1,False
sstk_image_1407481445,person_group,portrait_group,0.88,1.0,1.0,0.674377,True,0.0,0.0,legacy_portrait_group,False,image_group_with_single_person_evidence,group but num_person=1,False
sstk_image_1421971325,person_group,portrait_group,0.99,1.0,1.0,0.350973,True,0.0,0.0,legacy_portrait_group,False,image_group_with_single_person_evidence,group but num_person=1,False
sstk_image_1424188118,person_group,portrait_group,0.99,1.0,1.0,0.26069,True,0.0,0.0,legacy_portrait_group,False,image_group_with_single_person_evidence,group but num_person=1,False
sstk_image_1425862115,person_group,portrait_group,0.99,1.0,1.0,0.260752,True,0.0,0.0,legacy_portrait_group,False,image_group_with_single_person_evidence,group but num_person=1,False
sstk_image_1426504787,person_group,portrait_group,0.99,1.0,1.0,0.490588,True,0.0,0.0,legacy_portrait_group,False,image_group_with_single_person_evidence,group but num_person=1,False
sstk_image_1430266850,person_group,portrait_group,0.99,1.0,1.0,0.250277,True,0.0,0.0,legacy_portrait_group,False,image_group_with_single_person_evidence,group but num_person=1,False
sstk_image_1433757413,person_group,portrait_group,0.99,1.0,1.0,0.494345,True,0.0,0.0,legacy_portrait_group,False,image_group_with_single_person_evidence,group but num_person=1,False
sstk_image_1446645134,person_group,portrait_group,0.99,1.0,1.0,0.107862,True,0.0,0.0,legacy_portrait_group,False,image_group_with_single_person_evidence,group but num_person=1,False
sstk_image_145521958,person_group,portrait_group,0.99,1.0,1.0,0.23988,True,0.0,0.0,legacy_portrait_group,False,image_group_with_single_person_evidence,group but num_person=1,False
sstk_image_1466476769,person_group,portrait_group,0.99,1.0,1.0,0.290156,True,0.0,0.0,legacy_portrait_group,False,image_group_with_single_person_evidence,group but num_person=1,False
sstk_image_1476533939,person_group,portrait_group,0.99,1.0,1.0,0.503976,True,0.0,0.0,legacy_portrait_group,False,image_group_with_single_person_evidence,group but num_person=1,False
sstk_image_1483307114,person_group,portrait_group,0.99,1.0,1.0,0.1886,True,0.0,0.0,legacy_portrait_group,False,image_group_with_single_person_evidence,group but num_person=1,False
sstk_image_1483535027,person_group,portrait_group,0.99,1.0,1.0,0.197782,True,0.0,0.0,legacy_portrait_group,False,image_group_with_single_person_evidence,group but num_person=1,False
sstk_image_1485334766,person_group,portrait_group,0.99,1.0,1.0,0.253957,True,0.0,0.0,legacy_portrait_group,False,image_group_with_single_person_evidence,group but num_person=1,False
sstk_image_1499925611,person_group,portrait_group,0.99,1.0,1.0,0.353943,True,0.0,0.0,legacy_portrait_group,False,image_group_with_single_person_evidence,group but num_person=1,False
sstk_image_1503272804,person_group,portrait_group,0.99,1.0,1.0,0.588762,True,0.0,0.0,legacy_portrait_group,False,image_group_with_single_person_evidence,group but num_person=1,False
sstk_image_1504467536,person_group,portrait_group,0.99,1.0,1.0,0.130087,True,0.0,0.0,legacy_portrait_group,False,image_group_with_single_person_evidence,group but num_person=1,False
sstk_image_1508661110,person_group,portrait_group,0.99,1.0,1.0,0.63798,True,0.0,0.0,legacy_portrait_group,False,image_group_with_single_person_evidence,group but num_person=1,False
sstk_image_1509673487,person_group,portrait_group,0.99,1.0,1.0,0.658028,True,0.0,0.0,legacy_portrait_group,False,image_group_with_single_person_evidence,group but num_person=1,False
sstk_image_1515241046,person_group,portrait_group,0.99,1.0,1.0,0.019519,True,0.0,0.0,legacy_portrait_group,False,image_group_with_single_person_evidence,group but num_person=1,False
sstk_image_1524218504,person_group,portrait_group,0.99,1.0,1.0,0.30416,True,0.0,0.0,legacy_portrait_group,False,image_group_with_single_person_evidence,group but num_person=1,False
sstk_image_153836624,person_group,portrait_group,0.99,1.0,1.0,0.407738,True,0.0,0.0,legacy_portrait_group,False,image_group_with_single_person_evidence,group but num_person=1,False
sstk_image_1539392045,person_group,portrait_group,0.99,1.0,1.0,0.382744,True,0.0,0.0,legacy_portrait_group,False,image_group_with_single_person_evidence,group but num_person=1,False
sstk_image_1540294901,person_group,portrait_group,0.99,1.0,1.0,0.171465,True,0.0,0.0,legacy_portrait_group,False,image_group_with_single_person_evidence,group but num_person=1,False
sstk_image_1541336771,person_group,portrait_group,0.99,1.0,1.0,0.345276,True,0.0,0.0,legacy_portrait_group,False,image_group_with_single_person_evidence,group but num_person=1,False
sstk_image_1550491823,person_group,portrait_group,0.99,1.0,1.0,0.222677,True,0.0,0.0,legacy_portrait_group,False,image_group_with_single_person_evidence,group but num_person=1,False
sstk_image_1551651833,person_group,portrait_group,0.99,1.0,1.0,0.430891,True,0.0,0.0,legacy_portrait_group,False,image_group_with_single_person_evidence,group but num_person=1,False
sstk_image_1560740555,person_group,portrait_group,0.99,1.0,1.0,0.208043,True,0.0,0.0,legacy_portrait_group,False,image_group_with_single_person_evidence,group but num_person=1,False
sstk_image_1575539083,person_group,portrait_group,0.99,1.0,1.0,0.137663,True,0.0,0.0,legacy_portrait_group,False,image_group_with_single_person_evidence,group but num_person=1,False
sstk_image_1604893657,person_group,portrait_group,0.99,1.0,1.0,0.418544,True,0.0,0.0,legacy_portrait_group,False,image_group_with_single_person_evidence,group but num_person=1,False
sstk_image_1606120465,person_group,portrait_group,0.99,1.0,1.0,0.676897,True,0.0,0.0,legacy_portrait_group,False,image_group_with_single_person_evidence,group but num_person=1,False
sstk_image_1606560094,person_group,portrait_group,0.99,1.0,1.0,0.81697,True,0.0,0.0,legacy_portrait_group,False,image_group_with_single_person_evidence,group but num_person=1,False
sstk_image_1633996036,person_group,portrait_group,0.99,1.0,1.0,0.469169,True,0.0,0.0,legacy_portrait_group,False,image_group_with_single_person_evidence,group but num_person=1,False
sstk_image_163491113,person_group,portrait_group,0.96,1.0,1.0,0.592072,True,0.0,0.0,legacy_portrait_group,False,image_group_with_single_person_evidence,group but num_person=1,False
sstk_image_1635321184,person_group,portrait_group,0.99,1.0,1.0,0.511232,True,0.0,0.0,legacy_portrait_group,False,image_group_with_single_person_evidence,group but num_person=1,False
sstk_image_1638730798,person_group,portrait_group,0.88,1.0,1.0,0.375239,True,0.0,0.0,legacy_portrait_group,False,image_group_with_single_person_evidence,group but num_person=1,False
sstk_image_1643594806,person_group,portrait_group,0.99,1.0,1.0,0.156814,True,0.0,0.0,legacy_portrait_group,False,image_group_with_single_person_evidence,group but num_person=1,False
sstk_image_1649191186,person_group,portrait_group,0.99,1.0,1.0,0.356618,True,0.0,0.0,legacy_portrait_group,False,image_group_with_single_person_evidence,group but num_person=1,False
sstk_image_1651505029,person_group,portrait_group,0.99,1.0,1.0,0.295659,True,0.0,0.0,legacy_portrait_group,False,image_group_with_single_person_evidence,group but num_person=1,False
sstk_image_1664181358,person_group,portrait_group,0.99,1.0,1.0,0.016624,True,0.0,0.0,legacy_portrait_group,False,image_group_with_single_person_evidence,group but num_person=1,False
sstk_image_1664365195,person_group,portrait_group,0.99,1.0,1.0,0.32794,True,0.0,0.0,legacy_portrait_group,False,image_group_with_single_person_evidence,group but num_person=1,False
sstk_image_1667343244,person_group,portrait_group,0.96,1.0,1.0,0.726622,True,0.0,0.0,legacy_portrait_group,False,image_group_with_single_person_evidence,group but num_person=1,False
sstk_image_1672438195,person_group,portrait_group,0.99,1.0,1.0,0.546543,True,0.0,0.0,legacy_portrait_group,False,image_group_with_single_person_evidence,group but num_person=1,False
sstk_image_168936611,person_group,portrait_group,0.96,1.0,1.0,0.518411,True,0.0,0.0,legacy_portrait_group,False,image_group_with_single_person_evidence,group but num_person=1,False
sstk_image_1700269519,person_group,portrait_group,0.99,1.0,1.0,0.108186,True,0.0,0.0,legacy_portrait_group,False,image_group_with_single_person_evidence,group but num_person=1,False
sstk_image_1705475683,person_group,portrait_group,0.99,1.0,1.0,0.344748,True,0.0,0.0,legacy_portrait_group,False,image_group_with_single_person_evidence,group but num_person=1,False
sstk_image_1708365823,person_group,portrait_group,0.99,1.0,1.0,0.302165,True,0.0,0.0,legacy_portrait_group,False,image_group_with_single_person_evidence,group but num_person=1,False
sstk_image_1709949034,person_group,portrait_group,0.99,1.0,1.0,0.361717,True,0.0,0.0,legacy_portrait_group,False,image_group_with_single_person_evidence,group but num_person=1,False
sstk_image_1711045264,person_group,portrait_group,0.99,1.0,1.0,0.027931,True,0.0,0.0,legacy_portrait_group,False,image_group_with_single_person_evidence,group but num_person=1,False
sstk_image_1711818760,person_group,portrait_group,0.99,1.0,1.0,0.263523,True,0.0,0.0,legacy_portrait_group,False,image_group_with_single_person_evidence,group but num_person=1,False
sstk_image_1725279463,person_group,portrait_group,0.99,1.0,1.0,0.238768,True,0.0,0.0,legacy_portrait_group,False,image_group_with_single_person_evidence,group but num_person=1,False
sstk_image_1727882314,person_group,portrait_group,0.99,1.0,1.0,0.395322,True,0.0,0.0,legacy_portrait_group,False,image_group_with_single_person_evidence,group but num_person=1,False
sstk_image_1733726849,person_group,portrait_group,0.99,1.0,1.0,0.089163,True,0.0,0.0,legacy_portrait_group,False,image_group_with_single_person_evidence,group but num_person=1,False
sstk_image_1733727041,person_group,portrait_group,0.88,1.0,1.0,0.519112,True,0.0,0.0,legacy_portrait_group,False,image_group_with_single_person_evidence,group but num_person=1,False
sstk_image_174361148,person_group,portrait_group,0.99,1.0,1.0,0.380906,True,0.0,0.0,legacy_portrait_group,False,image_group_with_single_person_evidence,group but num_person=1,False
sstk_image_1745176109,person_group,portrait_group,0.99,1.0,1.0,0.472276,True,0.0,0.0,legacy_portrait_group,False,image_group_with_single_person_evidence,group but num_person=1,False
sstk_image_1746121802,person_group,portrait_group,0.96,1.0,1.0,0.452774,True,0.0,0.0,legacy_portrait_group,False,image_group_with_single_person_evidence,group but num_person=1,False
sstk_image_1746125309,person_group,portrait_group,0.99,1.0,1.0,0.412801,True,0.0,0.0,legacy_portrait_group,False,image_group_with_single_person_evidence,group but num_person=1,False
sstk_image_1756212740,person_group,portrait_group,0.99,1.0,0.0,0.003389,True,0.0,0.0,legacy_portrait_group,False,image_group_with_single_person_evidence,group but num_person=1,False
sstk_image_1763028782,person_group,portrait_group,0.99,1.0,1.0,0.297428,True,0.0,0.0,legacy_portrait_group,False,image_group_with_single_person_evidence,group but num_person=1,False
sstk_image_17643577,person_group,portrait_group,0.99,1.0,1.0,0.440702,True,0.0,0.0,legacy_portrait_group,False,image_group_with_single_person_evidence,group but num_person=1,False
sstk_image_1765488134,person_group,portrait_group,0.99,1.0,1.0,0.262222,True,0.0,0.0,legacy_portrait_group,False,image_group_with_single_person_evidence,group but num_person=1,False
sstk_image_1775492573,person_group,portrait_group,0.99,1.0,1.0,0.457139,True,0.0,0.0,legacy_portrait_group,False,image_group_with_single_person_evidence,group but num_person=1,False
sstk_image_1789733546,person_group,portrait_group,0.96,1.0,1.0,0.436774,True,0.0,0.0,legacy_portrait_group,False,image_group_with_single_person_evidence,group but num_person=1,False
sstk_image_1790976893,person_group,portrait_group,0.99,1.0,1.0,0.253844,True,0.0,0.0,legacy_portrait_group,False,image_group_with_single_person_evidence,group but num_person=1,False
sstk_image_1792765783,person_group,portrait_group,0.99,1.0,1.0,0.349223,True,0.0,0.0,legacy_portrait_group,False,image_group_with_single_person_evidence,group but num_person=1,False
sstk_image_1796836921,person_group,portrait_group,0.99,1.0,1.0,0.443793,True,0.0,0.0,legacy_portrait_group,False,image_group_with_single_person_evidence,group but num_person=1,False
sstk_image_1797954658,person_group,portrait_group,0.99,1.0,1.0,0.145942,True,0.0,0.0,legacy_portrait_group,False,image_group_with_single_person_evidence,group but num_person=1,False
sstk_image_1800795775,person_group,portrait_group,0.99,1.0,1.0,0.577262,True,0.0,0.0,legacy_portrait_group,False,image_group_with_single_person_evidence,group but num_person=1,False
sstk_image_1809748471,person_group,portrait_group,0.88,1.0,0.0,0.594506,True,0.0,0.0,legacy_portrait_group,False,image_group_with_single_person_evidence,group but num_person=1,False
sstk_image_1821563690,person_group,portrait_group,0.96,1.0,1.0,0.412978,True,0.0,0.0,legacy_portrait_group,False,image_group_with_single_person_evidence,group but num_person=1,False
sstk_image_1830056105,person_group,portrait_group,0.88,1.0,1.0,0.546702,True,0.0,0.0,legacy_portrait_group,False,image_group_with_single_person_evidence,group but num_person=1,False
sstk_image_1833677068,person_group,portrait_group,0.99,1.0,1.0,0.329139,True,0.0,0.0,legacy_portrait_group,False,image_group_with_single_person_evidence,group but num_person=1,False
sstk_image_1841430400,person_group,portrait_group,0.99,1.0,1.0,0.326664,True,0.0,0.0,legacy_portrait_group,False,image_group_with_single_person_evidence,group but num_person=1,False
sstk_image_1845109795,person_group,portrait_group,0.99,1.0,1.0,0.070759,True,0.0,0.0,legacy_portrait_group,False,image_group_with_single_person_evidence,group but num_person=1,False
sstk_image_1853566033,person_group,portrait_group,0.99,1.0,1.0,0.216022,True,0.0,0.0,legacy_portrait_group,False,image_group_with_single_person_evidence,group but num_person=1,False
sstk_image_1855976140,person_group,portrait_group,0.99,1.0,1.0,0.478993,True,0.0,0.0,legacy_portrait_group,False,image_group_with_single_person_evidence,group but num_person=1,False
sstk_image_1862382364,person_group,portrait_group,0.99,1.0,1.0,0.283778,True,0.0,0.0,legacy_portrait_group,False,image_group_with_single_person_evidence,group but num_person=1,False
sstk_image_1869721840,person_group,portrait_group,0.99,1.0,1.0,0.267793,True,0.0,0.0,legacy_portrait_group,False,image_group_with_single_person_evidence,group but num_person=1,False
sstk_image_1892182042,person_group,portrait_group,0.99,1.0,1.0,0.422874,True,0.0,0.0,legacy_portrait_group,False,image_group_with_single_person_evidence,group but num_person=1,False
sstk_image_1892784703,person_group,portrait_group,0.99,1.0,1.0,0.094989,True,0.0,0.0,legacy_portrait_group,False,image_group_with_single_person_evidence,group but num_person=1,False
sstk_image_1900163695,person_group,portrait_group,0.99,1.0,1.0,0.353652,True,0.0,0.0,legacy_portrait_group,False,image_group_with_single_person_evidence,group but num_person=1,False
sstk_image_1923068534,person_group,portrait_group,0.99,1.0,1.0,0.499897,True,0.0,0.0,legacy_portrait_group,False,image_group_with_single_person_evidence,group but num_person=1,False
sstk_image_1924194695,person_group,portrait_group,0.99,1.0,1.0,0.508162,True,0.0,0.0,legacy_portrait_group,False,image_group_with_single_person_evidence,group but num_person=1,False
sstk_image_1930701665,person_group,portrait_group,0.99,1.0,1.0,0.314968,True,0.0,0.0,legacy_portrait_group,False,image_group_with_single_person_evidence,group but num_person=1,False
sstk_image_1940396329,person_group,portrait_group,0.99,1.0,1.0,0.306399,True,0.0,0.0,legacy_portrait_group,False,image_group_with_single_person_evidence,group but num_person=1,False
sstk_image_1959267799,person_group,portrait_group,0.99,1.0,1.0,0.510574,True,0.0,0.0,legacy_portrait_group,False,image_group_with_single_person_evidence,group but num_person=1,False
sstk_image_1972270181,person_group,portrait_group,0.99,1.0,1.0,0.509958,True,0.0,0.0,legacy_portrait_group,False,image_group_with_single_person_evidence,group but num_person=1,False
sstk_image_1984954637,person_group,portrait_group,0.99,1.0,1.0,0.332642,True,0.0,0.0,legacy_portrait_group,False,image_group_with_single_person_evidence,group but num_person=1,False
sstk_image_1986567674,person_group,portrait_group,0.99,1.0,1.0,0.488933,True,0.0,0.0,legacy_portrait_group,False,image_group_with_single_person_evidence,group but num_person=1,False
sstk_image_2002131563,person_group,portrait_group,0.99,1.0,1.0,0.252811,True,0.0,0.0,legacy_portrait_group,False,image_group_with_single_person_evidence,group but num_person=1,False
sstk_image_200663300,person_group,portrait_group,0.99,1.0,1.0,0.579084,True,0.0,0.0,legacy_portrait_group,False,image_group_with_single_person_evidence,group but num_person=1,False
sstk_image_2040051032,person_group,portrait_group,0.99,1.0,1.0,0.562957,True,0.0,0.0,legacy_portrait_group,False,image_group_with_single_person_evidence,group but num_person=1,False
sstk_image_2041809650,person_group,portrait_group,0.99,1.0,1.0,0.305271,True,0.0,0.0,legacy_portrait_group,False,image_group_with_single_person_evidence,group but num_person=1,False
sstk_image_2043543617,person_group,portrait_group,0.99,1.0,1.0,0.504677,True,0.0,0.0,legacy_portrait_group,False,image_group_with_single_person_evidence,group but num_person=1,False
sstk_image_2045200577,person_group,portrait_group,0.88,1.0,1.0,0.390144,True,0.0,0.0,legacy_portrait_group,False,image_group_with_single_person_evidence,group but num_person=1,False
sstk_image_2050152806,person_group,portrait_group,0.99,1.0,1.0,0.178261,True,0.0,0.0,legacy_portrait_group,False,image_group_with_single_person_evidence,group but num_person=1,False
sstk_image_2054188424,person_group,portrait_group,0.99,1.0,1.0,0.776613,True,0.0,0.0,legacy_portrait_group,False,image_group_with_single_person_evidence,group but num_person=1,False
sstk_image_206364466,person_group,portrait_group,0.99,1.0,1.0,0.44398,True,0.0,0.0,legacy_portrait_group,False,image_group_with_single_person_evidence,group but num_person=1,False
sstk_image_2067029495,person_group,portrait_group,0.99,1.0,1.0,0.334027,True,0.0,0.0,legacy_portrait_group,False,image_group_with_single_person_evidence,group but num_person=1,False
sstk_image_2070736964,person_group,portrait_group,0.99,1.0,1.0,0.297616,True,0.0,0.0,legacy_portrait_group,False,image_group_with_single_person_evidence,group but num_person=1,False
sstk_image_2080212940,person_group,portrait_group,0.99,1.0,1.0,0.474993,True,0.0,0.0,legacy_portrait_group,False,image_group_with_single_person_evidence,group but num_person=1,False
sstk_image_208698658,person_group,portrait_group,0.99,1.0,1.0,0.529482,True,0.0,0.0,legacy_portrait_group,False,image_group_with_single_person_evidence,group but num_person=1,False
sstk_image_2096617330,person_group,portrait_group,0.88,1.0,1.0,0.183508,True,0.0,0.0,legacy_portrait_group,False,image_group_with_single_person_evidence,group but num_person=1,False
sstk_image_2097062887,person_group,portrait_group,0.99,1.0,1.0,0.550427,True,0.0,0.0,legacy_portrait_group,False,image_group_with_single_person_evidence,group but num_person=1,False
sstk_image_2100374896,person_group,portrait_group,0.99,1.0,1.0,0.346837,True,0.0,0.0,legacy_portrait_group,False,image_group_with_single_person_evidence,group but num_person=1,False
sstk_image_2105554571,person_group,portrait_group,0.99,1.0,1.0,0.227694,True,0.0,0.0,legacy_portrait_group,False,image_group_with_single_person_evidence,group but num_person=1,False
sstk_image_2116115804,person_group,portrait_group,0.99,1.0,0.0,0.003873,True,0.0,0.0,legacy_portrait_group,False,image_group_with_single_person_evidence,group but num_person=1,False
sstk_image_2117292644,person_group,portrait_group,0.99,1.0,1.0,0.097446,True,0.0,0.0,legacy_portrait_group,False,image_group_with_single_person_evidence,group but num_person=1,False
sstk_image_2125634096,person_group,portrait_group,0.99,1.0,1.0,0.283608,True,0.0,0.0,legacy_portrait_group,False,image_group_with_single_person_evidence,group but num_person=1,False
sstk_image_2127099422,person_group,portrait_group,0.99,1.0,1.0,0.551964,True,0.0,0.0,legacy_portrait_group,False,image_group_with_single_person_evidence,group but num_person=1,False
sstk_image_2131490945,person_group,portrait_group,0.99,1.0,1.0,0.421319,True,0.0,0.0,legacy_portrait_group,False,image_group_with_single_person_evidence,group but num_person=1,False
sstk_image_2135527725,person_group,portrait_group,0.99,1.0,1.0,0.029966,True,0.0,0.0,legacy_portrait_group,False,image_group_with_single_person_evidence,group but num_person=1,False
sstk_image_2139910457,person_group,portrait_group,0.99,1.0,1.0,0.347708,True,0.0,0.0,legacy_portrait_group,False,image_group_with_single_person_evidence,group but num_person=1,False
sstk_image_2140448729,person_group,portrait_group,0.99,1.0,1.0,0.430657,True,0.0,0.0,legacy_portrait_group,False,image_group_with_single_person_evidence,group but num_person=1,False
sstk_image_2142583929,person_group,portrait_group,0.99,1.0,1.0,0.222576,True,0.0,0.0,legacy_portrait_group,False,image_group_with_single_person_evidence,group but num_person=1,False
sstk_image_2143537645,person_group,portrait_group,0.99,1.0,1.0,0.035174,True,0.0,0.0,legacy_portrait_group,False,image_group_with_single_person_evidence,group but num_person=1,False
sstk_image_2143678021,person_group,portrait_group,0.99,1.0,1.0,0.400976,True,0.0,0.0,legacy_portrait_group,False,image_group_with_single_person_evidence,group but num_person=1,False
sstk_image_2144127891,person_group,portrait_group,0.99,1.0,1.0,0.416048,True,0.0,0.0,legacy_portrait_group,False,image_group_with_single_person_evidence,group but num_person=1,False
sstk_image_2153560431,person_group,portrait_group,0.99,1.0,1.0,0.261607,True,0.0,0.0,legacy_portrait_group,False,image_group_with_single_person_evidence,group but num_person=1,False
sstk_image_2154870491,person_group,portrait_group,0.88,1.0,1.0,0.263619,True,0.0,0.0,legacy_portrait_group,False,image_group_with_single_person_evidence,group but num_person=1,False
sstk_image_2154920577,person_group,portrait_group,0.99,1.0,1.0,0.587114,True,0.0,0.0,legacy_portrait_group,False,image_group_with_single_person_evidence,group but num_person=1,False
sstk_image_215593720,person_group,portrait_group,0.99,1.0,1.0,0.397142,True,0.0,0.0,legacy_portrait_group,False,image_group_with_single_person_evidence,group but num_person=1,False
sstk_image_2156963159,person_group,portrait_group,0.99,1.0,1.0,0.281715,True,0.0,0.0,legacy_portrait_group,False,image_group_with_single_person_evidence,group but num_person=1,False
sstk_image_2166836637,person_group,portrait_group,0.99,1.0,1.0,0.533729,True,0.0,0.0,legacy_portrait_group,False,image_group_with_single_person_evidence,group but num_person=1,False
sstk_image_2166849349,person_group,portrait_group,0.99,1.0,1.0,0.110958,True,0.0,0.0,legacy_portrait_group,False,image_group_with_single_person_evidence,group but num_person=1,False
sstk_image_2171175523,person_group,portrait_group,0.99,1.0,1.0,0.363906,True,0.0,0.0,legacy_portrait_group,False,image_group_with_single_person_evidence,group but num_person=1,False
sstk_image_2172452907,person_group,portrait_group,0.99,1.0,1.0,0.290237,True,0.0,0.0,legacy_portrait_group,False,image_group_with_single_person_evidence,group but num_person=1,False
sstk_image_2191506053,person_group,portrait_group,0.99,1.0,1.0,0.195789,True,0.0,0.0,legacy_portrait_group,False,image_group_with_single_person_evidence,group but num_person=1,False
sstk_image_2193995135,person_group,portrait_group,0.99,1.0,1.0,0.410777,True,0.0,0.0,legacy_portrait_group,False,image_group_with_single_person_evidence,group but num_person=1,False
sstk_image_2195286637,person_group,portrait_group,0.99,1.0,1.0,0.315577,True,0.0,0.0,legacy_portrait_group,False,image_group_with_single_person_evidence,group but num_person=1,False
sstk_image_2212287283,person_group,portrait_group,0.99,1.0,1.0,0.163536,True,0.0,0.0,legacy_portrait_group,False,image_group_with_single_person_evidence,group but num_person=1,False
sstk_image_2213458385,person_group,portrait_group,0.99,1.0,0.0,0.203124,True,0.0,0.0,legacy_portrait_group,False,image_group_with_single_person_evidence,group but num_person=1,False
sstk_image_2215885219,person_group,portrait_group,0.99,1.0,1.0,0.292826,True,0.0,0.0,legacy_portrait_group,False,image_group_with_single_person_evidence,group but num_person=1,False
sstk_image_2218359115,person_group,portrait_group,0.99,1.0,1.0,0.59762,True,0.0,0.0,legacy_portrait_group,False,image_group_with_single_person_evidence,group but num_person=1,False
sstk_image_2220850953,person_group,portrait_group,0.99,1.0,1.0,0.317391,True,0.0,0.0,legacy_portrait_group,False,image_group_with_single_person_evidence,group but num_person=1,False
sstk_image_2229634957,person_group,portrait_group,0.99,1.0,1.0,0.366274,True,0.0,0.0,legacy_portrait_group,False,image_group_with_single_person_evidence,group but num_person=1,False
sstk_image_2229687351,person_group,portrait_group,0.99,1.0,1.0,0.384912,True,0.0,0.0,legacy_portrait_group,False,image_group_with_single_person_evidence,group but num_person=1,False
sstk_image_2230838953,person_group,portrait_group,0.99,1.0,1.0,0.522103,True,0.0,0.0,legacy_portrait_group,False,image_group_with_single_person_evidence,group but num_person=1,False
sstk_image_2231592675,person_group,portrait_group,0.99,1.0,1.0,0.524265,True,0.0,0.0,legacy_portrait_group,False,image_group_with_single_person_evidence,group but num_person=1,False
sstk_image_2234144407,person_group,portrait_group,0.99,1.0,1.0,0.517466,True,0.0,0.0,legacy_portrait_group,False,image_group_with_single_person_evidence,group but num_person=1,False
sstk_image_2234888355,person_group,portrait_group,0.99,1.0,1.0,0.151597,True,0.0,0.0,legacy_portrait_group,False,image_group_with_single_person_evidence,group but num_person=1,False
sstk_image_2244338673,person_group,portrait_group,0.99,1.0,1.0,0.343124,True,0.0,0.0,legacy_portrait_group,False,image_group_with_single_person_evidence,group but num_person=1,False
sstk_image_225474340,person_group,portrait_group,0.99,1.0,1.0,0.157169,True,0.0,0.0,legacy_portrait_group,False,image_group_with_single_person_evidence,group but num_person=1,False
sstk_image_2255481251,person_group,portrait_group,0.99,1.0,1.0,0.405349,True,0.0,0.0,legacy_portrait_group,False,image_group_with_single_person_evidence,group but num_person=1,False
sstk_image_2260991199,person_group,portrait_group,0.99,1.0,1.0,0.259844,True,0.0,0.0,legacy_portrait_group,False,image_group_with_single_person_evidence,group but num_person=1,False
sstk_image_2261579461,person_group,portrait_group,0.99,1.0,1.0,0.433268,True,0.0,0.0,legacy_portrait_group,False,image_group_with_single_person_evidence,group but num_person=1,False
sstk_image_2263854675,person_group,portrait_group,0.99,1.0,1.0,0.320384,True,0.0,0.0,legacy_portrait_group,False,image_group_with_single_person_evidence,group but num_person=1,False
sstk_image_2265426677,person_group,portrait_group,0.99,1.0,1.0,0.283043,True,0.0,0.0,legacy_portrait_group,False,image_group_with_single_person_evidence,group but num_person=1,False
sstk_image_2280548461,person_group,portrait_group,0.96,1.0,1.0,0.588762,True,0.0,0.0,legacy_portrait_group,False,image_group_with_single_person_evidence,group but num_person=1,False
sstk_image_2283781795,person_group,portrait_group,0.99,1.0,1.0,0.246094,True,0.0,0.0,legacy_portrait_group,False,image_group_with_single_person_evidence,group but num_person=1,False
sstk_image_2292740277,person_group,portrait_group,0.99,1.0,1.0,0.139206,True,0.0,0.0,legacy_portrait_group,False,image_group_with_single_person_evidence,group but num_person=1,False
sstk_image_2292903253,person_group,portrait_group,0.96,1.0,1.0,0.331142,True,0.0,0.0,legacy_portrait_group,False,image_group_with_single_person_evidence,group but num_person=1,False
sstk_image_2294239889,person_group,portrait_group,0.99,1.0,1.0,0.34466,True,0.0,0.0,legacy_portrait_group,False,image_group_with_single_person_evidence,group but num_person=1,False
sstk_image_2298865105,person_group,portrait_group,0.99,1.0,1.0,0.471718,True,0.0,0.0,legacy_portrait_group,False,image_group_with_single_person_evidence,group but num_person=1,False
sstk_image_2310405085,person_group,portrait_group,0.99,1.0,1.0,0.428922,True,0.0,0.0,legacy_portrait_group,False,image_group_with_single_person_evidence,group but num_person=1,False
sstk_image_2314590867,person_group,portrait_group,0.99,1.0,1.0,0.34713,True,0.0,0.0,legacy_portrait_group,False,image_group_with_single_person_evidence,group but num_person=1,False
sstk_image_233117473,person_group,portrait_group,0.99,1.0,1.0,0.588762,True,0.0,0.0,legacy_portrait_group,False,image_group_with_single_person_evidence,group but num_person=1,False
sstk_image_2332556775,person_group,portrait_group,0.88,1.0,1.0,0.276027,True,0.0,0.0,legacy_portrait_group,False,image_group_with_single_person_evidence,group but num_person=1,False
sstk_image_262431194,person_group,portrait_group,0.99,1.0,1.0,0.31597,True,0.0,0.0,legacy_portrait_group,False,image_group_with_single_person_evidence,group but num_person=1,False
sstk_image_262605248,person_group,portrait_group,0.99,1.0,1.0,0.254345,True,0.0,0.0,legacy_portrait_group,False,image_group_with_single_person_evidence,group but num_person=1,False
sstk_image_26392816,person_group,portrait_group,0.99,1.0,1.0,0.592072,True,0.0,0.0,legacy_portrait_group,False,image_group_with_single_person_evidence,group but num_person=1,False
sstk_image_264133985,person_group,portrait_group,0.99,1.0,1.0,0.433964,True,0.0,0.0,legacy_portrait_group,False,image_group_with_single_person_evidence,group but num_person=1,False
sstk_image_266345963,person_group,portrait_group,0.99,1.0,1.0,0.295974,True,0.0,0.0,legacy_portrait_group,False,image_group_with_single_person_evidence,group but num_person=1,False
sstk_image_266404745,person_group,portrait_group,0.99,1.0,1.0,0.332589,True,0.0,0.0,legacy_portrait_group,False,image_group_with_single_person_evidence,group but num_person=1,False
sstk_image_275177690,person_group,portrait_group,0.99,1.0,1.0,0.058224,True,0.0,0.0,legacy_portrait_group,False,image_group_with_single_person_evidence,group but num_person=1,False
sstk_image_28176883,person_group,portrait_group,0.99,1.0,1.0,0.425984,True,0.0,0.0,legacy_portrait_group,False,image_group_with_single_person_evidence,group but num_person=1,False
sstk_image_307040489,person_group,portrait_group,0.99,1.0,1.0,0.454455,True,0.0,0.0,legacy_portrait_group,False,image_group_with_single_person_evidence,group but num_person=1,False
sstk_image_313860005,person_group,portrait_group,0.99,1.0,1.0,0.464318,True,0.0,0.0,legacy_portrait_group,False,image_group_with_single_person_evidence,group but num_person=1,False
sstk_image_315126170,person_group,portrait_group,0.99,1.0,1.0,0.284135,True,0.0,0.0,legacy_portrait_group,False,image_group_with_single_person_evidence,group but num_person=1,False
sstk_image_318924443,person_group,portrait_group,0.99,1.0,1.0,0.163466,True,0.0,0.0,legacy_portrait_group,False,image_group_with_single_person_evidence,group but num_person=1,False
sstk_image_320847671,person_group,portrait_group,0.99,1.0,1.0,0.235862,True,0.0,0.0,legacy_portrait_group,False,image_group_with_single_person_evidence,group but num_person=1,False
sstk_image_339088154,person_group,portrait_group,0.99,1.0,1.0,0.349221,True,0.0,0.0,legacy_portrait_group,False,image_group_with_single_person_evidence,group but num_person=1,False
sstk_image_351866846,person_group,portrait_group,0.88,1.0,1.0,0.309682,True,0.0,0.0,legacy_portrait_group,False,image_group_with_single_person_evidence,group but num_person=1,False
sstk_image_360587405,person_group,portrait_group,0.99,1.0,1.0,0.165038,True,0.0,0.0,legacy_portrait_group,False,image_group_with_single_person_evidence,group but num_person=1,False
sstk_image_369862037,person_group,portrait_group,0.99,1.0,1.0,0.229784,True,0.0,0.0,legacy_portrait_group,False,image_group_with_single_person_evidence,group but num_person=1,False
sstk_image_404623858,person_group,portrait_group,0.99,1.0,1.0,0.239664,True,0.0,0.0,legacy_portrait_group,False,image_group_with_single_person_evidence,group but num_person=1,False
sstk_image_418254571,person_group,portrait_group,0.99,1.0,1.0,0.197583,True,0.0,0.0,legacy_portrait_group,False,image_group_with_single_person_evidence,group but num_person=1,False
sstk_image_427307974,person_group,portrait_group,0.99,1.0,1.0,0.064567,True,0.0,0.0,legacy_portrait_group,False,image_group_with_single_person_evidence,group but num_person=1,False
sstk_image_432251785,person_group,portrait_group,0.99,1.0,1.0,0.351112,True,0.0,0.0,legacy_portrait_group,False,image_group_with_single_person_evidence,group but num_person=1,False
sstk_image_436450342,person_group,portrait_group,0.99,1.0,1.0,0.242231,True,0.0,0.0,legacy_portrait_group,False,image_group_with_single_person_evidence,group but num_person=1,False
sstk_image_442656643,person_group,portrait_group,0.99,1.0,1.0,0.489433,True,0.0,0.0,legacy_portrait_group,False,image_group_with_single_person_evidence,group but num_person=1,False
sstk_image_472083898,person_group,portrait_group,0.99,1.0,1.0,0.268258,True,0.0,0.0,legacy_portrait_group,False,image_group_with_single_person_evidence,group but num_person=1,False
sstk_image_486135616,person_group,portrait_group,0.96,1.0,1.0,0.289133,True,0.0,0.0,legacy_portrait_group,False,image_group_with_single_person_evidence,group but num_person=1,False
sstk_image_501790777,person_group,portrait_group,0.99,1.0,1.0,0.37725,True,0.0,0.0,legacy_portrait_group,False,image_group_with_single_person_evidence,group but num_person=1,False
sstk_image_514575643,person_group,portrait_group,0.99,1.0,1.0,0.194048,True,0.0,0.0,legacy_portrait_group,False,image_group_with_single_person_evidence,group but num_person=1,False
sstk_image_540446194,person_group,portrait_group,0.99,1.0,0.0,0.212588,True,0.0,0.0,legacy_portrait_group,False,image_group_with_single_person_evidence,group but num_person=1,False
sstk_image_544076263,person_group,portrait_group,0.99,1.0,1.0,0.335687,True,0.0,0.0,legacy_portrait_group,False,image_group_with_single_person_evidence,group but num_person=1,False
sstk_image_548445550,person_group,portrait_group,0.99,1.0,1.0,0.500509,True,0.0,0.0,legacy_portrait_group,False,image_group_with_single_person_evidence,group but num_person=1,False
sstk_image_552117670,person_group,portrait_group,0.99,1.0,0.0,0.117719,True,0.0,0.0,legacy_portrait_group,False,image_group_with_single_person_evidence,group but num_person=1,False
sstk_image_568171795,person_group,portrait_group,0.84,1.0,1.0,0.588762,True,0.0,0.0,legacy_portrait_group,False,image_group_with_single_person_evidence,group but num_person=1,False
sstk_image_572595145,person_group,portrait_group,0.99,1.0,1.0,0.431204,True,0.0,0.0,legacy_portrait_group,False,image_group_with_single_person_evidence,group but num_person=1,False
sstk_image_572840809,person_group,portrait_group,0.99,1.0,1.0,0.41432,True,0.0,0.0,legacy_portrait_group,False,image_group_with_single_person_evidence,group but num_person=1,False
sstk_image_573673747,person_group,portrait_group,0.99,1.0,1.0,0.201031,True,0.0,0.0,legacy_portrait_group,False,image_group_with_single_person_evidence,group but num_person=1,False
sstk_image_574338040,person_group,portrait_group,0.99,1.0,1.0,0.175217,True,0.0,0.0,legacy_portrait_group,False,image_group_with_single_person_evidence,group but num_person=1,False
sstk_image_585668987,person_group,portrait_group,0.99,1.0,1.0,0.356847,True,0.0,0.0,legacy_portrait_group,False,image_group_with_single_person_evidence,group but num_person=1,False
sstk_image_586083461,person_group,portrait_group,0.99,1.0,1.0,0.220925,True,0.0,0.0,legacy_portrait_group,False,image_group_with_single_person_evidence,group but num_person=1,False
sstk_image_587419649,person_group,portrait_group,0.99,1.0,1.0,0.511201,True,0.0,0.0,legacy_portrait_group,False,image_group_with_single_person_evidence,group but num_person=1,False
sstk_image_589319867,person_group,portrait_group,0.99,1.0,1.0,0.211617,True,0.0,0.0,legacy_portrait_group,False,image_group_with_single_person_evidence,group but num_person=1,False
sstk_image_595313144,person_group,portrait_group,0.99,1.0,1.0,0.264,True,0.0,0.0,legacy_portrait_group,False,image_group_with_single_person_evidence,group but num_person=1,False
sstk_image_604710398,person_group,portrait_group,0.99,1.0,1.0,0.368,True,0.0,0.0,legacy_portrait_group,False,image_group_with_single_person_evidence,group but num_person=1,False
sstk_image_604710530,person_group,portrait_group,0.99,1.0,1.0,0.383094,True,0.0,0.0,legacy_portrait_group,False,image_group_with_single_person_evidence,group but num_person=1,False
sstk_image_608249855,person_group,portrait_group,0.99,1.0,1.0,0.263313,True,0.0,0.0,legacy_portrait_group,False,image_group_with_single_person_evidence,group but num_person=1,False
sstk_image_611233862,person_group,portrait_group,0.99,1.0,1.0,0.452211,True,0.0,0.0,legacy_portrait_group,False,image_group_with_single_person_evidence,group but num_person=1,False
sstk_image_612181949,person_group,portrait_group,0.99,1.0,1.0,0.395973,True,0.0,0.0,legacy_portrait_group,False,image_group_with_single_person_evidence,group but num_person=1,False
sstk_image_612189560,person_group,portrait_group,0.96,1.0,1.0,0.53369,True,0.0,0.0,legacy_portrait_group,False,image_group_with_single_person_evidence,group but num_person=1,False
sstk_image_617840126,person_group,portrait_group,0.99,1.0,1.0,0.242953,True,0.0,0.0,legacy_portrait_group,False,image_group_with_single_person_evidence,group but num_person=1,False
sstk_image_627517265,person_group,portrait_group,0.99,1.0,1.0,0.310618,True,0.0,0.0,legacy_portrait_group,False,image_group_with_single_person_evidence,group but num_person=1,False
sstk_image_629742746,person_group,portrait_group,0.99,1.0,1.0,0.296204,True,0.0,0.0,legacy_portrait_group,False,image_group_with_single_person_evidence,group but num_person=1,False
sstk_image_630796640,person_group,portrait_group,0.99,1.0,1.0,0.160776,True,0.0,0.0,legacy_portrait_group,False,image_group_with_single_person_evidence,group but num_person=1,False
sstk_image_636095663,person_group,portrait_group,0.99,1.0,1.0,0.209055,True,0.0,0.0,legacy_portrait_group,False,image_group_with_single_person_evidence,group but num_person=1,False
sstk_image_637612033,person_group,portrait_group,0.99,1.0,1.0,0.436539,True,0.0,0.0,legacy_portrait_group,False,image_group_with_single_person_evidence,group but num_person=1,False
sstk_image_644048803,person_group,portrait_group,0.99,1.0,1.0,0.320478,True,0.0,0.0,legacy_portrait_group,False,image_group_with_single_person_evidence,group but num_person=1,False
sstk_image_651434860,person_group,portrait_group,0.99,1.0,1.0,0.556138,True,0.0,0.0,legacy_portrait_group,False,image_group_with_single_person_evidence,group but num_person=1,False
sstk_image_653292070,person_group,portrait_group,0.99,1.0,1.0,0.235958,True,0.0,0.0,legacy_portrait_group,False,image_group_with_single_person_evidence,group but num_person=1,False
sstk_image_654534397,person_group,portrait_group,0.99,1.0,1.0,0.359003,True,0.0,0.0,legacy_portrait_group,False,image_group_with_single_person_evidence,group but num_person=1,False
sstk_image_657543205,person_group,portrait_group,0.99,1.0,1.0,0.33684,True,0.0,0.0,legacy_portrait_group,False,image_group_with_single_person_evidence,group but num_person=1,False
sstk_image_666119077,person_group,portrait_group,0.99,1.0,1.0,0.426027,True,0.0,0.0,legacy_portrait_group,False,image_group_with_single_person_evidence,group but num_person=1,False
sstk_image_67585573,person_group,portrait_group,0.99,1.0,1.0,0.355346,True,0.0,0.0,legacy_portrait_group,False,image_group_with_single_person_evidence,group but num_person=1,False
sstk_image_676581775,person_group,portrait_group,0.99,1.0,1.0,0.131871,True,0.0,0.0,legacy_portrait_group,False,image_group_with_single_person_evidence,group but num_person=1,False
sstk_image_686319361,person_group,portrait_group,0.99,1.0,1.0,0.471951,True,0.0,0.0,legacy_portrait_group,False,image_group_with_single_person_evidence,group but num_person=1,False
sstk_image_686850562,person_group,portrait_group,0.99,1.0,1.0,0.342642,True,0.0,0.0,legacy_portrait_group,False,image_group_with_single_person_evidence,group but num_person=1,False
sstk_image_695648287,person_group,portrait_group,0.99,1.0,1.0,0.491106,True,0.0,0.0,legacy_portrait_group,False,image_group_with_single_person_evidence,group but num_person=1,False
sstk_image_699658972,person_group,portrait_group,0.99,1.0,1.0,0.28425,True,0.0,0.0,legacy_portrait_group,False,image_group_with_single_person_evidence,group but num_person=1,False
sstk_image_700877224,person_group,portrait_group,0.88,1.0,1.0,0.423535,True,0.0,0.0,legacy_portrait_group,False,image_group_with_single_person_evidence,group but num_person=1,False
sstk_image_708724420,person_group,portrait_group,0.99,1.0,1.0,0.185582,True,0.0,0.0,legacy_portrait_group,False,image_group_with_single_person_evidence,group but num_person=1,False
sstk_image_709690228,person_group,portrait_group,0.99,1.0,1.0,0.49281,True,0.0,0.0,legacy_portrait_group,False,image_group_with_single_person_evidence,group but num_person=1,False
sstk_image_710094280,person_group,portrait_group,0.99,1.0,1.0,0.467459,True,0.0,0.0,legacy_portrait_group,False,image_group_with_single_person_evidence,group but num_person=1,False
sstk_image_713285869,person_group,portrait_group,0.99,1.0,1.0,0.120043,True,0.0,0.0,legacy_portrait_group,False,image_group_with_single_person_evidence,group but num_person=1,False
sstk_image_714504196,person_group,portrait_group,0.99,1.0,1.0,0.40184,True,0.0,0.0,legacy_portrait_group,False,image_group_with_single_person_evidence,group but num_person=1,False
sstk_image_724535167,person_group,portrait_group,0.99,1.0,1.0,0.443192,True,0.0,0.0,legacy_portrait_group,False,image_group_with_single_person_evidence,group but num_person=1,False
sstk_image_724581739,person_group,portrait_group,0.88,1.0,1.0,0.30887,True,0.0,0.0,legacy_portrait_group,False,image_group_with_single_person_evidence,group but num_person=1,False
sstk_image_726063664,person_group,portrait_group,0.99,1.0,1.0,0.219336,True,0.0,0.0,legacy_portrait_group,False,image_group_with_single_person_evidence,group but num_person=1,False
sstk_image_726843304,person_group,portrait_group,0.99,1.0,1.0,0.227007,True,0.0,0.0,legacy_portrait_group,False,image_group_with_single_person_evidence,group but num_person=1,False
sstk_image_727817107,person_group,portrait_group,0.99,1.0,1.0,0.02843,True,0.0,0.0,legacy_portrait_group,False,image_group_with_single_person_evidence,group but num_person=1,False
sstk_image_734507074,person_group,portrait_group,0.99,1.0,1.0,0.387478,True,0.0,0.0,legacy_portrait_group,False,image_group_with_single_person_evidence,group but num_person=1,False
sstk_image_738217690,person_group,portrait_group,0.99,1.0,1.0,0.277053,True,0.0,0.0,legacy_portrait_group,False,image_group_with_single_person_evidence,group but num_person=1,False
sstk_image_754621426,person_group,portrait_group,0.99,1.0,1.0,0.29018,True,0.0,0.0,legacy_portrait_group,False,image_group_with_single_person_evidence,group but num_person=1,False
sstk_image_754706317,person_group,portrait_group,0.99,1.0,1.0,0.459802,True,0.0,0.0,legacy_portrait_group,False,image_group_with_single_person_evidence,group but num_person=1,False
sstk_image_769039525,person_group,portrait_group,0.99,1.0,1.0,0.014656,True,0.0,0.0,legacy_portrait_group,False,image_group_with_single_person_evidence,group but num_person=1,False
sstk_image_771625585,person_group,portrait_group,0.99,1.0,1.0,0.192954,True,0.0,0.0,legacy_portrait_group,False,image_group_with_single_person_evidence,group but num_person=1,False
sstk_image_777371281,person_group,portrait_group,0.99,1.0,1.0,0.035597,True,0.0,0.0,legacy_portrait_group,False,image_group_with_single_person_evidence,group but num_person=1,False
sstk_image_788493085,person_group,portrait_group,0.96,1.0,1.0,0.342549,True,0.0,0.0,legacy_portrait_group,False,image_group_with_single_person_evidence,group but num_person=1,False
sstk_image_794820622,person_group,portrait_group,0.99,1.0,1.0,0.284725,True,0.0,0.0,legacy_portrait_group,False,image_group_with_single_person_evidence,group but num_person=1,False
sstk_image_797830609,person_group,portrait_group,0.99,1.0,1.0,0.148444,True,0.0,0.0,legacy_portrait_group,False,image_group_with_single_person_evidence,group but num_person=1,False
sstk_image_8904871,person_group,portrait_group,0.99,1.0,1.0,0.475309,True,0.0,0.0,legacy_portrait_group,False,image_group_with_single_person_evidence,group but num_person=1,False
sstk_image_94285090,person_group,portrait_group,0.99,1.0,1.0,0.328849,True,0.0,0.0,legacy_portrait_group,False,image_group_with_single_person_evidence,group but num_person=1,False
sstk_image_97790318,person_group,portrait_group,0.99,1.0,1.0,0.599446,True,0.0,0.0,legacy_portrait_group,False,image_group_with_single_person_evidence,group but num_person=1,False
