========================================================
 GAIC e2e wrapper
========================================================
 data_dir              : data/GAIC/All
 image_root            : data/Publics/GAIC/images
 flat_image_dir        : data/GAIC/All/images
 bucket                : gaic_all
 run_tag               : gaic_full_260406_v1
 prepare_max_images    : 0
 prepare_num_workers   : 255 (cpu_cores=255)
 pseudo_tar_chunk_size : 256
 link_mode             : symlink
 skip_existing         : 1
 shared_gpu_ids        : 0,1,2,3 (workers=4)
 run_c1                : 0
 use_real_expensive    : 0
 run_c7_saliency       : 1 (priority=quality_first device=auto)
 gaic_generate_caps    : 0 (preset=server_quality backend=auto multi_gpu=1 gpu_ids=0,1,2,3 workers=4)
 run_c6                : 0
 run_vlm_teacher       : 0 (backend=heuristic fallback=none)
 run_training_labels   : 1 (policy=ignore)
 score_profile         : current_refined (overrides=<none>)
 training_debug_viz    : 1 (out=data/GAIC/All/artifacts/training_labels/gaic_full_260406_v1_leftover_ignore_monotonic/debug_visualizations_balanced50_bottomneg sample_size=50 seed=42)
 auto_leftover_variants: 0 (policies=keep_negative,promote_soft_positive)
 run_detailed_report   : 0
 run_gaic_benchmark    : 1 (sample_count=16 max_images=0)
 run_gaic_subject_ab   : 1 (run_tag=gaic_eval_gaic_full_260406_v1 sample_count=16 max_images=0)
 gaic_reference_json   : data/GAIC/All/gaic_reference_available.json
 gaic_train_ref_json   : data/Publics/GAIC/annotations_json/instances_train.json
 gaic_test_ref_json    : data/Publics/GAIC/annotations_json/instances_test.json
========================================================
[progress 2026-04-08 00:56:24] prepare_gaic_curated_dataset: start | image_root=/group-volume/users/jaden.ju/Sources/ImageCropping/data/Publics/GAIC/images | output_parquet=/group-volume/users/jaden.ju/Sources/ImageCropping/data/GAIC/All/filtered_gaic_all.parquet
[progress 2026-04-08 00:56:24] prepare_gaic_curated_dataset:scan_images: start total=1238 unit=paths
[progress 2026-04-08 00:56:24] prepare_gaic_curated_dataset:scan_images: [========>...............] 500/1238 (40.4%) | 0.1s<0.1s | images=498
[progress 2026-04-08 00:56:24] prepare_gaic_curated_dataset:scan_images: [==================>.....] 1000/1238 (80.8%) | 0.1s<0.0s | images=998
[progress 2026-04-08 00:56:24] prepare_gaic_curated_dataset:scan_images: [========================] 1238/1238 (100.0%) | 0.2s | images=1236
[progress 2026-04-08 00:56:24] prepare_gaic_curated_dataset:scan_images: [========================] 1238/1238 (100.0%) | 0.2s | images=1236
[progress 2026-04-08 00:56:24] prepare_gaic_curated_dataset:load_caption_map: start unit=rows
[progress 2026-04-08 00:56:24] prepare_gaic_curated_dataset:load_caption_map: 500 rows | 0.0s | mapped=500
[progress 2026-04-08 00:56:24] prepare_gaic_curated_dataset:load_caption_map: 1000 rows | 0.0s | mapped=1000
[progress 2026-04-08 00:56:24] prepare_gaic_curated_dataset:load_caption_map: 1236 rows | 0.0s | mapped=1236
[progress 2026-04-08 00:56:24] prepare_gaic_curated_dataset: scanned=1236 | num_workers=255 | captions=1236
[progress 2026-04-08 00:56:24] prepare_gaic_curated_dataset:prepare_manifest_rows: start total=1236 unit=images
[progress 2026-04-08 00:56:33] prepare_gaic_curated_dataset:prepare_manifest_rows: [========>...............] 500/1236 (40.5%) | 8.9s<13.2s
[progress 2026-04-08 00:56:40] prepare_gaic_curated_dataset:prepare_manifest_rows: [==================>.....] 1000/1236 (80.9%) | 16.0s<3.8s
[progress 2026-04-08 00:56:41] prepare_gaic_curated_dataset:prepare_manifest_rows: [========================] 1236/1236 (100.0%) | 17.0s
[progress 2026-04-08 00:56:41] prepare_gaic_curated_dataset:prepare_manifest_rows: [========================] 1236/1236 (100.0%) | 17.0s
[progress 2026-04-08 00:56:41] prepare_gaic_curated_dataset:load_annotation_payloads: start total=2 unit=files
[progress 2026-04-08 00:56:42] prepare_gaic_curated_dataset:load_annotation_payloads: [===========>............] 1/2 (50.0%) | 0.8s<0.8s | path=instances_train.json
[progress 2026-04-08 00:56:42] prepare_gaic_curated_dataset:load_annotation_payloads: [========================] 2/2 (100.0%) | 1.0s | path=instances_test.json
[progress 2026-04-08 00:56:42] prepare_gaic_curated_dataset:load_annotation_payloads: [========================] 2/2 (100.0%) | 1.0s | loaded=2
[progress 2026-04-08 00:56:42] prepare_gaic_curated_dataset:build_reference:payloads: start total=2 unit=jsons
[progress 2026-04-08 00:56:42] prepare_gaic_curated_dataset:build_reference:payloads: [===========>............] 1/2 (50.0%) | 0.1s<0.1s | path=instances_train.json matched_images=877
[progress 2026-04-08 00:56:42] prepare_gaic_curated_dataset:build_reference:payloads: [========================] 2/2 (100.0%) | 0.1s | path=instances_test.json matched_images=118
[progress 2026-04-08 00:56:42] prepare_gaic_curated_dataset:build_reference:payloads: [========================] 2/2 (100.0%) | 0.1s | images=995 anns=86098
[progress 2026-04-08 00:56:42] prepare_gaic_curated_dataset:build_reference:images: start total=1236 unit=images
[progress 2026-04-08 00:56:42] prepare_gaic_curated_dataset:build_reference:images: [>.......................] 100/1236 (8.1%) | 0.0s<0.0s
[progress 2026-04-08 00:56:42] prepare_gaic_curated_dataset:build_reference:images: [==>.....................] 200/1236 (16.2%) | 0.0s<0.0s
[progress 2026-04-08 00:56:42] prepare_gaic_curated_dataset:build_reference:images: [====>...................] 300/1236 (24.3%) | 0.0s<0.0s
[progress 2026-04-08 00:56:42] prepare_gaic_curated_dataset:build_reference:images: [======>.................] 400/1236 (32.4%) | 0.0s<0.0s
[progress 2026-04-08 00:56:42] prepare_gaic_curated_dataset:build_reference:images: [========>...............] 500/1236 (40.5%) | 0.0s<0.0s
[progress 2026-04-08 00:56:42] prepare_gaic_curated_dataset:build_reference:images: [==========>.............] 600/1236 (48.5%) | 0.0s<0.0s
[progress 2026-04-08 00:56:42] prepare_gaic_curated_dataset:build_reference:images: [============>...........] 700/1236 (56.6%) | 0.0s<0.0s
[progress 2026-04-08 00:56:42] prepare_gaic_curated_dataset:build_reference:images: [==============>.........] 800/1236 (64.7%) | 0.0s<0.0s
[progress 2026-04-08 00:56:42] prepare_gaic_curated_dataset:build_reference:images: [================>.......] 900/1236 (72.8%) | 0.0s<0.0s
[progress 2026-04-08 00:56:42] prepare_gaic_curated_dataset:build_reference:images: [==================>.....] 1000/1236 (80.9%) | 0.0s<0.0s
[progress 2026-04-08 00:56:42] prepare_gaic_curated_dataset:build_reference:images: [====================>...] 1100/1236 (89.0%) | 0.0s<0.0s
[progress 2026-04-08 00:56:42] prepare_gaic_curated_dataset:build_reference:images: [======================>.] 1200/1236 (97.1%) | 0.0s<0.0s
[progress 2026-04-08 00:56:42] prepare_gaic_curated_dataset:build_reference:images: [========================] 1236/1236 (100.0%) | 0.0s
[progress 2026-04-08 00:56:42] prepare_gaic_curated_dataset:build_reference:images: [========================] 1236/1236 (100.0%) | 0.0s
[progress 2026-04-08 00:56:42] prepare_gaic_curated_dataset:build_reference:annotations: start total=86098 unit=annotations
[progress 2026-04-08 00:56:42] prepare_gaic_curated_dataset:build_reference:annotations: [........................] 1000/86098 (1.2%) | 0.0s<0.3s
[progress 2026-04-08 00:56:42] prepare_gaic_curated_dataset:build_reference:annotations: [........................] 2000/86098 (2.3%) | 0.0s<0.4s
[progress 2026-04-08 00:56:42] prepare_gaic_curated_dataset:build_reference:annotations: [........................] 3000/86098 (3.5%) | 0.0s<0.3s
[progress 2026-04-08 00:56:42] prepare_gaic_curated_dataset:build_reference:annotations: [>.......................] 4000/86098 (4.6%) | 0.0s<0.3s
[progress 2026-04-08 00:56:42] prepare_gaic_curated_dataset:build_reference:annotations: [>.......................] 5000/86098 (5.8%) | 0.0s<0.3s
[progress 2026-04-08 00:56:42] prepare_gaic_curated_dataset:build_reference:annotations: [>.......................] 6000/86098 (7.0%) | 0.0s<0.3s
[progress 2026-04-08 00:56:42] prepare_gaic_curated_dataset:build_reference:annotations: [>.......................] 7000/86098 (8.1%) | 0.0s<0.3s
[progress 2026-04-08 00:56:42] prepare_gaic_curated_dataset:build_reference:annotations: [=>......................] 8000/86098 (9.3%) | 0.0s<0.3s
[progress 2026-04-08 00:56:42] prepare_gaic_curated_dataset:build_reference:annotations: [=>......................] 9000/86098 (10.5%) | 0.0s<0.3s
[progress 2026-04-08 00:56:42] prepare_gaic_curated_dataset:build_reference:annotations: [=>......................] 10000/86098 (11.6%) | 0.0s<0.3s
[progress 2026-04-08 00:56:42] prepare_gaic_curated_dataset:build_reference:annotations: [==>.....................] 11000/86098 (12.8%) | 0.0s<0.3s
[progress 2026-04-08 00:56:42] prepare_gaic_curated_dataset:build_reference:annotations: [==>.....................] 12000/86098 (13.9%) | 0.0s<0.3s
[progress 2026-04-08 00:56:42] prepare_gaic_curated_dataset:build_reference:annotations: [==>.....................] 13000/86098 (15.1%) | 0.1s<0.3s
[progress 2026-04-08 00:56:42] prepare_gaic_curated_dataset:build_reference:annotations: [==>.....................] 14000/86098 (16.3%) | 0.1s<0.3s
[progress 2026-04-08 00:56:42] prepare_gaic_curated_dataset:build_reference:annotations: [===>....................] 15000/86098 (17.4%) | 0.1s<0.3s
[progress 2026-04-08 00:56:42] prepare_gaic_curated_dataset:build_reference:annotations: [===>....................] 16000/86098 (18.6%) | 0.1s<0.3s
[progress 2026-04-08 00:56:42] prepare_gaic_curated_dataset:build_reference:annotations: [===>....................] 17000/86098 (19.7%) | 0.1s<0.3s
[progress 2026-04-08 00:56:42] prepare_gaic_curated_dataset:build_reference:annotations: [====>...................] 18000/86098 (20.9%) | 0.1s<0.3s
[progress 2026-04-08 00:56:42] prepare_gaic_curated_dataset:build_reference:annotations: [====>...................] 19000/86098 (22.1%) | 0.1s<0.3s
[progress 2026-04-08 00:56:42] prepare_gaic_curated_dataset:build_reference:annotations: [====>...................] 20000/86098 (23.2%) | 0.1s<0.3s
[progress 2026-04-08 00:56:42] prepare_gaic_curated_dataset:build_reference:annotations: [====>...................] 21000/86098 (24.4%) | 0.1s<0.3s
[progress 2026-04-08 00:56:42] prepare_gaic_curated_dataset:build_reference:annotations: [=====>..................] 22000/86098 (25.6%) | 0.1s<0.2s
[progress 2026-04-08 00:56:42] prepare_gaic_curated_dataset:build_reference:annotations: [=====>..................] 23000/86098 (26.7%) | 0.1s<0.2s
[progress 2026-04-08 00:56:42] prepare_gaic_curated_dataset:build_reference:annotations: [=====>..................] 24000/86098 (27.9%) | 0.1s<0.2s
[progress 2026-04-08 00:56:42] prepare_gaic_curated_dataset:build_reference:annotations: [=====>..................] 25000/86098 (29.0%) | 0.1s<0.2s
[progress 2026-04-08 00:56:42] prepare_gaic_curated_dataset:build_reference:annotations: [======>.................] 26000/86098 (30.2%) | 0.1s<0.2s
[progress 2026-04-08 00:56:43] prepare_gaic_curated_dataset:build_reference:annotations: [======>.................] 27000/86098 (31.4%) | 0.1s<0.2s
[progress 2026-04-08 00:56:43] prepare_gaic_curated_dataset:build_reference:annotations: [======>.................] 28000/86098 (32.5%) | 0.1s<0.2s
[progress 2026-04-08 00:56:43] prepare_gaic_curated_dataset:build_reference:annotations: [=======>................] 29000/86098 (33.7%) | 0.1s<0.2s
[progress 2026-04-08 00:56:43] prepare_gaic_curated_dataset:build_reference:annotations: [=======>................] 30000/86098 (34.8%) | 0.1s<0.2s
[progress 2026-04-08 00:56:43] prepare_gaic_curated_dataset:build_reference:annotations: [=======>................] 31000/86098 (36.0%) | 0.1s<0.2s
[progress 2026-04-08 00:56:43] prepare_gaic_curated_dataset:build_reference:annotations: [=======>................] 32000/86098 (37.2%) | 0.1s<0.2s
[progress 2026-04-08 00:56:43] prepare_gaic_curated_dataset:build_reference:annotations: [========>...............] 33000/86098 (38.3%) | 0.1s<0.2s
[progress 2026-04-08 00:56:43] prepare_gaic_curated_dataset:build_reference:annotations: [========>...............] 34000/86098 (39.5%) | 0.1s<0.2s
[progress 2026-04-08 00:56:43] prepare_gaic_curated_dataset:build_reference:annotations: [========>...............] 35000/86098 (40.7%) | 0.1s<0.2s
[progress 2026-04-08 00:56:43] prepare_gaic_curated_dataset:build_reference:annotations: [=========>..............] 36000/86098 (41.8%) | 0.1s<0.2s
[progress 2026-04-08 00:56:43] prepare_gaic_curated_dataset:build_reference:annotations: [=========>..............] 37000/86098 (43.0%) | 0.3s<0.4s
[progress 2026-04-08 00:56:43] prepare_gaic_curated_dataset:build_reference:annotations: [=========>..............] 38000/86098 (44.1%) | 0.3s<0.4s
[progress 2026-04-08 00:56:43] prepare_gaic_curated_dataset:build_reference:annotations: [=========>..............] 39000/86098 (45.3%) | 0.3s<0.4s
[progress 2026-04-08 00:56:43] prepare_gaic_curated_dataset:build_reference:annotations: [==========>.............] 40000/86098 (46.5%) | 0.3s<0.4s
[progress 2026-04-08 00:56:43] prepare_gaic_curated_dataset:build_reference:annotations: [==========>.............] 41000/86098 (47.6%) | 0.3s<0.4s
[progress 2026-04-08 00:56:43] prepare_gaic_curated_dataset:build_reference:annotations: [==========>.............] 42000/86098 (48.8%) | 0.3s<0.4s
[progress 2026-04-08 00:56:43] prepare_gaic_curated_dataset:build_reference:annotations: [==========>.............] 43000/86098 (49.9%) | 0.3s<0.3s
[progress 2026-04-08 00:56:43] prepare_gaic_curated_dataset:build_reference:annotations: [===========>............] 44000/86098 (51.1%) | 0.3s<0.3s
[progress 2026-04-08 00:56:43] prepare_gaic_curated_dataset:build_reference:annotations: [===========>............] 45000/86098 (52.3%) | 0.3s<0.3s
[progress 2026-04-08 00:56:43] prepare_gaic_curated_dataset:build_reference:annotations: [===========>............] 46000/86098 (53.4%) | 0.4s<0.3s
[progress 2026-04-08 00:56:43] prepare_gaic_curated_dataset:build_reference:annotations: [============>...........] 47000/86098 (54.6%) | 0.4s<0.3s
[progress 2026-04-08 00:56:43] prepare_gaic_curated_dataset:build_reference:annotations: [============>...........] 48000/86098 (55.8%) | 0.4s<0.3s
[progress 2026-04-08 00:56:43] prepare_gaic_curated_dataset:build_reference:annotations: [============>...........] 49000/86098 (56.9%) | 0.4s<0.3s
[progress 2026-04-08 00:56:43] prepare_gaic_curated_dataset:build_reference:annotations: [============>...........] 50000/86098 (58.1%) | 0.4s<0.3s
[progress 2026-04-08 00:56:43] prepare_gaic_curated_dataset:build_reference:annotations: [=============>..........] 51000/86098 (59.2%) | 0.4s<0.3s
[progress 2026-04-08 00:56:43] prepare_gaic_curated_dataset:build_reference:annotations: [=============>..........] 52000/86098 (60.4%) | 0.4s<0.2s
[progress 2026-04-08 00:56:43] prepare_gaic_curated_dataset:build_reference:annotations: [=============>..........] 53000/86098 (61.6%) | 0.4s<0.2s
[progress 2026-04-08 00:56:43] prepare_gaic_curated_dataset:build_reference:annotations: [==============>.........] 54000/86098 (62.7%) | 0.4s<0.2s
[progress 2026-04-08 00:56:43] prepare_gaic_curated_dataset:build_reference:annotations: [==============>.........] 55000/86098 (63.9%) | 0.4s<0.2s
[progress 2026-04-08 00:56:43] prepare_gaic_curated_dataset:build_reference:annotations: [==============>.........] 56000/86098 (65.0%) | 0.4s<0.2s
[progress 2026-04-08 00:56:43] prepare_gaic_curated_dataset:build_reference:annotations: [==============>.........] 57000/86098 (66.2%) | 0.4s<0.2s
[progress 2026-04-08 00:56:43] prepare_gaic_curated_dataset:build_reference:annotations: [===============>........] 58000/86098 (67.4%) | 0.4s<0.2s
[progress 2026-04-08 00:56:43] prepare_gaic_curated_dataset:build_reference:annotations: [===============>........] 59000/86098 (68.5%) | 0.4s<0.2s
[progress 2026-04-08 00:56:43] prepare_gaic_curated_dataset:build_reference:annotations: [===============>........] 60000/86098 (69.7%) | 0.4s<0.2s
[progress 2026-04-08 00:56:43] prepare_gaic_curated_dataset:build_reference:annotations: [================>.......] 61000/86098 (70.8%) | 0.4s<0.2s
[progress 2026-04-08 00:56:43] prepare_gaic_curated_dataset:build_reference:annotations: [================>.......] 62000/86098 (72.0%) | 0.4s<0.2s
[progress 2026-04-08 00:56:43] prepare_gaic_curated_dataset:build_reference:annotations: [================>.......] 63000/86098 (73.2%) | 0.4s<0.2s
[progress 2026-04-08 00:56:43] prepare_gaic_curated_dataset:build_reference:annotations: [================>.......] 64000/86098 (74.3%) | 0.4s<0.1s
[progress 2026-04-08 00:56:43] prepare_gaic_curated_dataset:build_reference:annotations: [=================>......] 65000/86098 (75.5%) | 0.4s<0.1s
[progress 2026-04-08 00:56:43] prepare_gaic_curated_dataset:build_reference:annotations: [=================>......] 66000/86098 (76.7%) | 0.4s<0.1s
[progress 2026-04-08 00:56:43] prepare_gaic_curated_dataset:build_reference:annotations: [=================>......] 67000/86098 (77.8%) | 0.4s<0.1s
[progress 2026-04-08 00:56:43] prepare_gaic_curated_dataset:build_reference:annotations: [=================>......] 68000/86098 (79.0%) | 0.4s<0.1s
[progress 2026-04-08 00:56:43] prepare_gaic_curated_dataset:build_reference:annotations: [==================>.....] 69000/86098 (80.1%) | 0.4s<0.1s
[progress 2026-04-08 00:56:43] prepare_gaic_curated_dataset:build_reference:annotations: [==================>.....] 70000/86098 (81.3%) | 0.4s<0.1s
[progress 2026-04-08 00:56:43] prepare_gaic_curated_dataset:build_reference:annotations: [==================>.....] 71000/86098 (82.5%) | 0.4s<0.1s
[progress 2026-04-08 00:56:43] prepare_gaic_curated_dataset:build_reference:annotations: [===================>....] 72000/86098 (83.6%) | 0.5s<0.1s
[progress 2026-04-08 00:56:43] prepare_gaic_curated_dataset:build_reference:annotations: [===================>....] 73000/86098 (84.8%) | 0.5s<0.1s
[progress 2026-04-08 00:56:43] prepare_gaic_curated_dataset:build_reference:annotations: [===================>....] 74000/86098 (85.9%) | 0.5s<0.1s
[progress 2026-04-08 00:56:43] prepare_gaic_curated_dataset:build_reference:annotations: [===================>....] 75000/86098 (87.1%) | 0.5s<0.1s
[progress 2026-04-08 00:56:43] prepare_gaic_curated_dataset:build_reference:annotations: [====================>...] 76000/86098 (88.3%) | 0.5s<0.1s
[progress 2026-04-08 00:56:43] prepare_gaic_curated_dataset:build_reference:annotations: [====================>...] 77000/86098 (89.4%) | 0.5s<0.1s
[progress 2026-04-08 00:56:43] prepare_gaic_curated_dataset:build_reference:annotations: [====================>...] 78000/86098 (90.6%) | 0.5s<0.0s
[progress 2026-04-08 00:56:43] prepare_gaic_curated_dataset:build_reference:annotations: [=====================>..] 79000/86098 (91.8%) | 0.5s<0.0s
[progress 2026-04-08 00:56:43] prepare_gaic_curated_dataset:build_reference:annotations: [=====================>..] 80000/86098 (92.9%) | 0.5s<0.0s
[progress 2026-04-08 00:56:43] prepare_gaic_curated_dataset:build_reference:annotations: [=====================>..] 81000/86098 (94.1%) | 0.5s<0.0s
[progress 2026-04-08 00:56:43] prepare_gaic_curated_dataset:build_reference:annotations: [=====================>..] 82000/86098 (95.2%) | 0.5s<0.0s
[progress 2026-04-08 00:56:43] prepare_gaic_curated_dataset:build_reference:annotations: [======================>.] 83000/86098 (96.4%) | 0.5s<0.0s
[progress 2026-04-08 00:56:43] prepare_gaic_curated_dataset:build_reference:annotations: [======================>.] 84000/86098 (97.6%) | 0.5s<0.0s
[progress 2026-04-08 00:56:43] prepare_gaic_curated_dataset:build_reference:annotations: [======================>.] 85000/86098 (98.7%) | 0.5s<0.0s
[progress 2026-04-08 00:56:43] prepare_gaic_curated_dataset:build_reference:annotations: [======================>.] 86000/86098 (99.9%) | 0.5s<0.0s
[progress 2026-04-08 00:56:43] prepare_gaic_curated_dataset:build_reference:annotations: [========================] 86098/86098 (100.0%) | 0.5s
[progress 2026-04-08 00:56:43] prepare_gaic_curated_dataset:build_reference:annotations: [========================] 86098/86098 (100.0%) | 0.5s
[progress 2026-04-08 00:56:44] prepare_gaic_curated_dataset: finished | prepared=1236 | parquet=/group-volume/users/jaden.ju/Sources/ImageCropping/data/GAIC/All/filtered_gaic_all.parquet
{
  "status": "ok",
  "image_root": "/group-volume/users/jaden.ju/Sources/ImageCropping/data/Publics/GAIC/images",
  "output_parquet": "/group-volume/users/jaden.ju/Sources/ImageCropping/data/GAIC/All/filtered_gaic_all.parquet",
  "flat_image_dir": "/group-volume/users/jaden.ju/Sources/ImageCropping/data/GAIC/All/images",
  "bucket": "gaic_all",
  "link_mode": "symlink",
  "num_workers": 255,
  "pseudo_tar_chunk_size": 256,
  "max_images": 0,
  "num_images_scanned_total": 1236,
  "num_images_prepared": 1236,
  "split_counts": {
    "test": 200,
    "train": 1036
  },
  "extension_counts": {
    ".jpg": 1236
  },
  "link_counts": {
    "existing_match": 1236
  },
  "pseudo_tar_groups": 5,
  "largest_pseudo_tar_group": 256,
  "caption_jsonl": "/group-volume/users/jaden.ju/Sources/ImageCropping/data/GAIC/All/artifacts/metadata/gaic_captions_gaic_full_260406_v1.jsonl",
  "caption_rows_available": 1236,
  "caption_rows_applied": 1236,
  "reference": {
    "generated": true,
    "path": "/group-volume/users/jaden.ju/Sources/ImageCropping/data/GAIC/All/gaic_reference_available.json",
    "image_count": 1236,
    "annotation_count": 86098,
    "source_annotation_jsons": [
      "/group-volume/users/jaden.ju/Sources/ImageCropping/data/Publics/GAIC/annotations_json/instances_train.json",
      "/group-volume/users/jaden.ju/Sources/ImageCropping/data/Publics/GAIC/annotations_json/instances_test.json"
    ],
    "source_stats": {
      "instances_train.json": {
        "images_in_json": 1939,
        "annotations_in_json": 167853,
        "matched_available_images": 877
      },
      "instances_test.json": {
        "images_in_json": 349,
        "annotations_in_json": 30253,
        "matched_available_images": 118
      }
    }
  }
}
[info] server_mode=1 and venv not found: /media/jyju25/Disk_JY/Projects_26/Venvs/ImageCropping_Py310/bin/activate (using current python)
========================================================
 E2E Config
========================================================
 script_version      : 2026-03-05.1
 bucket              : gaic_all
 data_dir            : data/GAIC/All
 server_mode         : 1
 tar_dir             : /sstk/20230916/sstk_100
 run_tag             : gaic_full_260406_v1
 skip_existing       : 1
 shared_gpu_defaults : gpu_ids=0,1,2,3 workers=4
 precompute_mode     : unified
 run_filter          : 0
 filter_train_match  : 1
 filter_tag_embed    : mgpu=-1 gpu_ids=0,1,2,3 bs=128 chunk=0 device=auto
 filter_cpu_map      : workers=0 chunk=4096 sample_extract_workers=0
 export_curated_img  : 0 (dir=data/GAIC/All/images, skip_existing=1)
 prefer_curated_img  : 1 (effective=data/GAIC/All/images)
 extract_mode        : auto (extract_multi_gpu=-1, gpu_ids=0,1,2,3, workers=4)
 run_c1/c2/c3/c4/c5/c6 : 0/0/0/0/0/0
 run_c3_enrich/merge : 0/0
 subject routing     : run=0 top_n=5 union_top_m=3 det_proxy=1
 c7 saliency         : run=1 priority=quality_first device=auto
 c7 saliency multi   : reuse extract gpu_ids=0,1,2,3 workers=4 mode=auto
 run_component_viz   : 0 (out=data/GAIC/All/artifacts/precompute/visualizations/components_gaic_full_260406_v1, num_samples=120)
 public proposals    : enable=0 setup=1 teachers=gaic,cacnet,cgs max_images=0
 public raw/proposal : data/GAIC/All/artifacts/public_teachers/raw/teacher_raw_public_gaic_full_260406_v1.jsonl | data/GAIC/All/artifacts/public_teachers/proposals/teacher_proposals_public_gaic_full_260406_v1.jsonl
 public infer multi  : multi_gpu=-1 gpu_ids=0,1,2,3 workers=4
 proposal gate       : enable=1 min_rate=0.95 strict=1
 run_candidates      : 0
 candidate_ar_list   : FREE,1:1,9:16,16:9,3:4,4:3
 candidate_mp       : workers=0 chunksize=64 start=auto
 teacher proposals   : <none>
 run_teacher         : 0 (real_expensive=0)
 c1 source           : data/GAIC/All/artifacts/precompute/feats_c2c3c5_v2_strict_raw.jsonl
 teacher_multi_gpu   : 0 (gpu_ids=0,1,2,3, workers=4)
 teacher_auto_repair : 1 (strict=1)
 teacher_accel       : exp_batch=24 exp_eval_top_m=0 preprocess_workers=0 pin_memory=1
 teacher_public_ref  : save_public_teacher_ref_eval=1
 teacher_aesthetic   : backend=hybrid prior_laion_w=0.15 nima_ckpt=weights/nima/NIMA_VGG16_ava-dc4e8265.pth require_ckpt=1
 teacher_safety      : hard_head_top=1 face_expand=0.35 kp_expand=0.06 min_margin=0.008 face_margin_alpha=0.20
 run_vlm_teacher     : 0 (backend=heuristic fallback=none model=Qwen/Qwen3-VL-4B-Instruct)
 run_training_labels : 1 (dir=data/GAIC/All/artifacts/training_labels/gaic_full_260406_v1_leftover_ignore_monotonic policy=ignore)
 score_profile       : current_refined (overrides=<none>)
 training_debug_viz  : 1 (out=data/GAIC/All/artifacts/training_labels/gaic_full_260406_v1_leftover_ignore_monotonic/debug_visualizations_balanced50_bottomneg sample_size=50 seed=42)
 gaic_reference_json : data/GAIC/All/gaic_reference_available.json
 gaic_train_ref_json : data/Publics/GAIC/annotations_json/instances_train.json
 gaic_test_ref_json  : data/Publics/GAIC/annotations_json/instances_test.json
 run_detailed_report : 0 (dir=data/GAIC/All/artifacts/reports/gaic_full_260406_v1_detailed examples_per_bucket=5)
 vlm target/topm/k   : target_ar=all top_m=12 top_k=5 max_images=0 retries=2
 vlm strict init     : 1
 vlm qwen3 autofix   : 1 (github_fallback=0)
 vlm multi_gpu       : -1 (gpu_ids=0,1,2,3, workers=4)
 vlm out/meta/sum    : data/GAIC/All/artifacts/vlm_teacher/labels/crop_label_v1_gaic_full_260406_v1.jsonl | data/GAIC/All/artifacts/vlm_teacher/meta/meta_norm_v1_gaic_full_260406_v1.jsonl | data/GAIC/All/artifacts/vlm_teacher/summary/vlm_teacher_summary_gaic_full_260406_v1.json
========================================================
[info] using curated image cache dir: data/GAIC/All/images
[skip] exists: data/GAIC/All/artifacts/precompute/feats_c2c3c5_v2_strict_enriched_c7_saliency.jsonl
[skip] exists: data/GAIC/All/artifacts/training_labels/gaic_full_260406_v1_leftover_ignore_monotonic/validation_summary.json
[skip] exists: data/GAIC/All/artifacts/training_labels/gaic_full_260406_v1_leftover_ignore_monotonic/coco/coco_conversion_summary.json
[skip] exists: data/GAIC/All/artifacts/training_labels/gaic_full_260406_v1_leftover_ignore_monotonic/coco/gaic_like_conversion_summary.json
[run] 13d_build_training_label_debug_viz
[progress 2026-04-08 00:56:47] build_gaic_training_label_debug_viz: start | coco_json=data/GAIC/All/artifacts/training_labels/gaic_full_260406_v1_leftover_ignore_monotonic/coco/instances_conditional_detr_batch_gaic_like.json | batch_jsonl=data/GAIC/All/artifacts/training_labels/gaic_full_260406_v1_leftover_ignore_monotonic/train_conditional_detr_batch.jsonl
[progress 2026-04-08 01:02:35] build_gaic_training_label_debug_viz: selected_images=50 | render_workers=50
[progress 2026-04-08 01:02:35] build_gaic_training_label_debug_viz:render_selected_images: start total=50 unit=images
[progress 2026-04-08 01:06:12] build_gaic_training_label_debug_viz:render_selected_images: [........................] 1/50 (2.0%) | 3m36s<2h56m44s | image_id=252769
[progress 2026-04-08 01:06:40] build_gaic_training_label_debug_viz:render_selected_images: [........................] 2/50 (4.0%) | 4m05s<1h38m03s | image_id=313247
[progress 2026-04-08 01:07:10] build_gaic_training_label_debug_viz:render_selected_images: [>.......................] 4/50 (8.0%) | 4m35s<52m39s | image_id=239817
[progress 2026-04-08 01:07:26] build_gaic_training_label_debug_viz:render_selected_images: [=>......................] 5/50 (10.0%) | 4m50s<43m34s | image_id=252867
[progress 2026-04-08 01:07:37] build_gaic_training_label_debug_viz:render_selected_images: [=>......................] 6/50 (12.0%) | 5m01s<36m51s | image_id=252970
[progress 2026-04-08 01:07:58] build_gaic_training_label_debug_viz:render_selected_images: [==>.....................] 7/50 (14.0%) | 5m22s<33m00s | image_id=238812
[progress 2026-04-08 01:08:02] build_gaic_training_label_debug_viz:render_selected_images: [=======>................] 17/50 (34.0%) | 5m26s<10m34s | image_id=271933
[progress 2026-04-08 01:08:10] build_gaic_training_label_debug_viz:render_selected_images: [===========>............] 27/50 (54.0%) | 5m35s<4m45s | image_id=300954
[progress 2026-04-08 01:08:14] build_gaic_training_label_debug_viz:render_selected_images: [================>.......] 37/50 (74.0%) | 5m39s<1m59s | image_id=239741
[progress 2026-04-08 01:08:18] build_gaic_training_label_debug_viz:render_selected_images: [=====================>..] 47/50 (94.0%) | 5m43s<21.9s | image_id=222027
[progress 2026-04-08 01:08:19] build_gaic_training_label_debug_viz:render_selected_images: [========================] 50/50 (100.0%) | 5m44s | image_id=322539
[progress 2026-04-08 01:08:19] build_gaic_training_label_debug_viz:render_selected_images: [========================] 50/50 (100.0%) | 5m44s
[progress 2026-04-08 01:08:20] build_gaic_training_label_debug_viz: finished | selected_images=50 | out_dir=data/GAIC/All/artifacts/training_labels/gaic_full_260406_v1_leftover_ignore_monotonic/debug_visualizations_balanced50_bottomneg
{"status": "ok", "out_dir": "data/GAIC/All/artifacts/training_labels/gaic_full_260406_v1_leftover_ignore_monotonic/debug_visualizations_balanced50_bottomneg", "selected_images": 50}
========================================================
 Done
========================================================
 filtered parquet : data/GAIC/All/filtered_gaic_all.parquet
 precompute raw    : data/GAIC/All/artifacts/precompute/feats_c2c3c5_v2_strict_raw.jsonl (unified C1/C2/C3/C4/C5/C6)
 feats c1 source   : data/GAIC/All/artifacts/precompute/feats_c2c3c5_v2_strict_raw.jsonl
 feats c1 alias    : data/GAIC/All/artifacts/precompute/feats_c1.jsonl
 feats c2/c3e/c4/c5/c6: data/GAIC/All/artifacts/precompute/feats_c2c3c5_v2_strict_enriched_c7_saliency.jsonl | data/GAIC/All/artifacts/precompute/feats_c2c3c5_v2_strict_enriched_c7_saliency.jsonl | data/GAIC/All/artifacts/precompute/feats_c4.jsonl | data/GAIC/All/artifacts/precompute/feats_c2c3c5_v2_strict_enriched_c7_saliency.jsonl | data/GAIC/All/artifacts/precompute/feats_c2c3c5_v2_strict_enriched_c7_saliency.jsonl
 merged feats     : data/GAIC/All/artifacts/precompute/feats_c2c3c5_v2_strict_enriched.jsonl
 c7 saliency json : data/GAIC/All/artifacts/precompute/feats_c2c3c5_v2_strict_enriched_c7_saliency.jsonl
 c7 sal summary   : data/GAIC/All/artifacts/precompute/c7_saliency_gaic_full_260406_v1_summary.json
 downstream feats : data/GAIC/All/artifacts/precompute/feats_c2c3c5_v2_strict_enriched_c7_saliency.jsonl
 candidates       : data/GAIC/All/artifacts/candidates/candidates_ar_gaic_full_260406_v1.jsonl
 cand overview    : data/GAIC/All/artifacts/candidates/candidates_ar_gaic_full_260406_v1_overview.json
 teacher jsonl    : data/GAIC/All/artifacts/teacher/scores/teacher_scores_ar_gaic_full_260406_v1.jsonl
 teacher overview : data/GAIC/All/artifacts/teacher/overview/teacher_scores_overview_gaic_full_260406_v1.json
 teacher QA       : data/GAIC/All/artifacts/teacher/qa/teacher_scores_qa_report_gaic_full_260406_v1.json
 teacher viz dir  : data/GAIC/All/artifacts/teacher/visualizations/teacher_scorer_gaic_full_260406_v1
 training labels  : data/GAIC/All/artifacts/training_labels/gaic_full_260406_v1_leftover_ignore_monotonic
 detr canonical   : data/GAIC/All/artifacts/training_labels/gaic_full_260406_v1_leftover_ignore_monotonic/train_conditional_detr_canonical.jsonl
 detr batch       : data/GAIC/All/artifacts/training_labels/gaic_full_260406_v1_leftover_ignore_monotonic/train_conditional_detr_batch.jsonl
 detr skipped     : data/GAIC/All/artifacts/training_labels/gaic_full_260406_v1_leftover_ignore_monotonic/train_conditional_detr_skipped.jsonl
 training report  : data/GAIC/All/artifacts/training_labels/gaic_full_260406_v1_leftover_ignore_monotonic/TRAINING_DATA_REPORT_KO.md
 coco summary     : data/GAIC/All/artifacts/training_labels/gaic_full_260406_v1_leftover_ignore_monotonic/coco/coco_conversion_summary.json
 gaic-like json   : data/GAIC/All/artifacts/training_labels/gaic_full_260406_v1_leftover_ignore_monotonic/coco/instances_conditional_detr_batch_gaic_like.json
 gaic-like guide  : data/GAIC/All/artifacts/training_labels/gaic_full_260406_v1_leftover_ignore_monotonic/coco/GAIC_INSTANCES_TRAIN_FORMAT_KO.md
 debug viz dir    : data/GAIC/All/artifacts/training_labels/gaic_full_260406_v1_leftover_ignore_monotonic/debug_visualizations_balanced50_bottomneg
 debug viz summary: data/GAIC/All/artifacts/training_labels/gaic_full_260406_v1_leftover_ignore_monotonic/debug_visualizations_balanced50_bottomneg/summary/summary.json
 training labels  : data/GAIC/All/artifacts/training_labels/gaic_full_260406_v1_leftover_ignore_monotonic
 training pairwise: data/GAIC/All/artifacts/training_labels/gaic_full_260406_v1_leftover_ignore_monotonic/train_pairwise.jsonl
 training detr canonical: data/GAIC/All/artifacts/training_labels/gaic_full_260406_v1_leftover_ignore_monotonic/train_conditional_detr_canonical.jsonl
 training detr batch: data/GAIC/All/artifacts/training_labels/gaic_full_260406_v1_leftover_ignore_monotonic/train_conditional_detr_batch.jsonl
 training detr skipped: data/GAIC/All/artifacts/training_labels/gaic_full_260406_v1_leftover_ignore_monotonic/train_conditional_detr_skipped.jsonl
 training qa      : data/GAIC/All/artifacts/training_labels/gaic_full_260406_v1_leftover_ignore_monotonic/qa_summary.json
 training validation: data/GAIC/All/artifacts/training_labels/gaic_full_260406_v1_leftover_ignore_monotonic/validation_summary.json
 training report  : data/GAIC/All/artifacts/training_labels/gaic_full_260406_v1_leftover_ignore_monotonic/TRAINING_DATA_REPORT_KO.md
 logs             : data/GAIC/All/logs/e2e_gaic_full_260406_v1
[run] refresh GAIC-like export with official split outputs
[progress 2026-04-08 01:08:22] convert_sstk_detr_batch_to_gaic_like: start | batch_jsonl=data/GAIC/All/artifacts/training_labels/gaic_full_260406_v1_leftover_ignore_monotonic/train_conditional_detr_batch.jsonl | out_json=data/GAIC/All/artifacts/training_labels/gaic_full_260406_v1_leftover_ignore_monotonic/coco/instances_conditional_detr_batch_gaic_like.json
[progress 2026-04-08 01:08:23] convert_sstk_detr_batch_to_gaic_like:load_jsonl:train_conditional_detr_batch.jsonl: start total=6839 unit=rows
[progress 2026-04-08 01:08:24] convert_sstk_detr_batch_to_gaic_like:load_jsonl:train_conditional_detr_batch.jsonl: [>.......................] 500/6839 (7.3%) | 0.9s<11.2s
[progress 2026-04-08 01:08:25] convert_sstk_detr_batch_to_gaic_like:load_jsonl:train_conditional_detr_batch.jsonl: [==>.....................] 1000/6839 (14.6%) | 2.0s<11.6s
[progress 2026-04-08 01:08:26] convert_sstk_detr_batch_to_gaic_like:load_jsonl:train_conditional_detr_batch.jsonl: [====>...................] 1500/6839 (21.9%) | 3.1s<11.1s
[progress 2026-04-08 01:08:27] convert_sstk_detr_batch_to_gaic_like:load_jsonl:train_conditional_detr_batch.jsonl: [======>.................] 2000/6839 (29.2%) | 4.2s<10.1s
[progress 2026-04-08 01:08:28] convert_sstk_detr_batch_to_gaic_like:load_jsonl:train_conditional_detr_batch.jsonl: [=======>................] 2500/6839 (36.6%) | 5.3s<9.1s
[progress 2026-04-08 01:08:29] convert_sstk_detr_batch_to_gaic_like:load_jsonl:train_conditional_detr_batch.jsonl: [=========>..............] 3000/6839 (43.9%) | 6.1s<7.8s
[progress 2026-04-08 01:08:30] convert_sstk_detr_batch_to_gaic_like:load_jsonl:train_conditional_detr_batch.jsonl: [===========>............] 3500/6839 (51.2%) | 7.3s<7.0s
[progress 2026-04-08 01:08:32] convert_sstk_detr_batch_to_gaic_like:load_jsonl:train_conditional_detr_batch.jsonl: [=============>..........] 4000/6839 (58.5%) | 8.6s<6.1s
[progress 2026-04-08 01:08:32] convert_sstk_detr_batch_to_gaic_like:load_jsonl:train_conditional_detr_batch.jsonl: [==============>.........] 4500/6839 (65.8%) | 9.4s<4.9s
[progress 2026-04-08 01:08:34] convert_sstk_detr_batch_to_gaic_like:load_jsonl:train_conditional_detr_batch.jsonl: [================>.......] 5000/6839 (73.1%) | 10.8s<4.0s
[progress 2026-04-08 01:08:35] convert_sstk_detr_batch_to_gaic_like:load_jsonl:train_conditional_detr_batch.jsonl: [==================>.....] 5500/6839 (80.4%) | 11.7s<2.8s
[progress 2026-04-08 01:08:36] convert_sstk_detr_batch_to_gaic_like:load_jsonl:train_conditional_detr_batch.jsonl: [====================>...] 6000/6839 (87.7%) | 13.2s<1.8s
[progress 2026-04-08 01:08:37] convert_sstk_detr_batch_to_gaic_like:load_jsonl:train_conditional_detr_batch.jsonl: [=====================>..] 6500/6839 (95.0%) | 14.0s<0.7s
[progress 2026-04-08 01:08:38] convert_sstk_detr_batch_to_gaic_like:load_jsonl:train_conditional_detr_batch.jsonl: [========================] 6839/6839 (100.0%) | 14.6s
[progress 2026-04-08 01:08:38] convert_sstk_detr_batch_to_gaic_like:load_jsonl:train_conditional_detr_batch.jsonl: [========================] 6839/6839 (100.0%) | 14.6s | path=train_conditional_detr_batch.jsonl
[progress 2026-04-08 01:08:42] convert_sstk_detr_batch_to_gaic_like:build_instances: start total=6839 unit=records
[progress 2026-04-08 01:08:42] convert_sstk_detr_batch_to_gaic_like:build_instances: [........................] 250/6839 (3.7%) | 0.2s<6.3s | annotations=6166
[progress 2026-04-08 01:08:42] convert_sstk_detr_batch_to_gaic_like:build_instances: [>.......................] 500/6839 (7.3%) | 0.4s<4.9s | annotations=12069
[progress 2026-04-08 01:08:42] convert_sstk_detr_batch_to_gaic_like:build_instances: [=>......................] 750/6839 (11.0%) | 0.5s<4.4s | annotations=18178
[progress 2026-04-08 01:08:42] convert_sstk_detr_batch_to_gaic_like:build_instances: [==>.....................] 1000/6839 (14.6%) | 0.7s<4.1s | annotations=24476
[progress 2026-04-08 01:08:43] convert_sstk_detr_batch_to_gaic_like:build_instances: [===>....................] 1250/6839 (18.3%) | 0.9s<4.1s | annotations=30380
[progress 2026-04-08 01:08:43] convert_sstk_detr_batch_to_gaic_like:build_instances: [====>...................] 1500/6839 (21.9%) | 1.1s<3.9s | annotations=36615
[progress 2026-04-08 01:08:43] convert_sstk_detr_batch_to_gaic_like:build_instances: [=====>..................] 1750/6839 (25.6%) | 1.2s<3.6s | annotations=42847
[progress 2026-04-08 01:08:43] convert_sstk_detr_batch_to_gaic_like:build_instances: [======>.................] 2000/6839 (29.2%) | 1.4s<3.4s | annotations=48388
[progress 2026-04-08 01:08:43] convert_sstk_detr_batch_to_gaic_like:build_instances: [======>.................] 2250/6839 (32.9%) | 1.6s<3.2s | annotations=54679
[progress 2026-04-08 01:08:43] convert_sstk_detr_batch_to_gaic_like:build_instances: [=======>................] 2500/6839 (36.6%) | 1.7s<3.0s | annotations=60552
[progress 2026-04-08 01:08:44] convert_sstk_detr_batch_to_gaic_like:build_instances: [========>...............] 2750/6839 (40.2%) | 1.9s<2.8s | annotations=66162
[progress 2026-04-08 01:08:44] convert_sstk_detr_batch_to_gaic_like:build_instances: [=========>..............] 3000/6839 (43.9%) | 2.1s<2.6s | annotations=72065
[progress 2026-04-08 01:08:44] convert_sstk_detr_batch_to_gaic_like:build_instances: [==========>.............] 3250/6839 (47.5%) | 2.2s<2.4s | annotations=78152
[progress 2026-04-08 01:08:44] convert_sstk_detr_batch_to_gaic_like:build_instances: [===========>............] 3500/6839 (51.2%) | 2.4s<2.3s | annotations=83810
[progress 2026-04-08 01:08:44] convert_sstk_detr_batch_to_gaic_like:build_instances: [============>...........] 3750/6839 (54.8%) | 2.5s<2.1s | annotations=89738
[progress 2026-04-08 01:08:44] convert_sstk_detr_batch_to_gaic_like:build_instances: [=============>..........] 4000/6839 (58.5%) | 2.7s<1.9s | annotations=95879
[progress 2026-04-08 01:08:44] convert_sstk_detr_batch_to_gaic_like:build_instances: [=============>..........] 4250/6839 (62.1%) | 2.9s<1.7s | annotations=102025
[progress 2026-04-08 01:08:45] convert_sstk_detr_batch_to_gaic_like:build_instances: [==============>.........] 4500/6839 (65.8%) | 3.0s<1.6s | annotations=108155
[progress 2026-04-08 01:08:45] convert_sstk_detr_batch_to_gaic_like:build_instances: [===============>........] 4750/6839 (69.5%) | 3.2s<1.4s | annotations=114160
[progress 2026-04-08 01:08:45] convert_sstk_detr_batch_to_gaic_like:build_instances: [================>.......] 5000/6839 (73.1%) | 3.4s<1.3s | annotations=120288
[progress 2026-04-08 01:08:45] convert_sstk_detr_batch_to_gaic_like:build_instances: [=================>......] 5250/6839 (76.8%) | 3.6s<1.1s | annotations=126151
[progress 2026-04-08 01:08:45] convert_sstk_detr_batch_to_gaic_like:build_instances: [==================>.....] 5500/6839 (80.4%) | 3.7s<0.9s | annotations=132305
[progress 2026-04-08 01:08:46] convert_sstk_detr_batch_to_gaic_like:build_instances: [===================>....] 5750/6839 (84.1%) | 3.9s<0.7s | annotations=138427
[progress 2026-04-08 01:08:46] convert_sstk_detr_batch_to_gaic_like:build_instances: [====================>...] 6000/6839 (87.7%) | 4.1s<0.6s | annotations=144241
[progress 2026-04-08 01:08:46] convert_sstk_detr_batch_to_gaic_like:build_instances: [====================>...] 6250/6839 (91.4%) | 4.2s<0.4s | annotations=150372
[progress 2026-04-08 01:08:46] convert_sstk_detr_batch_to_gaic_like:build_instances: [=====================>..] 6500/6839 (95.0%) | 4.4s<0.2s | annotations=156597
[progress 2026-04-08 01:08:46] convert_sstk_detr_batch_to_gaic_like:build_instances: [======================>.] 6750/6839 (98.7%) | 4.6s<0.1s | annotations=162591
[progress 2026-04-08 01:08:46] convert_sstk_detr_batch_to_gaic_like:build_instances: [========================] 6839/6839 (100.0%) | 4.6s | annotations=164682
[progress 2026-04-08 01:08:46] convert_sstk_detr_batch_to_gaic_like:build_instances: [========================] 6839/6839 (100.0%) | 4.6s | images=6839 annotations=164682
[progress 2026-04-08 01:08:46] convert_sstk_detr_batch_to_gaic_like:validate: start total=164682 unit=annotations
[progress 2026-04-08 01:08:46] convert_sstk_detr_batch_to_gaic_like:validate: [........................] 1000/164682 (0.6%) | 0.0s<1.4s
[progress 2026-04-08 01:08:46] convert_sstk_detr_batch_to_gaic_like:validate: [........................] 2000/164682 (1.2%) | 0.0s<1.4s
[progress 2026-04-08 01:08:46] convert_sstk_detr_batch_to_gaic_like:validate: [........................] 3000/164682 (1.8%) | 0.0s<1.4s
[progress 2026-04-08 01:08:46] convert_sstk_detr_batch_to_gaic_like:validate: [........................] 4000/164682 (2.4%) | 0.0s<1.4s
[progress 2026-04-08 01:08:46] convert_sstk_detr_batch_to_gaic_like:validate: [........................] 5000/164682 (3.0%) | 0.0s<1.4s
[progress 2026-04-08 01:08:46] convert_sstk_detr_batch_to_gaic_like:validate: [........................] 6000/164682 (3.6%) | 0.1s<1.4s
[progress 2026-04-08 01:08:46] convert_sstk_detr_batch_to_gaic_like:validate: [>.......................] 7000/164682 (4.3%) | 0.1s<1.3s
[progress 2026-04-08 01:08:46] convert_sstk_detr_batch_to_gaic_like:validate: [>.......................] 8000/164682 (4.9%) | 0.1s<1.3s
[progress 2026-04-08 01:08:46] convert_sstk_detr_batch_to_gaic_like:validate: [>.......................] 9000/164682 (5.5%) | 0.1s<1.3s
[progress 2026-04-08 01:08:46] convert_sstk_detr_batch_to_gaic_like:validate: [>.......................] 10000/164682 (6.1%) | 0.1s<1.3s
[progress 2026-04-08 01:08:46] convert_sstk_detr_batch_to_gaic_like:validate: [>.......................] 11000/164682 (6.7%) | 0.1s<1.3s
[progress 2026-04-08 01:08:46] convert_sstk_detr_batch_to_gaic_like:validate: [>.......................] 12000/164682 (7.3%) | 0.1s<1.3s
[progress 2026-04-08 01:08:46] convert_sstk_detr_batch_to_gaic_like:validate: [>.......................] 13000/164682 (7.9%) | 0.1s<1.3s
[progress 2026-04-08 01:08:46] convert_sstk_detr_batch_to_gaic_like:validate: [=>......................] 14000/164682 (8.5%) | 0.1s<1.3s
[progress 2026-04-08 01:08:46] convert_sstk_detr_batch_to_gaic_like:validate: [=>......................] 15000/164682 (9.1%) | 0.1s<1.3s
[progress 2026-04-08 01:08:46] convert_sstk_detr_batch_to_gaic_like:validate: [=>......................] 16000/164682 (9.7%) | 0.1s<1.3s
[progress 2026-04-08 01:08:46] convert_sstk_detr_batch_to_gaic_like:validate: [=>......................] 17000/164682 (10.3%) | 0.1s<1.3s
[progress 2026-04-08 01:08:46] convert_sstk_detr_batch_to_gaic_like:validate: [=>......................] 18000/164682 (10.9%) | 0.2s<1.3s
[progress 2026-04-08 01:08:46] convert_sstk_detr_batch_to_gaic_like:validate: [=>......................] 19000/164682 (11.5%) | 0.2s<1.2s
[progress 2026-04-08 01:08:46] convert_sstk_detr_batch_to_gaic_like:validate: [=>......................] 20000/164682 (12.1%) | 0.2s<1.2s
[progress 2026-04-08 01:08:46] convert_sstk_detr_batch_to_gaic_like:validate: [==>.....................] 21000/164682 (12.8%) | 0.2s<1.2s
[progress 2026-04-08 01:08:46] convert_sstk_detr_batch_to_gaic_like:validate: [==>.....................] 22000/164682 (13.4%) | 0.2s<1.2s
[progress 2026-04-08 01:08:46] convert_sstk_detr_batch_to_gaic_like:validate: [==>.....................] 23000/164682 (14.0%) | 0.2s<1.2s
[progress 2026-04-08 01:08:46] convert_sstk_detr_batch_to_gaic_like:validate: [==>.....................] 24000/164682 (14.6%) | 0.2s<1.2s
[progress 2026-04-08 01:08:46] convert_sstk_detr_batch_to_gaic_like:validate: [==>.....................] 25000/164682 (15.2%) | 0.2s<1.2s
[progress 2026-04-08 01:08:46] convert_sstk_detr_batch_to_gaic_like:validate: [==>.....................] 26000/164682 (15.8%) | 0.2s<1.2s
[progress 2026-04-08 01:08:46] convert_sstk_detr_batch_to_gaic_like:validate: [==>.....................] 27000/164682 (16.4%) | 0.2s<1.2s
[progress 2026-04-08 01:08:46] convert_sstk_detr_batch_to_gaic_like:validate: [===>....................] 28000/164682 (17.0%) | 0.2s<1.2s
[progress 2026-04-08 01:08:47] convert_sstk_detr_batch_to_gaic_like:validate: [===>....................] 29000/164682 (17.6%) | 0.2s<1.2s
[progress 2026-04-08 01:08:47] convert_sstk_detr_batch_to_gaic_like:validate: [===>....................] 30000/164682 (18.2%) | 0.3s<1.2s
[progress 2026-04-08 01:08:47] convert_sstk_detr_batch_to_gaic_like:validate: [===>....................] 31000/164682 (18.8%) | 0.3s<1.1s
[progress 2026-04-08 01:08:47] convert_sstk_detr_batch_to_gaic_like:validate: [===>....................] 32000/164682 (19.4%) | 0.3s<1.1s
[progress 2026-04-08 01:08:47] convert_sstk_detr_batch_to_gaic_like:validate: [===>....................] 33000/164682 (20.0%) | 0.3s<1.1s
[progress 2026-04-08 01:08:47] convert_sstk_detr_batch_to_gaic_like:validate: [===>....................] 34000/164682 (20.6%) | 0.3s<1.1s
[progress 2026-04-08 01:08:47] convert_sstk_detr_batch_to_gaic_like:validate: [====>...................] 35000/164682 (21.3%) | 0.3s<1.1s
[progress 2026-04-08 01:08:47] convert_sstk_detr_batch_to_gaic_like:validate: [====>...................] 36000/164682 (21.9%) | 0.3s<1.1s
[progress 2026-04-08 01:08:47] convert_sstk_detr_batch_to_gaic_like:validate: [====>...................] 37000/164682 (22.5%) | 0.3s<1.1s
[progress 2026-04-08 01:08:47] convert_sstk_detr_batch_to_gaic_like:validate: [====>...................] 38000/164682 (23.1%) | 0.3s<1.1s
[progress 2026-04-08 01:08:47] convert_sstk_detr_batch_to_gaic_like:validate: [====>...................] 39000/164682 (23.7%) | 0.3s<1.1s
[progress 2026-04-08 01:08:47] convert_sstk_detr_batch_to_gaic_like:validate: [====>...................] 40000/164682 (24.3%) | 0.3s<1.1s
[progress 2026-04-08 01:08:47] convert_sstk_detr_batch_to_gaic_like:validate: [====>...................] 41000/164682 (24.9%) | 0.4s<1.1s
[progress 2026-04-08 01:08:47] convert_sstk_detr_batch_to_gaic_like:validate: [=====>..................] 42000/164682 (25.5%) | 0.4s<1.0s
[progress 2026-04-08 01:08:47] convert_sstk_detr_batch_to_gaic_like:validate: [=====>..................] 43000/164682 (26.1%) | 0.4s<1.0s
[progress 2026-04-08 01:08:47] convert_sstk_detr_batch_to_gaic_like:validate: [=====>..................] 44000/164682 (26.7%) | 0.4s<1.0s
[progress 2026-04-08 01:08:47] convert_sstk_detr_batch_to_gaic_like:validate: [=====>..................] 45000/164682 (27.3%) | 0.4s<1.0s
[progress 2026-04-08 01:08:47] convert_sstk_detr_batch_to_gaic_like:validate: [=====>..................] 46000/164682 (27.9%) | 0.4s<1.0s
[progress 2026-04-08 01:08:47] convert_sstk_detr_batch_to_gaic_like:validate: [=====>..................] 47000/164682 (28.5%) | 0.4s<1.0s
[progress 2026-04-08 01:08:47] convert_sstk_detr_batch_to_gaic_like:validate: [=====>..................] 48000/164682 (29.1%) | 0.4s<1.0s
[progress 2026-04-08 01:08:47] convert_sstk_detr_batch_to_gaic_like:validate: [======>.................] 49000/164682 (29.8%) | 0.4s<1.0s
[progress 2026-04-08 01:08:47] convert_sstk_detr_batch_to_gaic_like:validate: [======>.................] 50000/164682 (30.4%) | 0.4s<1.0s
[progress 2026-04-08 01:08:47] convert_sstk_detr_batch_to_gaic_like:validate: [======>.................] 51000/164682 (31.0%) | 0.4s<1.0s
[progress 2026-04-08 01:08:47] convert_sstk_detr_batch_to_gaic_like:validate: [======>.................] 52000/164682 (31.6%) | 0.4s<1.0s
[progress 2026-04-08 01:08:47] convert_sstk_detr_batch_to_gaic_like:validate: [======>.................] 53000/164682 (32.2%) | 0.5s<1.0s
[progress 2026-04-08 01:08:47] convert_sstk_detr_batch_to_gaic_like:validate: [======>.................] 54000/164682 (32.8%) | 0.5s<0.9s
[progress 2026-04-08 01:08:47] convert_sstk_detr_batch_to_gaic_like:validate: [=======>................] 55000/164682 (33.4%) | 0.5s<0.9s
[progress 2026-04-08 01:08:47] convert_sstk_detr_batch_to_gaic_like:validate: [=======>................] 56000/164682 (34.0%) | 0.5s<0.9s
[progress 2026-04-08 01:08:47] convert_sstk_detr_batch_to_gaic_like:validate: [=======>................] 57000/164682 (34.6%) | 0.5s<0.9s
[progress 2026-04-08 01:08:47] convert_sstk_detr_batch_to_gaic_like:validate: [=======>................] 58000/164682 (35.2%) | 0.5s<0.9s
[progress 2026-04-08 01:08:47] convert_sstk_detr_batch_to_gaic_like:validate: [=======>................] 59000/164682 (35.8%) | 0.5s<0.9s
[progress 2026-04-08 01:08:47] convert_sstk_detr_batch_to_gaic_like:validate: [=======>................] 60000/164682 (36.4%) | 0.5s<0.9s
[progress 2026-04-08 01:08:47] convert_sstk_detr_batch_to_gaic_like:validate: [=======>................] 61000/164682 (37.0%) | 0.5s<0.9s
[progress 2026-04-08 01:08:47] convert_sstk_detr_batch_to_gaic_like:validate: [========>...............] 62000/164682 (37.6%) | 0.5s<0.9s
[progress 2026-04-08 01:08:47] convert_sstk_detr_batch_to_gaic_like:validate: [========>...............] 63000/164682 (38.3%) | 0.5s<0.9s
[progress 2026-04-08 01:08:47] convert_sstk_detr_batch_to_gaic_like:validate: [========>...............] 64000/164682 (38.9%) | 0.5s<0.9s
[progress 2026-04-08 01:08:47] convert_sstk_detr_batch_to_gaic_like:validate: [========>...............] 65000/164682 (39.5%) | 0.6s<0.9s
[progress 2026-04-08 01:08:47] convert_sstk_detr_batch_to_gaic_like:validate: [========>...............] 66000/164682 (40.1%) | 0.6s<0.8s
[progress 2026-04-08 01:08:47] convert_sstk_detr_batch_to_gaic_like:validate: [========>...............] 67000/164682 (40.7%) | 0.6s<0.8s
[progress 2026-04-08 01:08:47] convert_sstk_detr_batch_to_gaic_like:validate: [========>...............] 68000/164682 (41.3%) | 0.6s<0.8s
[progress 2026-04-08 01:08:47] convert_sstk_detr_batch_to_gaic_like:validate: [=========>..............] 69000/164682 (41.9%) | 0.6s<0.8s
[progress 2026-04-08 01:08:47] convert_sstk_detr_batch_to_gaic_like:validate: [=========>..............] 70000/164682 (42.5%) | 0.6s<0.8s
[progress 2026-04-08 01:08:47] convert_sstk_detr_batch_to_gaic_like:validate: [=========>..............] 71000/164682 (43.1%) | 0.6s<0.8s
[progress 2026-04-08 01:08:47] convert_sstk_detr_batch_to_gaic_like:validate: [=========>..............] 72000/164682 (43.7%) | 0.6s<0.8s
[progress 2026-04-08 01:08:47] convert_sstk_detr_batch_to_gaic_like:validate: [=========>..............] 73000/164682 (44.3%) | 0.6s<0.8s
[progress 2026-04-08 01:08:47] convert_sstk_detr_batch_to_gaic_like:validate: [=========>..............] 74000/164682 (44.9%) | 0.6s<0.8s
[progress 2026-04-08 01:08:47] convert_sstk_detr_batch_to_gaic_like:validate: [=========>..............] 75000/164682 (45.5%) | 0.6s<0.8s
[progress 2026-04-08 01:08:47] convert_sstk_detr_batch_to_gaic_like:validate: [==========>.............] 76000/164682 (46.1%) | 0.6s<0.8s
[progress 2026-04-08 01:08:47] convert_sstk_detr_batch_to_gaic_like:validate: [==========>.............] 77000/164682 (46.8%) | 0.7s<0.7s
[progress 2026-04-08 01:08:47] convert_sstk_detr_batch_to_gaic_like:validate: [==========>.............] 78000/164682 (47.4%) | 0.7s<0.7s
[progress 2026-04-08 01:08:47] convert_sstk_detr_batch_to_gaic_like:validate: [==========>.............] 79000/164682 (48.0%) | 0.7s<0.7s
[progress 2026-04-08 01:08:47] convert_sstk_detr_batch_to_gaic_like:validate: [==========>.............] 80000/164682 (48.6%) | 0.7s<0.7s
[progress 2026-04-08 01:08:47] convert_sstk_detr_batch_to_gaic_like:validate: [==========>.............] 81000/164682 (49.2%) | 0.7s<0.7s
[progress 2026-04-08 01:08:47] convert_sstk_detr_batch_to_gaic_like:validate: [==========>.............] 82000/164682 (49.8%) | 0.7s<0.7s
[progress 2026-04-08 01:08:47] convert_sstk_detr_batch_to_gaic_like:validate: [===========>............] 83000/164682 (50.4%) | 0.7s<0.7s
[progress 2026-04-08 01:08:47] convert_sstk_detr_batch_to_gaic_like:validate: [===========>............] 84000/164682 (51.0%) | 0.7s<0.7s
[progress 2026-04-08 01:08:47] convert_sstk_detr_batch_to_gaic_like:validate: [===========>............] 85000/164682 (51.6%) | 0.7s<0.7s
[progress 2026-04-08 01:08:47] convert_sstk_detr_batch_to_gaic_like:validate: [===========>............] 86000/164682 (52.2%) | 0.7s<0.7s
[progress 2026-04-08 01:08:47] convert_sstk_detr_batch_to_gaic_like:validate: [===========>............] 87000/164682 (52.8%) | 0.7s<0.7s
[progress 2026-04-08 01:08:47] convert_sstk_detr_batch_to_gaic_like:validate: [===========>............] 88000/164682 (53.4%) | 0.8s<0.7s
[progress 2026-04-08 01:08:47] convert_sstk_detr_batch_to_gaic_like:validate: [===========>............] 89000/164682 (54.0%) | 0.8s<0.6s
[progress 2026-04-08 01:08:47] convert_sstk_detr_batch_to_gaic_like:validate: [============>...........] 90000/164682 (54.7%) | 0.8s<0.6s
[progress 2026-04-08 01:08:47] convert_sstk_detr_batch_to_gaic_like:validate: [============>...........] 91000/164682 (55.3%) | 0.8s<0.6s
[progress 2026-04-08 01:08:47] convert_sstk_detr_batch_to_gaic_like:validate: [============>...........] 92000/164682 (55.9%) | 0.8s<0.6s
[progress 2026-04-08 01:08:47] convert_sstk_detr_batch_to_gaic_like:validate: [============>...........] 93000/164682 (56.5%) | 0.8s<0.6s
[progress 2026-04-08 01:08:47] convert_sstk_detr_batch_to_gaic_like:validate: [============>...........] 94000/164682 (57.1%) | 0.8s<0.6s
[progress 2026-04-08 01:08:47] convert_sstk_detr_batch_to_gaic_like:validate: [============>...........] 95000/164682 (57.7%) | 0.8s<0.6s
[progress 2026-04-08 01:08:47] convert_sstk_detr_batch_to_gaic_like:validate: [============>...........] 96000/164682 (58.3%) | 0.8s<0.6s
[progress 2026-04-08 01:08:47] convert_sstk_detr_batch_to_gaic_like:validate: [=============>..........] 97000/164682 (58.9%) | 0.8s<0.6s
[progress 2026-04-08 01:08:47] convert_sstk_detr_batch_to_gaic_like:validate: [=============>..........] 98000/164682 (59.5%) | 0.8s<0.6s
[progress 2026-04-08 01:08:47] convert_sstk_detr_batch_to_gaic_like:validate: [=============>..........] 99000/164682 (60.1%) | 0.8s<0.6s
[progress 2026-04-08 01:08:47] convert_sstk_detr_batch_to_gaic_like:validate: [=============>..........] 100000/164682 (60.7%) | 0.9s<0.6s
[progress 2026-04-08 01:08:47] convert_sstk_detr_batch_to_gaic_like:validate: [=============>..........] 101000/164682 (61.3%) | 0.9s<0.5s
[progress 2026-04-08 01:08:47] convert_sstk_detr_batch_to_gaic_like:validate: [=============>..........] 102000/164682 (61.9%) | 0.9s<0.5s
[progress 2026-04-08 01:08:47] convert_sstk_detr_batch_to_gaic_like:validate: [==============>.........] 103000/164682 (62.5%) | 0.9s<0.5s
[progress 2026-04-08 01:08:47] convert_sstk_detr_batch_to_gaic_like:validate: [==============>.........] 104000/164682 (63.2%) | 0.9s<0.5s
[progress 2026-04-08 01:08:47] convert_sstk_detr_batch_to_gaic_like:validate: [==============>.........] 105000/164682 (63.8%) | 0.9s<0.5s
[progress 2026-04-08 01:08:47] convert_sstk_detr_batch_to_gaic_like:validate: [==============>.........] 106000/164682 (64.4%) | 0.9s<0.5s
[progress 2026-04-08 01:08:47] convert_sstk_detr_batch_to_gaic_like:validate: [==============>.........] 107000/164682 (65.0%) | 0.9s<0.5s
[progress 2026-04-08 01:08:47] convert_sstk_detr_batch_to_gaic_like:validate: [==============>.........] 108000/164682 (65.6%) | 0.9s<0.5s
[progress 2026-04-08 01:08:47] convert_sstk_detr_batch_to_gaic_like:validate: [==============>.........] 109000/164682 (66.2%) | 0.9s<0.5s
[progress 2026-04-08 01:08:47] convert_sstk_detr_batch_to_gaic_like:validate: [===============>........] 110000/164682 (66.8%) | 0.9s<0.5s
[progress 2026-04-08 01:08:47] convert_sstk_detr_batch_to_gaic_like:validate: [===============>........] 111000/164682 (67.4%) | 0.9s<0.5s
[progress 2026-04-08 01:08:47] convert_sstk_detr_batch_to_gaic_like:validate: [===============>........] 112000/164682 (68.0%) | 1.0s<0.4s
[progress 2026-04-08 01:08:47] convert_sstk_detr_batch_to_gaic_like:validate: [===============>........] 113000/164682 (68.6%) | 1.0s<0.4s
[progress 2026-04-08 01:08:47] convert_sstk_detr_batch_to_gaic_like:validate: [===============>........] 114000/164682 (69.2%) | 1.0s<0.4s
[progress 2026-04-08 01:08:47] convert_sstk_detr_batch_to_gaic_like:validate: [===============>........] 115000/164682 (69.8%) | 1.0s<0.4s
[progress 2026-04-08 01:08:47] convert_sstk_detr_batch_to_gaic_like:validate: [===============>........] 116000/164682 (70.4%) | 1.0s<0.4s
[progress 2026-04-08 01:08:47] convert_sstk_detr_batch_to_gaic_like:validate: [================>.......] 117000/164682 (71.0%) | 1.0s<0.4s
[progress 2026-04-08 01:08:47] convert_sstk_detr_batch_to_gaic_like:validate: [================>.......] 118000/164682 (71.7%) | 1.0s<0.4s
[progress 2026-04-08 01:08:47] convert_sstk_detr_batch_to_gaic_like:validate: [================>.......] 119000/164682 (72.3%) | 1.0s<0.4s
[progress 2026-04-08 01:08:47] convert_sstk_detr_batch_to_gaic_like:validate: [================>.......] 120000/164682 (72.9%) | 1.0s<0.4s
[progress 2026-04-08 01:08:47] convert_sstk_detr_batch_to_gaic_like:validate: [================>.......] 121000/164682 (73.5%) | 1.0s<0.4s
[progress 2026-04-08 01:08:47] convert_sstk_detr_batch_to_gaic_like:validate: [================>.......] 122000/164682 (74.1%) | 1.0s<0.4s
[progress 2026-04-08 01:08:47] convert_sstk_detr_batch_to_gaic_like:validate: [================>.......] 123000/164682 (74.7%) | 1.0s<0.4s
[progress 2026-04-08 01:08:47] convert_sstk_detr_batch_to_gaic_like:validate: [=================>......] 124000/164682 (75.3%) | 1.1s<0.3s
[progress 2026-04-08 01:08:47] convert_sstk_detr_batch_to_gaic_like:validate: [=================>......] 125000/164682 (75.9%) | 1.1s<0.3s
[progress 2026-04-08 01:08:47] convert_sstk_detr_batch_to_gaic_like:validate: [=================>......] 126000/164682 (76.5%) | 1.1s<0.3s
[progress 2026-04-08 01:08:47] convert_sstk_detr_batch_to_gaic_like:validate: [=================>......] 127000/164682 (77.1%) | 1.1s<0.3s
[progress 2026-04-08 01:08:47] convert_sstk_detr_batch_to_gaic_like:validate: [=================>......] 128000/164682 (77.7%) | 1.1s<0.3s
[progress 2026-04-08 01:08:47] convert_sstk_detr_batch_to_gaic_like:validate: [=================>......] 129000/164682 (78.3%) | 1.1s<0.3s
[progress 2026-04-08 01:08:47] convert_sstk_detr_batch_to_gaic_like:validate: [=================>......] 130000/164682 (78.9%) | 1.1s<0.3s
[progress 2026-04-08 01:08:47] convert_sstk_detr_batch_to_gaic_like:validate: [==================>.....] 131000/164682 (79.5%) | 1.1s<0.3s
[progress 2026-04-08 01:08:47] convert_sstk_detr_batch_to_gaic_like:validate: [==================>.....] 132000/164682 (80.2%) | 1.1s<0.3s
[progress 2026-04-08 01:08:47] convert_sstk_detr_batch_to_gaic_like:validate: [==================>.....] 133000/164682 (80.8%) | 1.1s<0.3s
[progress 2026-04-08 01:08:47] convert_sstk_detr_batch_to_gaic_like:validate: [==================>.....] 134000/164682 (81.4%) | 1.1s<0.3s
[progress 2026-04-08 01:08:47] convert_sstk_detr_batch_to_gaic_like:validate: [==================>.....] 135000/164682 (82.0%) | 1.2s<0.3s
[progress 2026-04-08 01:08:47] convert_sstk_detr_batch_to_gaic_like:validate: [==================>.....] 136000/164682 (82.6%) | 1.2s<0.2s
[progress 2026-04-08 01:08:47] convert_sstk_detr_batch_to_gaic_like:validate: [==================>.....] 137000/164682 (83.2%) | 1.2s<0.2s
[progress 2026-04-08 01:08:47] convert_sstk_detr_batch_to_gaic_like:validate: [===================>....] 138000/164682 (83.8%) | 1.2s<0.2s
[progress 2026-04-08 01:08:47] convert_sstk_detr_batch_to_gaic_like:validate: [===================>....] 139000/164682 (84.4%) | 1.2s<0.2s
[progress 2026-04-08 01:08:47] convert_sstk_detr_batch_to_gaic_like:validate: [===================>....] 140000/164682 (85.0%) | 1.2s<0.2s
[progress 2026-04-08 01:08:47] convert_sstk_detr_batch_to_gaic_like:validate: [===================>....] 141000/164682 (85.6%) | 1.2s<0.2s
[progress 2026-04-08 01:08:47] convert_sstk_detr_batch_to_gaic_like:validate: [===================>....] 142000/164682 (86.2%) | 1.2s<0.2s
[progress 2026-04-08 01:08:47] convert_sstk_detr_batch_to_gaic_like:validate: [===================>....] 143000/164682 (86.8%) | 1.2s<0.2s
[progress 2026-04-08 01:08:47] convert_sstk_detr_batch_to_gaic_like:validate: [===================>....] 144000/164682 (87.4%) | 1.2s<0.2s
[progress 2026-04-08 01:08:47] convert_sstk_detr_batch_to_gaic_like:validate: [====================>...] 145000/164682 (88.0%) | 1.2s<0.2s
[progress 2026-04-08 01:08:48] convert_sstk_detr_batch_to_gaic_like:validate: [====================>...] 146000/164682 (88.7%) | 1.2s<0.2s
[progress 2026-04-08 01:08:48] convert_sstk_detr_batch_to_gaic_like:validate: [====================>...] 147000/164682 (89.3%) | 1.3s<0.2s
[progress 2026-04-08 01:08:48] convert_sstk_detr_batch_to_gaic_like:validate: [====================>...] 148000/164682 (89.9%) | 1.3s<0.1s
[progress 2026-04-08 01:08:48] convert_sstk_detr_batch_to_gaic_like:validate: [====================>...] 149000/164682 (90.5%) | 1.3s<0.1s
[progress 2026-04-08 01:08:48] convert_sstk_detr_batch_to_gaic_like:validate: [====================>...] 150000/164682 (91.1%) | 1.3s<0.1s
[progress 2026-04-08 01:08:48] convert_sstk_detr_batch_to_gaic_like:validate: [=====================>..] 151000/164682 (91.7%) | 1.3s<0.1s
[progress 2026-04-08 01:08:48] convert_sstk_detr_batch_to_gaic_like:validate: [=====================>..] 152000/164682 (92.3%) | 1.3s<0.1s
[progress 2026-04-08 01:08:48] convert_sstk_detr_batch_to_gaic_like:validate: [=====================>..] 153000/164682 (92.9%) | 1.3s<0.1s
[progress 2026-04-08 01:08:48] convert_sstk_detr_batch_to_gaic_like:validate: [=====================>..] 154000/164682 (93.5%) | 1.3s<0.1s
[progress 2026-04-08 01:08:48] convert_sstk_detr_batch_to_gaic_like:validate: [=====================>..] 155000/164682 (94.1%) | 1.3s<0.1s
[progress 2026-04-08 01:08:48] convert_sstk_detr_batch_to_gaic_like:validate: [=====================>..] 156000/164682 (94.7%) | 1.3s<0.1s
[progress 2026-04-08 01:08:48] convert_sstk_detr_batch_to_gaic_like:validate: [=====================>..] 157000/164682 (95.3%) | 1.3s<0.1s
[progress 2026-04-08 01:08:48] convert_sstk_detr_batch_to_gaic_like:validate: [======================>.] 158000/164682 (95.9%) | 1.3s<0.1s
[progress 2026-04-08 01:08:48] convert_sstk_detr_batch_to_gaic_like:validate: [======================>.] 159000/164682 (96.5%) | 1.4s<0.0s
[progress 2026-04-08 01:08:48] convert_sstk_detr_batch_to_gaic_like:validate: [======================>.] 160000/164682 (97.2%) | 1.4s<0.0s
[progress 2026-04-08 01:08:48] convert_sstk_detr_batch_to_gaic_like:validate: [======================>.] 161000/164682 (97.8%) | 1.4s<0.0s
[progress 2026-04-08 01:08:48] convert_sstk_detr_batch_to_gaic_like:validate: [======================>.] 162000/164682 (98.4%) | 1.4s<0.0s
[progress 2026-04-08 01:08:48] convert_sstk_detr_batch_to_gaic_like:validate: [======================>.] 163000/164682 (99.0%) | 1.4s<0.0s
[progress 2026-04-08 01:08:48] convert_sstk_detr_batch_to_gaic_like:validate: [======================>.] 164000/164682 (99.6%) | 1.4s<0.0s
[progress 2026-04-08 01:08:48] convert_sstk_detr_batch_to_gaic_like:validate: [========================] 164682/164682 (100.0%) | 1.4s
[progress 2026-04-08 01:08:48] convert_sstk_detr_batch_to_gaic_like:validate: [========================] 164682/164682 (100.0%) | 1.4s | errors=0 warnings=0
[progress 2026-04-08 01:08:59] convert_sstk_detr_batch_to_gaic_like:validate: start total=117064 unit=annotations
[progress 2026-04-08 01:08:59] convert_sstk_detr_batch_to_gaic_like:validate: [........................] 1000/117064 (0.9%) | 0.0s<1.0s
[progress 2026-04-08 01:08:59] convert_sstk_detr_batch_to_gaic_like:validate: [........................] 2000/117064 (1.7%) | 0.0s<1.0s
[progress 2026-04-08 01:08:59] convert_sstk_detr_batch_to_gaic_like:validate: [........................] 3000/117064 (2.6%) | 0.0s<1.0s
[progress 2026-04-08 01:08:59] convert_sstk_detr_batch_to_gaic_like:validate: [........................] 4000/117064 (3.4%) | 0.0s<1.0s
[progress 2026-04-08 01:08:59] convert_sstk_detr_batch_to_gaic_like:validate: [>.......................] 5000/117064 (4.3%) | 0.0s<0.9s
[progress 2026-04-08 01:08:59] convert_sstk_detr_batch_to_gaic_like:validate: [>.......................] 6000/117064 (5.1%) | 0.1s<0.9s
[progress 2026-04-08 01:08:59] convert_sstk_detr_batch_to_gaic_like:validate: [>.......................] 7000/117064 (6.0%) | 0.1s<0.9s
[progress 2026-04-08 01:08:59] convert_sstk_detr_batch_to_gaic_like:validate: [>.......................] 8000/117064 (6.8%) | 0.1s<0.9s
[progress 2026-04-08 01:08:59] convert_sstk_detr_batch_to_gaic_like:validate: [>.......................] 9000/117064 (7.7%) | 0.1s<0.9s
[progress 2026-04-08 01:08:59] convert_sstk_detr_batch_to_gaic_like:validate: [=>......................] 10000/117064 (8.5%) | 0.1s<0.9s
[progress 2026-04-08 01:08:59] convert_sstk_detr_batch_to_gaic_like:validate: [=>......................] 11000/117064 (9.4%) | 0.1s<0.9s
[progress 2026-04-08 01:08:59] convert_sstk_detr_batch_to_gaic_like:validate: [=>......................] 12000/117064 (10.3%) | 0.1s<0.9s
[progress 2026-04-08 01:08:59] convert_sstk_detr_batch_to_gaic_like:validate: [=>......................] 13000/117064 (11.1%) | 0.1s<0.9s
[progress 2026-04-08 01:08:59] convert_sstk_detr_batch_to_gaic_like:validate: [=>......................] 14000/117064 (12.0%) | 0.1s<0.9s
[progress 2026-04-08 01:08:59] convert_sstk_detr_batch_to_gaic_like:validate: [==>.....................] 15000/117064 (12.8%) | 0.1s<0.9s
[progress 2026-04-08 01:08:59] convert_sstk_detr_batch_to_gaic_like:validate: [==>.....................] 16000/117064 (13.7%) | 0.1s<0.9s
[progress 2026-04-08 01:08:59] convert_sstk_detr_batch_to_gaic_like:validate: [==>.....................] 17000/117064 (14.5%) | 0.1s<0.8s
[progress 2026-04-08 01:08:59] convert_sstk_detr_batch_to_gaic_like:validate: [==>.....................] 18000/117064 (15.4%) | 0.2s<0.8s
[progress 2026-04-08 01:08:59] convert_sstk_detr_batch_to_gaic_like:validate: [==>.....................] 19000/117064 (16.2%) | 0.2s<0.8s
[progress 2026-04-08 01:08:59] convert_sstk_detr_batch_to_gaic_like:validate: [===>....................] 20000/117064 (17.1%) | 0.2s<0.8s
[progress 2026-04-08 01:08:59] convert_sstk_detr_batch_to_gaic_like:validate: [===>....................] 21000/117064 (17.9%) | 0.2s<0.8s
[progress 2026-04-08 01:08:59] convert_sstk_detr_batch_to_gaic_like:validate: [===>....................] 22000/117064 (18.8%) | 0.2s<0.8s
[progress 2026-04-08 01:08:59] convert_sstk_detr_batch_to_gaic_like:validate: [===>....................] 23000/117064 (19.6%) | 0.2s<0.8s
[progress 2026-04-08 01:08:59] convert_sstk_detr_batch_to_gaic_like:validate: [===>....................] 24000/117064 (20.5%) | 0.2s<0.8s
[progress 2026-04-08 01:08:59] convert_sstk_detr_batch_to_gaic_like:validate: [====>...................] 25000/117064 (21.4%) | 0.2s<0.8s
[progress 2026-04-08 01:08:59] convert_sstk_detr_batch_to_gaic_like:validate: [====>...................] 26000/117064 (22.2%) | 0.2s<0.8s
[progress 2026-04-08 01:08:59] convert_sstk_detr_batch_to_gaic_like:validate: [====>...................] 27000/117064 (23.1%) | 0.2s<0.8s
[progress 2026-04-08 01:08:59] convert_sstk_detr_batch_to_gaic_like:validate: [====>...................] 28000/117064 (23.9%) | 0.2s<0.8s
[progress 2026-04-08 01:08:59] convert_sstk_detr_batch_to_gaic_like:validate: [====>...................] 29000/117064 (24.8%) | 0.2s<0.7s
[progress 2026-04-08 01:08:59] convert_sstk_detr_batch_to_gaic_like:validate: [=====>..................] 30000/117064 (25.6%) | 0.3s<0.7s
[progress 2026-04-08 01:08:59] convert_sstk_detr_batch_to_gaic_like:validate: [=====>..................] 31000/117064 (26.5%) | 0.3s<0.7s
[progress 2026-04-08 01:08:59] convert_sstk_detr_batch_to_gaic_like:validate: [=====>..................] 32000/117064 (27.3%) | 0.3s<0.7s
[progress 2026-04-08 01:08:59] convert_sstk_detr_batch_to_gaic_like:validate: [=====>..................] 33000/117064 (28.2%) | 0.3s<0.7s
[progress 2026-04-08 01:08:59] convert_sstk_detr_batch_to_gaic_like:validate: [=====>..................] 34000/117064 (29.0%) | 0.3s<0.7s
[progress 2026-04-08 01:08:59] convert_sstk_detr_batch_to_gaic_like:validate: [======>.................] 35000/117064 (29.9%) | 0.3s<0.7s
[progress 2026-04-08 01:08:59] convert_sstk_detr_batch_to_gaic_like:validate: [======>.................] 36000/117064 (30.8%) | 0.3s<0.7s
[progress 2026-04-08 01:08:59] convert_sstk_detr_batch_to_gaic_like:validate: [======>.................] 37000/117064 (31.6%) | 0.3s<0.7s
[progress 2026-04-08 01:08:59] convert_sstk_detr_batch_to_gaic_like:validate: [======>.................] 38000/117064 (32.5%) | 0.3s<0.7s
[progress 2026-04-08 01:08:59] convert_sstk_detr_batch_to_gaic_like:validate: [======>.................] 39000/117064 (33.3%) | 0.3s<0.7s
[progress 2026-04-08 01:08:59] convert_sstk_detr_batch_to_gaic_like:validate: [=======>................] 40000/117064 (34.2%) | 0.3s<0.7s
[progress 2026-04-08 01:08:59] convert_sstk_detr_batch_to_gaic_like:validate: [=======>................] 41000/117064 (35.0%) | 0.3s<0.6s
[progress 2026-04-08 01:08:59] convert_sstk_detr_batch_to_gaic_like:validate: [=======>................] 42000/117064 (35.9%) | 0.4s<0.6s
[progress 2026-04-08 01:08:59] convert_sstk_detr_batch_to_gaic_like:validate: [=======>................] 43000/117064 (36.7%) | 0.4s<0.6s
[progress 2026-04-08 01:08:59] convert_sstk_detr_batch_to_gaic_like:validate: [========>...............] 44000/117064 (37.6%) | 0.4s<0.6s
[progress 2026-04-08 01:08:59] convert_sstk_detr_batch_to_gaic_like:validate: [========>...............] 45000/117064 (38.4%) | 0.4s<0.6s
[progress 2026-04-08 01:08:59] convert_sstk_detr_batch_to_gaic_like:validate: [========>...............] 46000/117064 (39.3%) | 0.4s<0.6s
[progress 2026-04-08 01:08:59] convert_sstk_detr_batch_to_gaic_like:validate: [========>...............] 47000/117064 (40.1%) | 0.4s<0.6s
[progress 2026-04-08 01:08:59] convert_sstk_detr_batch_to_gaic_like:validate: [========>...............] 48000/117064 (41.0%) | 0.4s<0.6s
[progress 2026-04-08 01:08:59] convert_sstk_detr_batch_to_gaic_like:validate: [=========>..............] 49000/117064 (41.9%) | 0.4s<0.6s
[progress 2026-04-08 01:08:59] convert_sstk_detr_batch_to_gaic_like:validate: [=========>..............] 50000/117064 (42.7%) | 0.4s<0.6s
[progress 2026-04-08 01:08:59] convert_sstk_detr_batch_to_gaic_like:validate: [=========>..............] 51000/117064 (43.6%) | 0.4s<0.6s
[progress 2026-04-08 01:08:59] convert_sstk_detr_batch_to_gaic_like:validate: [=========>..............] 52000/117064 (44.4%) | 0.4s<0.6s
[progress 2026-04-08 01:08:59] convert_sstk_detr_batch_to_gaic_like:validate: [=========>..............] 53000/117064 (45.3%) | 0.4s<0.5s
[progress 2026-04-08 01:08:59] convert_sstk_detr_batch_to_gaic_like:validate: [==========>.............] 54000/117064 (46.1%) | 0.5s<0.5s
[progress 2026-04-08 01:08:59] convert_sstk_detr_batch_to_gaic_like:validate: [==========>.............] 55000/117064 (47.0%) | 0.5s<0.5s
[progress 2026-04-08 01:08:59] convert_sstk_detr_batch_to_gaic_like:validate: [==========>.............] 56000/117064 (47.8%) | 0.5s<0.5s
[progress 2026-04-08 01:08:59] convert_sstk_detr_batch_to_gaic_like:validate: [==========>.............] 57000/117064 (48.7%) | 0.5s<0.5s
[progress 2026-04-08 01:08:59] convert_sstk_detr_batch_to_gaic_like:validate: [==========>.............] 58000/117064 (49.5%) | 0.5s<0.5s
[progress 2026-04-08 01:08:59] convert_sstk_detr_batch_to_gaic_like:validate: [===========>............] 59000/117064 (50.4%) | 0.5s<0.5s
[progress 2026-04-08 01:08:59] convert_sstk_detr_batch_to_gaic_like:validate: [===========>............] 60000/117064 (51.3%) | 0.5s<0.5s
[progress 2026-04-08 01:08:59] convert_sstk_detr_batch_to_gaic_like:validate: [===========>............] 61000/117064 (52.1%) | 0.5s<0.5s
[progress 2026-04-08 01:08:59] convert_sstk_detr_batch_to_gaic_like:validate: [===========>............] 62000/117064 (53.0%) | 0.5s<0.5s
[progress 2026-04-08 01:08:59] convert_sstk_detr_batch_to_gaic_like:validate: [===========>............] 63000/117064 (53.8%) | 0.5s<0.5s
[progress 2026-04-08 01:08:59] convert_sstk_detr_batch_to_gaic_like:validate: [============>...........] 64000/117064 (54.7%) | 0.5s<0.4s
[progress 2026-04-08 01:08:59] convert_sstk_detr_batch_to_gaic_like:validate: [============>...........] 65000/117064 (55.5%) | 0.6s<0.4s
[progress 2026-04-08 01:08:59] convert_sstk_detr_batch_to_gaic_like:validate: [============>...........] 66000/117064 (56.4%) | 0.6s<0.4s
[progress 2026-04-08 01:08:59] convert_sstk_detr_batch_to_gaic_like:validate: [============>...........] 67000/117064 (57.2%) | 0.6s<0.4s
[progress 2026-04-08 01:08:59] convert_sstk_detr_batch_to_gaic_like:validate: [============>...........] 68000/117064 (58.1%) | 0.6s<0.4s
[progress 2026-04-08 01:09:00] convert_sstk_detr_batch_to_gaic_like:validate: [=============>..........] 69000/117064 (58.9%) | 0.6s<0.4s
[progress 2026-04-08 01:09:00] convert_sstk_detr_batch_to_gaic_like:validate: [=============>..........] 70000/117064 (59.8%) | 0.6s<0.4s
[progress 2026-04-08 01:09:00] convert_sstk_detr_batch_to_gaic_like:validate: [=============>..........] 71000/117064 (60.7%) | 0.6s<0.4s
[progress 2026-04-08 01:09:00] convert_sstk_detr_batch_to_gaic_like:validate: [=============>..........] 72000/117064 (61.5%) | 0.6s<0.4s
[progress 2026-04-08 01:09:00] convert_sstk_detr_batch_to_gaic_like:validate: [=============>..........] 73000/117064 (62.4%) | 0.6s<0.4s
[progress 2026-04-08 01:09:00] convert_sstk_detr_batch_to_gaic_like:validate: [==============>.........] 74000/117064 (63.2%) | 0.6s<0.4s
[progress 2026-04-08 01:09:00] convert_sstk_detr_batch_to_gaic_like:validate: [==============>.........] 75000/117064 (64.1%) | 0.6s<0.4s
[progress 2026-04-08 01:09:00] convert_sstk_detr_batch_to_gaic_like:validate: [==============>.........] 76000/117064 (64.9%) | 0.6s<0.3s
[progress 2026-04-08 01:09:00] convert_sstk_detr_batch_to_gaic_like:validate: [==============>.........] 77000/117064 (65.8%) | 0.7s<0.3s
[progress 2026-04-08 01:09:00] convert_sstk_detr_batch_to_gaic_like:validate: [==============>.........] 78000/117064 (66.6%) | 0.7s<0.3s
[progress 2026-04-08 01:09:00] convert_sstk_detr_batch_to_gaic_like:validate: [===============>........] 79000/117064 (67.5%) | 0.7s<0.3s
[progress 2026-04-08 01:09:00] convert_sstk_detr_batch_to_gaic_like:validate: [===============>........] 80000/117064 (68.3%) | 0.7s<0.3s
[progress 2026-04-08 01:09:00] convert_sstk_detr_batch_to_gaic_like:validate: [===============>........] 81000/117064 (69.2%) | 0.7s<0.3s
[progress 2026-04-08 01:09:00] convert_sstk_detr_batch_to_gaic_like:validate: [===============>........] 82000/117064 (70.0%) | 0.7s<0.3s
[progress 2026-04-08 01:09:00] convert_sstk_detr_batch_to_gaic_like:validate: [================>.......] 83000/117064 (70.9%) | 0.7s<0.3s
[progress 2026-04-08 01:09:00] convert_sstk_detr_batch_to_gaic_like:validate: [================>.......] 84000/117064 (71.8%) | 0.7s<0.3s
[progress 2026-04-08 01:09:00] convert_sstk_detr_batch_to_gaic_like:validate: [================>.......] 85000/117064 (72.6%) | 0.7s<0.3s
[progress 2026-04-08 01:09:00] convert_sstk_detr_batch_to_gaic_like:validate: [================>.......] 86000/117064 (73.5%) | 0.7s<0.3s
[progress 2026-04-08 01:09:00] convert_sstk_detr_batch_to_gaic_like:validate: [================>.......] 87000/117064 (74.3%) | 0.7s<0.3s
[progress 2026-04-08 01:09:00] convert_sstk_detr_batch_to_gaic_like:validate: [=================>......] 88000/117064 (75.2%) | 0.7s<0.2s
[progress 2026-04-08 01:09:00] convert_sstk_detr_batch_to_gaic_like:validate: [=================>......] 89000/117064 (76.0%) | 0.8s<0.2s
[progress 2026-04-08 01:09:00] convert_sstk_detr_batch_to_gaic_like:validate: [=================>......] 90000/117064 (76.9%) | 0.8s<0.2s
[progress 2026-04-08 01:09:00] convert_sstk_detr_batch_to_gaic_like:validate: [=================>......] 91000/117064 (77.7%) | 0.8s<0.2s
[progress 2026-04-08 01:09:00] convert_sstk_detr_batch_to_gaic_like:validate: [=================>......] 92000/117064 (78.6%) | 0.8s<0.2s
[progress 2026-04-08 01:09:00] convert_sstk_detr_batch_to_gaic_like:validate: [==================>.....] 93000/117064 (79.4%) | 0.8s<0.2s
[progress 2026-04-08 01:09:00] convert_sstk_detr_batch_to_gaic_like:validate: [==================>.....] 94000/117064 (80.3%) | 0.8s<0.2s
[progress 2026-04-08 01:09:00] convert_sstk_detr_batch_to_gaic_like:validate: [==================>.....] 95000/117064 (81.2%) | 0.8s<0.2s
[progress 2026-04-08 01:09:00] convert_sstk_detr_batch_to_gaic_like:validate: [==================>.....] 96000/117064 (82.0%) | 0.8s<0.2s
[progress 2026-04-08 01:09:00] convert_sstk_detr_batch_to_gaic_like:validate: [==================>.....] 97000/117064 (82.9%) | 0.8s<0.2s
[progress 2026-04-08 01:09:00] convert_sstk_detr_batch_to_gaic_like:validate: [===================>....] 98000/117064 (83.7%) | 0.8s<0.2s
[progress 2026-04-08 01:09:00] convert_sstk_detr_batch_to_gaic_like:validate: [===================>....] 99000/117064 (84.6%) | 0.8s<0.2s
[progress 2026-04-08 01:09:00] convert_sstk_detr_batch_to_gaic_like:validate: [===================>....] 100000/117064 (85.4%) | 0.8s<0.1s
[progress 2026-04-08 01:09:00] convert_sstk_detr_batch_to_gaic_like:validate: [===================>....] 101000/117064 (86.3%) | 0.9s<0.1s
[progress 2026-04-08 01:09:00] convert_sstk_detr_batch_to_gaic_like:validate: [===================>....] 102000/117064 (87.1%) | 0.9s<0.1s
[progress 2026-04-08 01:09:00] convert_sstk_detr_batch_to_gaic_like:validate: [====================>...] 103000/117064 (88.0%) | 0.9s<0.1s
[progress 2026-04-08 01:09:00] convert_sstk_detr_batch_to_gaic_like:validate: [====================>...] 104000/117064 (88.8%) | 0.9s<0.1s
[progress 2026-04-08 01:09:00] convert_sstk_detr_batch_to_gaic_like:validate: [====================>...] 105000/117064 (89.7%) | 0.9s<0.1s
[progress 2026-04-08 01:09:00] convert_sstk_detr_batch_to_gaic_like:validate: [====================>...] 106000/117064 (90.5%) | 0.9s<0.1s
[progress 2026-04-08 01:09:00] convert_sstk_detr_batch_to_gaic_like:validate: [====================>...] 107000/117064 (91.4%) | 0.9s<0.1s
[progress 2026-04-08 01:09:00] convert_sstk_detr_batch_to_gaic_like:validate: [=====================>..] 108000/117064 (92.3%) | 0.9s<0.1s
[progress 2026-04-08 01:09:00] convert_sstk_detr_batch_to_gaic_like:validate: [=====================>..] 109000/117064 (93.1%) | 0.9s<0.1s
[progress 2026-04-08 01:09:00] convert_sstk_detr_batch_to_gaic_like:validate: [=====================>..] 110000/117064 (94.0%) | 0.9s<0.1s
[progress 2026-04-08 01:09:00] convert_sstk_detr_batch_to_gaic_like:validate: [=====================>..] 111000/117064 (94.8%) | 0.9s<0.1s
[progress 2026-04-08 01:09:00] convert_sstk_detr_batch_to_gaic_like:validate: [=====================>..] 112000/117064 (95.7%) | 1.0s<0.0s
[progress 2026-04-08 01:09:00] convert_sstk_detr_batch_to_gaic_like:validate: [======================>.] 113000/117064 (96.5%) | 1.0s<0.0s
[progress 2026-04-08 01:09:00] convert_sstk_detr_batch_to_gaic_like:validate: [======================>.] 114000/117064 (97.4%) | 1.0s<0.0s
[progress 2026-04-08 01:09:00] convert_sstk_detr_batch_to_gaic_like:validate: [======================>.] 115000/117064 (98.2%) | 1.0s<0.0s
[progress 2026-04-08 01:09:00] convert_sstk_detr_batch_to_gaic_like:validate: [======================>.] 116000/117064 (99.1%) | 1.0s<0.0s
[progress 2026-04-08 01:09:00] convert_sstk_detr_batch_to_gaic_like:validate: [======================>.] 117000/117064 (99.9%) | 1.0s<0.0s
[progress 2026-04-08 01:09:00] convert_sstk_detr_batch_to_gaic_like:validate: [========================] 117064/117064 (100.0%) | 1.0s
[progress 2026-04-08 01:09:00] convert_sstk_detr_batch_to_gaic_like:validate: [========================] 117064/117064 (100.0%) | 1.0s | errors=0 warnings=0
[progress 2026-04-08 01:09:01] convert_sstk_detr_batch_to_gaic_like:validate: start total=14939 unit=annotations
[progress 2026-04-08 01:09:01] convert_sstk_detr_batch_to_gaic_like:validate: [>.......................] 1000/14939 (6.7%) | 0.0s<0.1s
[progress 2026-04-08 01:09:01] convert_sstk_detr_batch_to_gaic_like:validate: [==>.....................] 2000/14939 (13.4%) | 0.0s<0.1s
[progress 2026-04-08 01:09:01] convert_sstk_detr_batch_to_gaic_like:validate: [===>....................] 3000/14939 (20.1%) | 0.0s<0.1s
[progress 2026-04-08 01:09:01] convert_sstk_detr_batch_to_gaic_like:validate: [=====>..................] 4000/14939 (26.8%) | 0.0s<0.1s
[progress 2026-04-08 01:09:01] convert_sstk_detr_batch_to_gaic_like:validate: [=======>................] 5000/14939 (33.5%) | 0.0s<0.1s
[progress 2026-04-08 01:09:01] convert_sstk_detr_batch_to_gaic_like:validate: [========>...............] 6000/14939 (40.2%) | 0.0s<0.1s
[progress 2026-04-08 01:09:01] convert_sstk_detr_batch_to_gaic_like:validate: [==========>.............] 7000/14939 (46.9%) | 0.1s<0.1s
[progress 2026-04-08 01:09:01] convert_sstk_detr_batch_to_gaic_like:validate: [===========>............] 8000/14939 (53.6%) | 0.1s<0.1s
[progress 2026-04-08 01:09:01] convert_sstk_detr_batch_to_gaic_like:validate: [=============>..........] 9000/14939 (60.2%) | 0.1s<0.0s
[progress 2026-04-08 01:09:01] convert_sstk_detr_batch_to_gaic_like:validate: [===============>........] 10000/14939 (66.9%) | 0.1s<0.0s
[progress 2026-04-08 01:09:01] convert_sstk_detr_batch_to_gaic_like:validate: [================>.......] 11000/14939 (73.6%) | 0.1s<0.0s
[progress 2026-04-08 01:09:01] convert_sstk_detr_batch_to_gaic_like:validate: [==================>.....] 12000/14939 (80.3%) | 0.1s<0.0s
[progress 2026-04-08 01:09:01] convert_sstk_detr_batch_to_gaic_like:validate: [===================>....] 13000/14939 (87.0%) | 0.1s<0.0s
[progress 2026-04-08 01:09:01] convert_sstk_detr_batch_to_gaic_like:validate: [=====================>..] 14000/14939 (93.7%) | 0.1s<0.0s
[progress 2026-04-08 01:09:01] convert_sstk_detr_batch_to_gaic_like:validate: [========================] 14939/14939 (100.0%) | 0.1s
[progress 2026-04-08 01:09:01] convert_sstk_detr_batch_to_gaic_like:validate: [========================] 14939/14939 (100.0%) | 0.1s | errors=0 warnings=0
[progress 2026-04-08 01:09:02] convert_sstk_detr_batch_to_gaic_like:validate: start total=32679 unit=annotations
[progress 2026-04-08 01:09:02] convert_sstk_detr_batch_to_gaic_like:validate: [........................] 1000/32679 (3.1%) | 0.0s<0.3s
[progress 2026-04-08 01:09:02] convert_sstk_detr_batch_to_gaic_like:validate: [>.......................] 2000/32679 (6.1%) | 0.0s<0.3s
[progress 2026-04-08 01:09:02] convert_sstk_detr_batch_to_gaic_like:validate: [=>......................] 3000/32679 (9.2%) | 0.0s<0.3s
[progress 2026-04-08 01:09:02] convert_sstk_detr_batch_to_gaic_like:validate: [=>......................] 4000/32679 (12.2%) | 0.0s<0.2s
[progress 2026-04-08 01:09:02] convert_sstk_detr_batch_to_gaic_like:validate: [==>.....................] 5000/32679 (15.3%) | 0.0s<0.2s
[progress 2026-04-08 01:09:02] convert_sstk_detr_batch_to_gaic_like:validate: [===>....................] 6000/32679 (18.4%) | 0.1s<0.2s
[progress 2026-04-08 01:09:02] convert_sstk_detr_batch_to_gaic_like:validate: [====>...................] 7000/32679 (21.4%) | 0.1s<0.2s
[progress 2026-04-08 01:09:02] convert_sstk_detr_batch_to_gaic_like:validate: [====>...................] 8000/32679 (24.5%) | 0.1s<0.2s
[progress 2026-04-08 01:09:02] convert_sstk_detr_batch_to_gaic_like:validate: [=====>..................] 9000/32679 (27.5%) | 0.1s<0.2s
[progress 2026-04-08 01:09:02] convert_sstk_detr_batch_to_gaic_like:validate: [======>.................] 10000/32679 (30.6%) | 0.1s<0.2s
[progress 2026-04-08 01:09:02] convert_sstk_detr_batch_to_gaic_like:validate: [=======>................] 11000/32679 (33.7%) | 0.1s<0.2s
[progress 2026-04-08 01:09:02] convert_sstk_detr_batch_to_gaic_like:validate: [=======>................] 12000/32679 (36.7%) | 0.1s<0.2s
[progress 2026-04-08 01:09:02] convert_sstk_detr_batch_to_gaic_like:validate: [========>...............] 13000/32679 (39.8%) | 0.1s<0.2s
[progress 2026-04-08 01:09:02] convert_sstk_detr_batch_to_gaic_like:validate: [=========>..............] 14000/32679 (42.8%) | 0.1s<0.2s
[progress 2026-04-08 01:09:02] convert_sstk_detr_batch_to_gaic_like:validate: [==========>.............] 15000/32679 (45.9%) | 0.1s<0.2s
[progress 2026-04-08 01:09:02] convert_sstk_detr_batch_to_gaic_like:validate: [==========>.............] 16000/32679 (49.0%) | 0.1s<0.1s
[progress 2026-04-08 01:09:02] convert_sstk_detr_batch_to_gaic_like:validate: [===========>............] 17000/32679 (52.0%) | 0.1s<0.1s
[progress 2026-04-08 01:09:02] convert_sstk_detr_batch_to_gaic_like:validate: [============>...........] 18000/32679 (55.1%) | 0.2s<0.1s
[progress 2026-04-08 01:09:02] convert_sstk_detr_batch_to_gaic_like:validate: [============>...........] 19000/32679 (58.1%) | 0.2s<0.1s
[progress 2026-04-08 01:09:02] convert_sstk_detr_batch_to_gaic_like:validate: [=============>..........] 20000/32679 (61.2%) | 0.2s<0.1s
[progress 2026-04-08 01:09:02] convert_sstk_detr_batch_to_gaic_like:validate: [==============>.........] 21000/32679 (64.3%) | 0.2s<0.1s
[progress 2026-04-08 01:09:02] convert_sstk_detr_batch_to_gaic_like:validate: [===============>........] 22000/32679 (67.3%) | 0.2s<0.1s
[progress 2026-04-08 01:09:02] convert_sstk_detr_batch_to_gaic_like:validate: [===============>........] 23000/32679 (70.4%) | 0.2s<0.1s
[progress 2026-04-08 01:09:02] convert_sstk_detr_batch_to_gaic_like:validate: [================>.......] 24000/32679 (73.4%) | 0.2s<0.1s
[progress 2026-04-08 01:09:02] convert_sstk_detr_batch_to_gaic_like:validate: [=================>......] 25000/32679 (76.5%) | 0.2s<0.1s
[progress 2026-04-08 01:09:02] convert_sstk_detr_batch_to_gaic_like:validate: [==================>.....] 26000/32679 (79.6%) | 0.2s<0.1s
[progress 2026-04-08 01:09:02] convert_sstk_detr_batch_to_gaic_like:validate: [==================>.....] 27000/32679 (82.6%) | 0.2s<0.0s
[progress 2026-04-08 01:09:02] convert_sstk_detr_batch_to_gaic_like:validate: [===================>....] 28000/32679 (85.7%) | 0.2s<0.0s
[progress 2026-04-08 01:09:02] convert_sstk_detr_batch_to_gaic_like:validate: [====================>...] 29000/32679 (88.7%) | 0.2s<0.0s
[progress 2026-04-08 01:09:02] convert_sstk_detr_batch_to_gaic_like:validate: [=====================>..] 30000/32679 (91.8%) | 0.3s<0.0s
[progress 2026-04-08 01:09:02] convert_sstk_detr_batch_to_gaic_like:validate: [=====================>..] 31000/32679 (94.9%) | 0.3s<0.0s
[progress 2026-04-08 01:09:02] convert_sstk_detr_batch_to_gaic_like:validate: [======================>.] 32000/32679 (97.9%) | 0.3s<0.0s
[progress 2026-04-08 01:09:02] convert_sstk_detr_batch_to_gaic_like:validate: [========================] 32679/32679 (100.0%) | 0.3s
[progress 2026-04-08 01:09:02] convert_sstk_detr_batch_to_gaic_like:validate: [========================] 32679/32679 (100.0%) | 0.3s | errors=0 warnings=0
[progress 2026-04-08 01:09:02] convert_sstk_detr_batch_to_gaic_like: finished | images=6839 | annotations=164682
{
  "out_json": "data/GAIC/All/artifacts/training_labels/gaic_full_260406_v1_leftover_ignore_monotonic/coco/instances_conditional_detr_batch_gaic_like.json",
  "out_summary_json": "data/GAIC/All/artifacts/training_labels/gaic_full_260406_v1_leftover_ignore_monotonic/coco/gaic_like_conversion_summary.json",
  "out_guide_md": "data/GAIC/All/artifacts/training_labels/gaic_full_260406_v1_leftover_ignore_monotonic/coco/GAIC_INSTANCES_TRAIN_FORMAT_KO.md",
  "validation": {
    "status": "ok",
    "image_count": 6839,
    "annotation_count": 164682,
    "gt_annotation_count": 15295,
    "negative_annotation_count": 149387,
    "subject_mode_id_counts": {
      "0": 3275,
      "1": 8506,
      "2": 35405,
      "3": 25437,
      "4": 26749,
      "5": 64946,
      "6": 364
    },
    "decision_id_counts": {
      "0": 31,
      "1": 104875,
      "2": 59776
    },
    "label_type_counts": {
      "matching_target": 15295,
      "near_negative": 64252,
      "negative": 85135
    },
    "score_range": {
      "min": 0.002472623,
      "max": 0.997527377
    },
    "error_count": 0,
    "warning_count": 0,
    "errors": [],
    "warnings": []
  },
  "split_exports": {
    "enabled": true,
    "outputs": {
      "train": "data/GAIC/All/artifacts/training_labels/gaic_full_260406_v1_leftover_ignore_monotonic/coco/instances_conditional_detr_batch_gaic_like_train.json",
      "test": "data/GAIC/All/artifacts/training_labels/gaic_full_260406_v1_leftover_ignore_monotonic/coco/instances_conditional_detr_batch_gaic_like_test.json",
      "unassigned": "data/GAIC/All/artifacts/training_labels/gaic_full_260406_v1_leftover_ignore_monotonic/coco/instances_conditional_detr_batch_gaic_like_unassigned.json"
    },
    "image_counts": {
      "train": 4862,
      "test": 635,
      "unassigned": 1342
    },
    "annotation_counts": {
      "train": 117064,
      "test": 14939,
      "unassigned": 32679
    },
    "validation": {
      "train": {
        "status": "ok",
        "image_count": 4862,
        "annotation_count": 117064,
        "gt_annotation_count": 11062,
        "negative_annotation_count": 106002,
        "subject_mode_id_counts": {
          "0": 2791,
          "1": 5623,
          "2": 22296,
          "3": 18836,
          "4": 20188,
          "5": 46968,
          "6": 362
        },
        "decision_id_counts": {
          "0": 18,
          "1": 74824,
          "2": 42222
        },
        "label_type_counts": {
          "matching_target": 11062,
          "near_negative": 45861,
          "negative": 60141
        },
        "score_range": {
          "min": 0.002472623,
          "max": 0.997527377
        },
        "error_count": 0,
        "warning_count": 0,
        "errors": [],
        "warnings": []
      },
      "test": {
        "status": "ok",
        "image_count": 635,
        "annotation_count": 14939,
        "gt_annotation_count": 1394,
        "negative_annotation_count": 13545,
        "subject_mode_id_counts": {
          "0": 156,
          "1": 1107,
          "2": 2617,
          "3": 3140,
          "4": 2395,
          "5": 5524
        },
        "decision_id_counts": {
          "0": 5,
          "1": 9589,
          "2": 5345
        },
        "label_type_counts": {
          "matching_target": 1394,
          "near_negative": 6031,
          "negative": 7514
        },
        "score_range": {
          "min": 0.002472623,
          "max": 0.997527377
        },
        "error_count": 0,
        "warning_count": 0,
        "errors": [],
        "warnings": []
      },
      "unassigned": {
        "status": "ok",
        "image_count": 1342,
        "annotation_count": 32679,
        "gt_annotation_count": 2839,
        "negative_annotation_count": 29840,
        "subject_mode_id_counts": {
          "0": 328,
          "1": 1776,
          "2": 10492,
          "3": 3461,
          "4": 4166,
          "5": 12454,
          "6": 2
        },
        "decision_id_counts": {
          "0": 8,
          "1": 20462,
          "2": 12209
        },
        "label_type_counts": {
          "matching_target": 2839,
          "near_negative": 12360,
          "negative": 17480
        },
        "score_range": {
          "min": 0.002472623,
          "max": 0.997527377
        },
        "error_count": 0,
        "warning_count": 0,
        "errors": [],
        "warnings": []
      }
    },
    "reference_paths": {
      "train": "/group-volume/users/jaden.ju/Sources/ImageCropping/data/Publics/GAIC/annotations_json/instances_train.json",
      "test": "/group-volume/users/jaden.ju/Sources/ImageCropping/data/Publics/GAIC/annotations_json/instances_test.json"
    }
  }
}
[progress 2026-04-08 01:09:07] validate_gaic_e2e_outputs: start | manifest_parquet=/group-volume/users/jaden.ju/Sources/ImageCropping/data/GAIC/All/filtered_gaic_all.parquet | summary_json=/group-volume/users/jaden.ju/Sources/ImageCropping/data/GAIC/All/artifacts/validation/gaic_e2e_validation_gaic_full_260406_v1.json
[progress 2026-04-08 01:09:07] validate_gaic_e2e_outputs: load prepare summary gaic_prepare_summary.json
[progress 2026-04-08 01:09:08] validate_gaic_e2e_outputs:read_jsonl:feats_c2c3c5_v2_strict_raw.jsonl: start total=1236 unit=rows
[progress 2026-04-08 01:09:09] validate_gaic_e2e_outputs:read_jsonl:feats_c2c3c5_v2_strict_raw.jsonl: [==================>.....] 1000/1236 (80.9%) | 0.7s<0.2s
[progress 2026-04-08 01:09:09] validate_gaic_e2e_outputs:read_jsonl:feats_c2c3c5_v2_strict_raw.jsonl: [========================] 1236/1236 (100.0%) | 0.9s
[progress 2026-04-08 01:09:09] validate_gaic_e2e_outputs:read_jsonl:feats_c2c3c5_v2_strict_raw.jsonl: [========================] 1236/1236 (100.0%) | 0.9s | path=feats_c2c3c5_v2_strict_raw.jsonl
[progress 2026-04-08 01:09:09] validate_gaic_e2e_outputs:read_jsonl:feats_c2c3c5_v2_strict_enriched_routed_c7_saliency.jsonl: start total=1236 unit=rows
[progress 2026-04-08 01:09:10] validate_gaic_e2e_outputs:read_jsonl:feats_c2c3c5_v2_strict_enriched_routed_c7_saliency.jsonl: [==================>.....] 1000/1236 (80.9%) | 0.9s<0.2s
[progress 2026-04-08 01:09:11] validate_gaic_e2e_outputs:read_jsonl:feats_c2c3c5_v2_strict_enriched_routed_c7_saliency.jsonl: [========================] 1236/1236 (100.0%) | 1.2s
[progress 2026-04-08 01:09:11] validate_gaic_e2e_outputs:read_jsonl:feats_c2c3c5_v2_strict_enriched_routed_c7_saliency.jsonl: [========================] 1236/1236 (100.0%) | 1.2s | path=feats_c2c3c5_v2_strict_enriched_routed_c7_saliency.jsonl
[progress 2026-04-08 01:09:14] validate_gaic_e2e_outputs:read_jsonl:candidates_ar_gaic_full_260406_v1.jsonl: start total=1236 unit=rows
[progress 2026-04-08 01:09:24] validate_gaic_e2e_outputs:read_jsonl:candidates_ar_gaic_full_260406_v1.jsonl: [===========>............] 621/1236 (50.2%) | 10.0s<9.9s
[progress 2026-04-08 01:09:33] validate_gaic_e2e_outputs:read_jsonl:candidates_ar_gaic_full_260406_v1.jsonl: [========================] 1236/1236 (100.0%) | 19.7s
[progress 2026-04-08 01:09:33] validate_gaic_e2e_outputs:read_jsonl:candidates_ar_gaic_full_260406_v1.jsonl: [========================] 1236/1236 (100.0%) | 19.7s | path=candidates_ar_gaic_full_260406_v1.jsonl
[progress 2026-04-08 01:09:40] validate_gaic_e2e_outputs:read_jsonl:teacher_scores_ar_gaic_full_260406_v1.jsonl: start total=1236 unit=rows
[progress 2026-04-08 01:09:50] validate_gaic_e2e_outputs:read_jsonl:teacher_scores_ar_gaic_full_260406_v1.jsonl: [>.......................] 75/1236 (6.1%) | 10.0s<2m35s
[progress 2026-04-08 01:10:02] validate_gaic_e2e_outputs:read_jsonl:teacher_scores_ar_gaic_full_260406_v1.jsonl: [==>.....................] 161/1236 (13.0%) | 22.6s<2m31s
[progress 2026-04-08 01:10:13] validate_gaic_e2e_outputs:read_jsonl:teacher_scores_ar_gaic_full_260406_v1.jsonl: [====>...................] 258/1236 (20.9%) | 32.7s<2m04s
[progress 2026-04-08 01:10:25] validate_gaic_e2e_outputs:read_jsonl:teacher_scores_ar_gaic_full_260406_v1.jsonl: [=====>..................] 333/1236 (26.9%) | 45.5s<2m03s
[progress 2026-04-08 01:10:35] validate_gaic_e2e_outputs:read_jsonl:teacher_scores_ar_gaic_full_260406_v1.jsonl: [=======>................] 433/1236 (35.0%) | 55.6s<1m43s
[progress 2026-04-08 01:10:45] validate_gaic_e2e_outputs:read_jsonl:teacher_scores_ar_gaic_full_260406_v1.jsonl: [=========>..............] 533/1236 (43.1%) | 1m06s<1m27s
[progress 2026-04-08 01:10:55] validate_gaic_e2e_outputs:read_jsonl:teacher_scores_ar_gaic_full_260406_v1.jsonl: [=========>..............] 562/1236 (45.5%) | 1m16s<1m31s
[progress 2026-04-08 01:11:06] validate_gaic_e2e_outputs:read_jsonl:teacher_scores_ar_gaic_full_260406_v1.jsonl: [===========>............] 662/1236 (53.6%) | 1m26s<1m14s
[progress 2026-04-08 01:11:16] validate_gaic_e2e_outputs:read_jsonl:teacher_scores_ar_gaic_full_260406_v1.jsonl: [=============>..........] 757/1236 (61.2%) | 1m36s<1m01s
[progress 2026-04-08 01:11:32] validate_gaic_e2e_outputs:read_jsonl:teacher_scores_ar_gaic_full_260406_v1.jsonl: [==============>.........] 823/1236 (66.6%) | 1m52s<56.3s
[progress 2026-04-08 01:11:42] validate_gaic_e2e_outputs:read_jsonl:teacher_scores_ar_gaic_full_260406_v1.jsonl: [================>.......] 919/1236 (74.4%) | 2m02s<42.2s
[progress 2026-04-08 01:11:52] validate_gaic_e2e_outputs:read_jsonl:teacher_scores_ar_gaic_full_260406_v1.jsonl: [==================>.....] 1015/1236 (82.1%) | 2m12s<28.8s
[progress 2026-04-08 01:12:02] validate_gaic_e2e_outputs:read_jsonl:teacher_scores_ar_gaic_full_260406_v1.jsonl: [====================>...] 1112/1236 (90.0%) | 2m22s<15.9s
[progress 2026-04-08 01:12:20] validate_gaic_e2e_outputs:read_jsonl:teacher_scores_ar_gaic_full_260406_v1.jsonl: [=====================>..] 1158/1236 (93.7%) | 2m40s<10.8s
[progress 2026-04-08 01:12:28] validate_gaic_e2e_outputs:read_jsonl:teacher_scores_ar_gaic_full_260406_v1.jsonl: [========================] 1236/1236 (100.0%) | 2m48s
[progress 2026-04-08 01:12:28] validate_gaic_e2e_outputs:read_jsonl:teacher_scores_ar_gaic_full_260406_v1.jsonl: [========================] 1236/1236 (100.0%) | 2m48s | path=teacher_scores_ar_gaic_full_260406_v1.jsonl
[progress 2026-04-08 01:12:28] validate_gaic_e2e_outputs: finished | status=ok | errors=0 | warnings=0
{
  "status": "ok",
  "manifest_rows": 1236,
  "precompute_rows": 1236,
  "errors": [],
  "warnings": [],
  "sections": {
    "manifest": {
      "rows": 1236,
      "unique_image_ids": 1236,
      "split_counts": {
        "test": 200,
        "train": 1036
      }
    },
    "prepare_summary": {
      "status": "ok",
      "image_root": "/group-volume/users/jaden.ju/Sources/ImageCropping/data/Publics/GAIC/images",
      "output_parquet": "/group-volume/users/jaden.ju/Sources/ImageCropping/data/GAIC/All/filtered_gaic_all.parquet",
      "flat_image_dir": "/group-volume/users/jaden.ju/Sources/ImageCropping/data/GAIC/All/images",
      "bucket": "gaic_all",
      "link_mode": "symlink",
      "num_workers": 255,
      "pseudo_tar_chunk_size": 256,
      "max_images": 0,
      "num_images_scanned_total": 1236,
      "num_images_prepared": 1236,
      "split_counts": {
        "test": 200,
        "train": 1036
      },
      "extension_counts": {
        ".jpg": 1236
      },
      "link_counts": {
        "existing_match": 1236
      },
      "pseudo_tar_groups": 5,
      "largest_pseudo_tar_group": 256,
      "caption_jsonl": "/group-volume/users/jaden.ju/Sources/ImageCropping/data/GAIC/All/artifacts/metadata/gaic_captions_gaic_full_260406_v1.jsonl",
      "caption_rows_available": 1236,
      "caption_rows_applied": 1236,
      "reference": {
        "generated": true,
        "path": "/group-volume/users/jaden.ju/Sources/ImageCropping/data/GAIC/All/gaic_reference_available.json",
        "image_count": 1236,
        "annotation_count": 86098,
        "source_annotation_jsons": [
          "/group-volume/users/jaden.ju/Sources/ImageCropping/data/Publics/GAIC/annotations_json/instances_train.json",
          "/group-volume/users/jaden.ju/Sources/ImageCropping/data/Publics/GAIC/annotations_json/instances_test.json"
        ],
        "source_stats": {
          "instances_train.json": {
            "images_in_json": 1939,
            "annotations_in_json": 167853,
            "matched_available_images": 877
          },
          "instances_test.json": {
            "images_in_json": 349,
            "annotations_in_json": 30253,
            "matched_available_images": 118
          }
        }
      }
    },
    "precompute": {
      "path": "/group-volume/users/jaden.ju/Sources/ImageCropping/data/GAIC/All/artifacts/precompute/feats_c2c3c5_v2_strict_raw.jsonl",
      "rows": 1236,
      "has_c2_seg_rows": 1236,
      "has_c3_pose_rows": 1236,
      "has_c4_ocr_rows": 1236,
      "has_c5_geom_rows": 1236,
      "unique_image_ids": 1236
    },
    "routed": {
      "path": "/group-volume/users/jaden.ju/Sources/ImageCropping/data/GAIC/All/artifacts/precompute/feats_c2c3c5_v2_strict_enriched_routed_c7_saliency.jsonl",
      "rows": 1236,
      "routing_rows": 1236,
      "unique_image_ids": 1236
    },
    "candidates": {
      "path": "/group-volume/users/jaden.ju/Sources/ImageCropping/data/GAIC/All/artifacts/candidates/candidates_ar_gaic_full_260406_v1.jsonl",
      "rows": 1236,
      "unique_image_ids": 1236,
      "subset_of_manifest": true
    },
    "teacher": {
      "path": "/group-volume/users/jaden.ju/Sources/ImageCropping/data/GAIC/All/artifacts/teacher/scores/teacher_scores_ar_gaic_full_260406_v1.jsonl",
      "rows": 1236,
      "unique_image_ids": 1236,
      "expected_vlm_tasks_all_ar": 7416
    },
    "training_validation": {
      "status": "ok",
      "error_count": 0,
      "warning_count": 0,
      "errors": [],
      "warnings": [],
      "counts": {
        "conditional_detr_canonical": 6839,
        "conditional_detr_batch": 6839,
        "conditional_detr_skipped": 577
      }
    },
    "training_gaic_like": {
      "out_json": "data/GAIC/All/artifacts/training_labels/gaic_full_260406_v1_leftover_ignore_monotonic/coco/instances_conditional_detr_batch_gaic_like.json",
      "source_batch_jsonl": "data/GAIC/All/artifacts/training_labels/gaic_full_260406_v1_leftover_ignore_monotonic/train_conditional_detr_batch.jsonl",
      "gaic_reference_json": "data/GAIC/All/gaic_reference_available.json",
      "sstk_meta": {
        "safe_leftover_policies": [
          "ignore"
        ],
        "split_image_counts": {
          "test": 635,
          "train": 4862,
          "unassigned": 1342
        },
        "split_annotation_counts": {
          "test": 14939,
          "train": 117064,
          "unassigned": 32679
        }
      },
      "validation": {
        "status": "ok",
        "image_count": 6839,
        "annotation_count": 164682,
        "gt_annotation_count": 15295,
        "negative_annotation_count": 149387,
        "subject_mode_id_counts": {
          "0": 3275,
          "1": 8506,
          "2": 35405,
          "3": 25437,
          "4": 26749,
          "5": 64946,
          "6": 364
        },
        "decision_id_counts": {
          "0": 31,
          "1": 104875,
          "2": 59776
        },
        "label_type_counts": {
          "matching_target": 15295,
          "near_negative": 64252,
          "negative": 85135
        },
        "score_range": {
          "min": 0.002472623,
          "max": 0.997527377
        },
        "error_count": 0,
        "warning_count": 0,
        "errors": [],
        "warnings": []
      },
      "split_exports": {
        "enabled": true,
        "outputs": {
          "train": "data/GAIC/All/artifacts/training_labels/gaic_full_260406_v1_leftover_ignore_monotonic/coco/instances_conditional_detr_batch_gaic_like_train.json",
          "test": "data/GAIC/All/artifacts/training_labels/gaic_full_260406_v1_leftover_ignore_monotonic/coco/instances_conditional_detr_batch_gaic_like_test.json",
          "unassigned": "data/GAIC/All/artifacts/training_labels/gaic_full_260406_v1_leftover_ignore_monotonic/coco/instances_conditional_detr_batch_gaic_like_unassigned.json"
        },
        "image_counts": {
          "train": 4862,
          "test": 635,
          "unassigned": 1342
        },
        "annotation_counts": {
          "train": 117064,
          "test": 14939,
          "unassigned": 32679
        },
        "validation": {
          "train": {
            "status": "ok",
            "image_count": 4862,
            "annotation_count": 117064,
            "gt_annotation_count": 11062,
            "negative_annotation_count": 106002,
            "subject_mode_id_counts": {
              "0": 2791,
              "1": 5623,
              "2": 22296,
              "3": 18836,
              "4": 20188,
              "5": 46968,
              "6": 362
            },
            "decision_id_counts": {
              "0": 18,
              "1": 74824,
              "2": 42222
            },
            "label_type_counts": {
              "matching_target": 11062,
              "near_negative": 45861,
              "negative": 60141
            },
            "score_range": {
              "min": 0.002472623,
              "max": 0.997527377
            },
            "error_count": 0,
            "warning_count": 0,
            "errors": [],
            "warnings": []
          },
          "test": {
            "status": "ok",
            "image_count": 635,
            "annotation_count": 14939,
            "gt_annotation_count": 1394,
            "negative_annotation_count": 13545,
            "subject_mode_id_counts": {
              "0": 156,
              "1": 1107,
              "2": 2617,
              "3": 3140,
              "4": 2395,
              "5": 5524
            },
            "decision_id_counts": {
              "0": 5,
              "1": 9589,
              "2": 5345
            },
            "label_type_counts": {
              "matching_target": 1394,
              "near_negative": 6031,
              "negative": 7514
            },
            "score_range": {
              "min": 0.002472623,
              "max": 0.997527377
            },
            "error_count": 0,
            "warning_count": 0,
            "errors": [],
            "warnings": []
          },
          "unassigned": {
            "status": "ok",
            "image_count": 1342,
            "annotation_count": 32679,
            "gt_annotation_count": 2839,
            "negative_annotation_count": 29840,
            "subject_mode_id_counts": {
              "0": 328,
              "1": 1776,
              "2": 10492,
              "3": 3461,
              "4": 4166,
              "5": 12454,
              "6": 2
            },
            "decision_id_counts": {
              "0": 8,
              "1": 20462,
              "2": 12209
            },
            "label_type_counts": {
              "matching_target": 2839,
              "near_negative": 12360,
              "negative": 17480
            },
            "score_range": {
              "min": 0.002472623,
              "max": 0.997527377
            },
            "error_count": 0,
            "warning_count": 0,
            "errors": [],
            "warnings": []
          }
        },
        "reference_paths": {
          "train": "/group-volume/users/jaden.ju/Sources/ImageCropping/data/Publics/GAIC/annotations_json/instances_train.json",
          "test": "/group-volume/users/jaden.ju/Sources/ImageCropping/data/Publics/GAIC/annotations_json/instances_test.json"
        }
      }
    }
  }
}
[run] GAIC benchmark eval -> data/GAIC/All/artifacts/reports/gaic_benchmark_eval_gaic_full_260406_v1
[expensive] align model: ViT-H-14/laion2b_s32b_b79k on cuda (text_dim=1024)
[expensive] NIMA checkpoint variant=gap
[expensive] aesthetic backend: requested=hybrid effective=hybrid nima_ready=True(ckpt_loaded=True) laion_ready=True laion_prior_w=0.150
{
  "status": "ok",
  "summary_json": "/group-volume/users/jaden.ju/Sources/ImageCropping/data/GAIC/All/artifacts/reports/gaic_benchmark_eval_gaic_full_260406_v1/benchmark_summary.json",
  "report_md": "/group-volume/users/jaden.ju/Sources/ImageCropping/data/GAIC/All/artifacts/reports/gaic_benchmark_eval_gaic_full_260406_v1/GAIC_BENCHMARK_EVAL_REPORT_KO.md",
  "candidate_eval_jsonl": "/group-volume/users/jaden.ju/Sources/ImageCropping/data/GAIC/All/artifacts/reports/gaic_benchmark_eval_gaic_full_260406_v1/candidate_eval_rows.jsonl",
  "ge_full_topk_jsonl": "/group-volume/users/jaden.ju/Sources/ImageCropping/data/GAIC/All/artifacts/reports/gaic_benchmark_eval_gaic_full_260406_v1/ge_full_candidates_topk.jsonl",
  "per_image_csv": "/group-volume/users/jaden.ju/Sources/ImageCropping/data/GAIC/All/artifacts/reports/gaic_benchmark_eval_gaic_full_260406_v1/per_image_metrics.csv",
  "sample_count": 16,
  "overlap_image_count": 995
}
[run] GAIC saliency/subject-region A/B -> gaic_eval_gaic_full_260406_v1
[multi] c7 saliency shard mode enabled: gpu_ids=0,1,2,3 workers=4
[multi] launch shard=0/4 gpu=0 -> /group-volume/users/jaden.ju/Sources/ImageCropping/data/GAIC/All/artifacts/precompute/feats_c2c3c5_v2_strict_enriched_gaic_eval_gaic_full_260406_v1_saliency.jsonl.shards.3149/c7_saliency_shard_0.jsonl
[multi] launch shard=1/4 gpu=1 -> /group-volume/users/jaden.ju/Sources/ImageCropping/data/GAIC/All/artifacts/precompute/feats_c2c3c5_v2_strict_enriched_gaic_eval_gaic_full_260406_v1_saliency.jsonl.shards.3149/c7_saliency_shard_1.jsonl
[multi] launch shard=2/4 gpu=2 -> /group-volume/users/jaden.ju/Sources/ImageCropping/data/GAIC/All/artifacts/precompute/feats_c2c3c5_v2_strict_enriched_gaic_eval_gaic_full_260406_v1_saliency.jsonl.shards.3149/c7_saliency_shard_2.jsonl
[multi] launch shard=3/4 gpu=3 -> /group-volume/users/jaden.ju/Sources/ImageCropping/data/GAIC/All/artifacts/precompute/feats_c2c3c5_v2_strict_enriched_gaic_eval_gaic_full_260406_v1_saliency.jsonl.shards.3149/c7_saliency_shard_3.jsonl
[multi] merged c7 saliency jsonl -> /group-volume/users/jaden.ju/Sources/ImageCropping/data/GAIC/All/artifacts/precompute/feats_c2c3c5_v2_strict_enriched_gaic_eval_gaic_full_260406_v1_saliency.jsonl
{
  "status": "ok",
  "input_jsonl": "/group-volume/users/jaden.ju/Sources/ImageCropping/data/GAIC/All/artifacts/precompute/feats_c2c3c5_v2_strict_enriched.jsonl",
  "output_jsonl": "/group-volume/users/jaden.ju/Sources/ImageCropping/data/GAIC/All/artifacts/precompute/feats_c2c3c5_v2_strict_enriched_gaic_eval_gaic_full_260406_v1_saliency.jsonl",
  "image_dir": "/group-volume/users/jaden.ju/Sources/ImageCropping/data/GAIC/All/images",
  "requested_priority": "quality_first",
  "processed": 1236,
  "reused": 0,
  "missing_images": 0,
  "backend_counts": {
    "birefnet": 1236
  },
  "fallback_counts": {},
  "elapsed_sec": 751.492,
  "multi_gpu": {
    "enabled": true,
    "gpu_ids": [
      "0",
      "1",
      "2",
      "3"
    ],
    "workers": 4,
    "shard_dir": "/group-volume/users/jaden.ju/Sources/ImageCropping/data/GAIC/All/artifacts/precompute/feats_c2c3c5_v2_strict_enriched_gaic_eval_gaic_full_260406_v1_saliency.jsonl.shards.3149"
  }
}
[done] total=1236 routed=1236 missing_meta=0 output=/group-volume/users/jaden.ju/Sources/ImageCropping/data/GAIC/All/artifacts/precompute/feats_c2c3c5_v2_strict_enriched_gaic_eval_gaic_full_260406_v1_routed.jsonl
[done] subject_mode_counts={'scene_general': 426, 'portrait_group': 266, 'object_single': 186, 'portrait_single': 245, 'object_multi': 49, 'background_texture_copyspace': 56, 'text_document': 6, 'other_ambiguous': 2}
[done] policy_counts={'scene_v1': 426, 'portrait_group_v1': 266, 'object_v1': 186, 'portrait_single_v1': 245, 'object_multi_v1': 49, 'copyspace_v1': 56, 'text_v1': 6, 'generic_v1': 2}
[CandidateGen] Loading inputs...
[CandidateGen] rows=1236 c2_seg=1236 c2_det=1236(nonempty=802) c3=1236(nonempty=517) routing=1236 c7_saliency=1236 teacher_proposals=0 cfg_hash=6abdc55aed4517a2
[CandidateGen] worker mode: multiprocess workers=255 chunksize=64 start=auto
[CandidateGen] Building/loading actual TAR image-size map...
[CandidateGen] actual_size_map loaded: 1236 images
[CandidateGen] Done. written=1236 avg_total_candidates=511.09 elapsed=25.38s throughput=48.69 img/s
[CandidateGen] size_source_counts={'tar_actual': 1236}
[CandidateGen] output=/group-volume/users/jaden.ju/Sources/ImageCropping/data/GAIC/All/artifacts/candidates/candidates_ar_gaic_eval_gaic_full_260406_v1.jsonl
[CandidateGen] Building overview from output jsonl...
[CandidateGen] Overview saved: /group-volume/users/jaden.ju/Sources/ImageCropping/data/GAIC/All/artifacts/candidates/candidates_ar_gaic_eval_gaic_full_260406_v1_overview.json, /group-volume/users/jaden.ju/Sources/ImageCropping/data/GAIC/All/artifacts/candidates/candidates_ar_gaic_eval_gaic_full_260406_v1_overview_by_ar.csv, /group-volume/users/jaden.ju/Sources/ImageCropping/data/GAIC/All/artifacts/candidates/candidates_ar_gaic_eval_gaic_full_260406_v1_overview_by_source.csv, /group-volume/users/jaden.ju/Sources/ImageCropping/data/GAIC/All/artifacts/candidates/candidates_ar_gaic_eval_gaic_full_260406_v1_overview_by_subject_source.csv
[CandidateGen] Visualization saved under: /group-volume/users/jaden.ju/Sources/ImageCropping/data/GAIC/All/artifacts/candidates/visualizations/candidates_ar_gaic_eval_gaic_full_260406_v1_viz
[done] images=1236 out_jsonl=/group-volume/users/jaden.ju/Sources/ImageCropping/data/GAIC/All/artifacts/teacher/scores/teacher_scores_gaic_eval_gaic_full_260406_v1.jsonl
[done] overview_json=/group-volume/users/jaden.ju/Sources/ImageCropping/data/GAIC/All/artifacts/teacher/scores/teacher_scores_gaic_eval_gaic_full_260406_v1_overview.json
[done] overview_by_ar_csv=/group-volume/users/jaden.ju/Sources/ImageCropping/data/GAIC/All/artifacts/teacher/scores/teacher_scores_gaic_eval_gaic_full_260406_v1_overview_by_ar.csv
[progress 2026-04-08 01:42:40] build_finalscore_training_data: start | teacher_scores_jsonl=/group-volume/users/jaden.ju/Sources/ImageCropping/data/GAIC/All/artifacts/teacher/scores/teacher_scores_gaic_eval_gaic_full_260406_v1.jsonl | out_dir=/group-volume/users/jaden.ju/Sources/ImageCropping/data/GAIC/All/artifacts/training_labels/gaic_eval_gaic_full_260406_v1 | safe_leftover_policy=ignore
[progress 2026-04-08 01:42:45] load_teacher_records:teacher_scores_gaic_eval_gaic_full_260406_v1.jsonl: start total=1236 unit=records
[progress 2026-04-08 01:42:56] load_teacher_records:teacher_scores_gaic_eval_gaic_full_260406_v1.jsonl: [>.......................] 91/1236 (7.4%) | 10.6s<2m14s | line=91
[progress 2026-04-08 01:43:06] load_teacher_records:teacher_scores_gaic_eval_gaic_full_260406_v1.jsonl: [==>.....................] 179/1236 (14.5%) | 21.2s<2m05s | line=179
[progress 2026-04-08 01:43:16] load_teacher_records:teacher_scores_gaic_eval_gaic_full_260406_v1.jsonl: [====>...................] 276/1236 (22.3%) | 31.3s<1m49s | line=276
[progress 2026-04-08 01:43:27] load_teacher_records:teacher_scores_gaic_eval_gaic_full_260406_v1.jsonl: [=====>..................] 351/1236 (28.4%) | 42.1s<1m46s | line=351
[progress 2026-04-08 01:43:38] load_teacher_records:teacher_scores_gaic_eval_gaic_full_260406_v1.jsonl: [=======>................] 441/1236 (35.7%) | 53.0s<1m36s | line=441
[progress 2026-04-08 01:43:51] load_teacher_records:teacher_scores_gaic_eval_gaic_full_260406_v1.jsonl: [=========>..............] 547/1236 (44.3%) | 1m06s<1m23s | line=547
[progress 2026-04-08 01:44:01] load_teacher_records:teacher_scores_gaic_eval_gaic_full_260406_v1.jsonl: [===========>............] 660/1236 (53.4%) | 1m16s<1m07s | line=660
[progress 2026-04-08 01:44:11] load_teacher_records:teacher_scores_gaic_eval_gaic_full_260406_v1.jsonl: [============>...........] 714/1236 (57.8%) | 1m26s<1m03s | line=714
[progress 2026-04-08 01:44:21] load_teacher_records:teacher_scores_gaic_eval_gaic_full_260406_v1.jsonl: [===============>........] 831/1236 (67.2%) | 1m36s<46.9s | line=831
[progress 2026-04-08 01:44:31] load_teacher_records:teacher_scores_gaic_eval_gaic_full_260406_v1.jsonl: [===============>........] 874/1236 (70.7%) | 1m46s<44.1s | line=874
[progress 2026-04-08 01:44:42] load_teacher_records:teacher_scores_gaic_eval_gaic_full_260406_v1.jsonl: [==================>.....] 992/1236 (80.3%) | 1m56s<28.6s | line=992
[progress 2026-04-08 01:44:55] load_teacher_records:teacher_scores_gaic_eval_gaic_full_260406_v1.jsonl: [===================>....] 1055/1236 (85.4%) | 2m10s<22.3s | line=1055
[progress 2026-04-08 01:45:05] load_teacher_records:teacher_scores_gaic_eval_gaic_full_260406_v1.jsonl: [=====================>..] 1178/1236 (95.3%) | 2m20s<6.9s | line=1178
[progress 2026-04-08 01:45:10] load_teacher_records:teacher_scores_gaic_eval_gaic_full_260406_v1.jsonl: [========================] 1236/1236 (100.0%) | 2m25s | line=1236
[progress 2026-04-08 01:45:10] load_teacher_records:teacher_scores_gaic_eval_gaic_full_260406_v1.jsonl: [========================] 1236/1236 (100.0%) | 2m25s | path=teacher_scores_gaic_eval_gaic_full_260406_v1.jsonl
[progress 2026-04-08 01:45:10] build_finalscore_training_data: teacher_records=1236 | ar_groups=7416 | subject_modes=8
[progress 2026-04-08 01:45:10] build_training_datasets: start total=7416 unit=ar_groups
[progress 2026-04-08 01:45:20] build_training_datasets: [........................] 25/7416 (0.3%) | 10.2s<50m13s | record=5/1236 | image_id=213811 | pairwise=184 | batch=25 | skipped=0
[progress 2026-04-08 01:45:30] build_training_datasets: [........................] 57/7416 (0.8%) | 20.2s<43m29s | record=10/1236 | image_id=218744 | pairwise=371 | batch=51 | skipped=6
[progress 2026-04-08 01:45:40] build_training_datasets: [........................] 85/7416 (1.1%) | 30.2s<43m26s | record=15/1236 | image_id=220865 | pairwise=539 | batch=79 | skipped=6
[progress 2026-04-08 01:45:51] build_training_datasets: [........................] 113/7416 (1.5%) | 40.4s<43m31s | record=19/1236 | image_id=221549 | pairwise=703 | batch=102 | skipped=11
[progress 2026-04-08 01:46:01] build_training_datasets: [........................] 147/7416 (2.0%) | 50.4s<41m33s | record=25/1236 | image_id=223832 | pairwise=816 | batch=127 | skipped=20
[progress 2026-04-08 01:46:12] build_training_datasets: [........................] 152/7416 (2.0%) | 1m02s<49m21s | record=26/1236 | image_id=225081 | pairwise=855 | batch=132 | skipped=20
[progress 2026-04-08 01:46:23] build_training_datasets: [........................] 185/7416 (2.5%) | 1m12s<47m09s | record=31/1236 | image_id=230379 | pairwise=1019 | batch=159 | skipped=26
[progress 2026-04-08 01:46:33] build_training_datasets: [........................] 216/7416 (2.9%) | 1m23s<45m55s | record=36/1236 | image_id=232826 | pairwise=1147 | batch=183 | skipped=33
[progress 2026-04-08 01:46:43] build_training_datasets: [........................] 243/7416 (3.3%) | 1m33s<45m44s | record=41/1236 | image_id=234500 | pairwise=1290 | batch=205 | skipped=38
[progress 2026-04-08 01:46:53] build_training_datasets: [........................] 276/7416 (3.7%) | 1m43s<44m31s | record=46/1236 | image_id=236941 | pairwise=1440 | batch=229 | skipped=47
[progress 2026-04-08 01:47:04] build_training_datasets: [>.......................] 311/7416 (4.2%) | 1m54s<43m14s | record=52/1236 | image_id=238121 | pairwise=1557 | batch=256 | skipped=55
[progress 2026-04-08 01:47:14] build_training_datasets: [>.......................] 341/7416 (4.6%) | 2m04s<42m45s | record=57/1236 | image_id=239043 | pairwise=1713 | batch=280 | skipped=61
[progress 2026-04-08 01:47:24] build_training_datasets: [>.......................] 372/7416 (5.0%) | 2m14s<42m11s | record=62/1236 | image_id=239879 | pairwise=1839 | batch=302 | skipped=70
[progress 2026-04-08 01:47:34] build_training_datasets: [>.......................] 398/7416 (5.4%) | 2m24s<42m19s | record=67/1236 | image_id=245111 | pairwise=2007 | batch=328 | skipped=70
[progress 2026-04-08 01:47:44] build_training_datasets: [>.......................] 424/7416 (5.7%) | 2m34s<42m25s | record=71/1236 | image_id=248065 | pairwise=2182 | batch=354 | skipped=70
[progress 2026-04-08 01:47:54] build_training_datasets: [>.......................] 460/7416 (6.2%) | 2m44s<41m25s | record=77/1236 | image_id=253929 | pairwise=2321 | batch=386 | skipped=74
[progress 2026-04-08 01:48:05] build_training_datasets: [>.......................] 489/7416 (6.6%) | 2m54s<41m12s | record=82/1236 | image_id=261259 | pairwise=2462 | batch=414 | skipped=75
[progress 2026-04-08 01:48:15] build_training_datasets: [>.......................] 514/7416 (6.9%) | 3m05s<41m21s | record=86/1236 | image_id=263897 | pairwise=2620 | batch=439 | skipped=75
[progress 2026-04-08 01:48:25] build_training_datasets: [>.......................] 539/7416 (7.3%) | 3m15s<41m29s | record=90/1236 | image_id=266718 | pairwise=2787 | batch=464 | skipped=75
[progress 2026-04-08 01:48:35] build_training_datasets: [>.......................] 565/7416 (7.6%) | 3m25s<41m27s | record=95/1236 | image_id=274076 | pairwise=2972 | batch=490 | skipped=75
[progress 2026-04-08 01:48:45] build_training_datasets: [>.......................] 589/7416 (7.9%) | 3m35s<41m34s | record=99/1236 | image_id=277993 | pairwise=3135 | batch=514 | skipped=75
[progress 2026-04-08 01:48:56] build_training_datasets: [>.......................] 615/7416 (8.3%) | 3m45s<41m34s | record=103/1236 | image_id=280236 | pairwise=3299 | batch=540 | skipped=75
[progress 2026-04-08 01:49:06] build_training_datasets: [=>......................] 642/7416 (8.7%) | 3m56s<41m29s | record=107/1236 | image_id=284487 | pairwise=3465 | batch=565 | skipped=77
[progress 2026-04-08 01:49:18] build_training_datasets: [=>......................] 647/7416 (8.7%) | 4m07s<43m09s | record=108/1236 | image_id=286151 | pairwise=3505 | batch=570 | skipped=77
[progress 2026-04-08 01:49:28] build_training_datasets: [=>......................] 672/7416 (9.1%) | 4m17s<43m04s | record=112/1236 | image_id=290673 | pairwise=3662 | batch=595 | skipped=77
[progress 2026-04-08 01:49:38] build_training_datasets: [=>......................] 698/7416 (9.4%) | 4m28s<42m56s | record=117/1236 | image_id=293838 | pairwise=3829 | batch=621 | skipped=77
[progress 2026-04-08 01:49:48] build_training_datasets: [=>......................] 726/7416 (9.8%) | 4m38s<42m40s | record=121/1236 | image_id=297012 | pairwise=4012 | batch=647 | skipped=79
[progress 2026-04-08 01:49:58] build_training_datasets: [=>......................] 760/7416 (10.2%) | 4m48s<42m02s | record=127/1236 | image_id=300159 | pairwise=4171 | batch=676 | skipped=84
[progress 2026-04-08 01:50:08] build_training_datasets: [=>......................] 790/7416 (10.7%) | 4m58s<41m42s | record=132/1236 | image_id=304985 | pairwise=4328 | batch=702 | skipped=88
[progress 2026-04-08 01:50:19] build_training_datasets: [=>......................] 822/7416 (11.1%) | 5m09s<41m15s | record=137/1236 | image_id=309571 | pairwise=4460 | batch=730 | skipped=92
[progress 2026-04-08 01:50:29] build_training_datasets: [=>......................] 851/7416 (11.5%) | 5m19s<40m58s | record=142/1236 | image_id=315248 | pairwise=4653 | batch=758 | skipped=93
[progress 2026-04-08 01:50:39] build_training_datasets: [=>......................] 878/7416 (11.8%) | 5m29s<40m49s | record=147/1236 | image_id=318513 | pairwise=4810 | batch=785 | skipped=93
[progress 2026-04-08 01:50:49] build_training_datasets: [=>......................] 911/7416 (12.3%) | 5m39s<40m22s | record=152/1236 | image_id=321062 | pairwise=4951 | batch=812 | skipped=99
[progress 2026-04-08 01:50:59] build_training_datasets: [==>.....................] 943/7416 (12.7%) | 5m49s<39m58s | record=158/1236 | image_id=323138 | pairwise=5119 | batch=844 | skipped=99
[progress 2026-04-08 01:51:10] build_training_datasets: [==>.....................] 978/7416 (13.2%) | 5m59s<39m26s | record=163/1236 | image_id=324123 | pairwise=5254 | batch=874 | skipped=104
[progress 2026-04-08 01:51:20] build_training_datasets: [==>.....................] 1010/7416 (13.6%) | 6m10s<39m06s | record=169/1236 | image_id=333393 | pairwise=5430 | batch=903 | skipped=107
[progress 2026-04-08 01:51:30] build_training_datasets: [==>.....................] 1035/7416 (14.0%) | 6m20s<39m02s | record=173/1236 | image_id=341906 | pairwise=5586 | batch=928 | skipped=107
[progress 2026-04-08 01:51:40] build_training_datasets: [==>.....................] 1060/7416 (14.3%) | 6m30s<38m59s | record=177/1236 | image_id=394605 | pairwise=5774 | batch=953 | skipped=107
[progress 2026-04-08 01:51:51] build_training_datasets: [==>.....................] 1092/7416 (14.7%) | 6m40s<38m39s | record=182/1236 | image_id=409964 | pairwise=5965 | batch=982 | skipped=110
[progress 2026-04-08 01:52:01] build_training_datasets: [==>.....................] 1119/7416 (15.1%) | 6m51s<38m31s | record=187/1236 | image_id=420461 | pairwise=6101 | batch=1007 | skipped=112
[progress 2026-04-08 01:52:11] build_training_datasets: [==>.....................] 1148/7416 (15.5%) | 7m01s<38m18s | record=192/1236 | image_id=431796 | pairwise=6238 | batch=1029 | skipped=119
[progress 2026-04-08 01:52:28] build_training_datasets: [==>.....................] 1170/7416 (15.8%) | 7m18s<38m56s | record=195/1236 | image_id=445735 | pairwise=6306 | batch=1042 | skipped=128
[progress 2026-04-08 01:52:38] build_training_datasets: [==>.....................] 1196/7416 (16.1%) | 7m28s<38m49s | record=200/1236 | image_id=490605 | pairwise=6478 | batch=1066 | skipped=130
[progress 2026-04-08 01:52:48] build_training_datasets: [==>.....................] 1221/7416 (16.5%) | 7m38s<38m43s | record=204/1236 | image_id=212453 | pairwise=6678 | batch=1091 | skipped=130
[progress 2026-04-08 01:52:58] build_training_datasets: [===>....................] 1248/7416 (16.8%) | 7m48s<38m33s | record=208/1236 | image_id=213732 | pairwise=6868 | batch=1118 | skipped=130
[progress 2026-04-08 01:53:08] build_training_datasets: [===>....................] 1277/7416 (17.2%) | 7m58s<38m18s | record=213/1236 | image_id=214992 | pairwise=7016 | batch=1143 | skipped=134
[progress 2026-04-08 01:53:18] build_training_datasets: [===>....................] 1302/7416 (17.6%) | 8m08s<38m13s | record=217/1236 | image_id=217419 | pairwise=7201 | batch=1168 | skipped=134
[progress 2026-04-08 01:53:29] build_training_datasets: [===>....................] 1327/7416 (17.9%) | 8m19s<38m08s | record=222/1236 | image_id=219048 | pairwise=7371 | batch=1193 | skipped=134
[progress 2026-04-08 01:53:39] build_training_datasets: [===>....................] 1352/7416 (18.2%) | 8m29s<38m03s | record=226/1236 | image_id=219927 | pairwise=7565 | batch=1218 | skipped=134
[progress 2026-04-08 01:53:49] build_training_datasets: [===>....................] 1379/7416 (18.6%) | 8m39s<37m53s | record=230/1236 | image_id=220123 | pairwise=7714 | batch=1240 | skipped=139
[progress 2026-04-08 01:54:00] build_training_datasets: [===>....................] 1404/7416 (18.9%) | 8m50s<37m47s | record=234/1236 | image_id=220259 | pairwise=7875 | batch=1265 | skipped=139
[progress 2026-04-08 01:54:10] build_training_datasets: [===>....................] 1432/7416 (19.3%) | 9m00s<37m35s | record=239/1236 | image_id=220390 | pairwise=8029 | batch=1289 | skipped=143
[progress 2026-04-08 01:54:20] build_training_datasets: [===>....................] 1463/7416 (19.7%) | 9m10s<37m16s | record=244/1236 | image_id=220746 | pairwise=8207 | batch=1319 | skipped=144
[progress 2026-04-08 01:54:30] build_training_datasets: [===>....................] 1490/7416 (20.1%) | 9m20s<37m07s | record=249/1236 | image_id=220903 | pairwise=8397 | batch=1346 | skipped=144
[progress 2026-04-08 01:54:40] build_training_datasets: [===>....................] 1526/7416 (20.6%) | 9m30s<36m40s | record=255/1236 | image_id=221342 | pairwise=8575 | batch=1381 | skipped=145
[progress 2026-04-08 01:54:50] build_training_datasets: [====>...................] 1561/7416 (21.0%) | 9m40s<36m16s | record=261/1236 | image_id=221663 | pairwise=8722 | batch=1413 | skipped=148
[progress 2026-04-08 01:55:01] build_training_datasets: [====>...................] 1586/7416 (21.4%) | 9m50s<36m10s | record=265/1236 | image_id=221860 | pairwise=8880 | batch=1438 | skipped=148
[progress 2026-04-08 01:55:11] build_training_datasets: [====>...................] 1610/7416 (21.7%) | 10m00s<36m05s | record=269/1236 | image_id=222027 | pairwise=9024 | batch=1462 | skipped=148
[progress 2026-04-08 01:55:21] build_training_datasets: [====>...................] 1636/7416 (22.1%) | 10m11s<35m58s | record=273/1236 | image_id=222279 | pairwise=9201 | batch=1488 | skipped=148
[progress 2026-04-08 01:55:39] build_training_datasets: [====>...................] 1658/7416 (22.4%) | 10m29s<36m24s | record=277/1236 | image_id=222437 | pairwise=9338 | batch=1507 | skipped=151
[progress 2026-04-08 01:55:49] build_training_datasets: [====>...................] 1688/7416 (22.8%) | 10m39s<36m09s | record=282/1236 | image_id=222638 | pairwise=9500 | batch=1534 | skipped=154
[progress 2026-04-08 01:56:00] build_training_datasets: [====>...................] 1720/7416 (23.2%) | 10m49s<35m51s | record=287/1236 | image_id=223110 | pairwise=9685 | batch=1563 | skipped=157
[progress 2026-04-08 01:56:10] build_training_datasets: [====>...................] 1749/7416 (23.6%) | 11m00s<35m37s | record=292/1236 | image_id=224194 | pairwise=9848 | batch=1587 | skipped=162
[progress 2026-04-08 01:56:20] build_training_datasets: [====>...................] 1781/7416 (24.0%) | 11m10s<35m20s | record=297/1236 | image_id=224524 | pairwise=10004 | batch=1614 | skipped=167
[progress 2026-04-08 01:56:30] build_training_datasets: [====>...................] 1808/7416 (24.4%) | 11m20s<35m10s | record=302/1236 | image_id=225125 | pairwise=10176 | batch=1641 | skipped=167
[progress 2026-04-08 01:56:40] build_training_datasets: [====>...................] 1835/7416 (24.7%) | 11m30s<34m59s | record=306/1236 | image_id=230050 | pairwise=10334 | batch=1665 | skipped=170
[progress 2026-04-08 01:56:51] build_training_datasets: [=====>..................] 1863/7416 (25.1%) | 11m40s<34m48s | record=311/1236 | image_id=230363 | pairwise=10497 | batch=1692 | skipped=171
[progress 2026-04-08 01:57:01] build_training_datasets: [=====>..................] 1893/7416 (25.5%) | 11m51s<34m33s | record=316/1236 | image_id=230534 | pairwise=10649 | batch=1719 | skipped=174
[progress 2026-04-08 01:57:11] build_training_datasets: [=====>..................] 1921/7416 (25.9%) | 12m01s<34m21s | record=321/1236 | image_id=230758 | pairwise=10824 | batch=1747 | skipped=174
[progress 2026-04-08 01:57:21] build_training_datasets: [=====>..................] 1949/7416 (26.3%) | 12m11s<34m10s | record=325/1236 | image_id=230996 | pairwise=10948 | batch=1771 | skipped=178
[progress 2026-04-08 01:57:31] build_training_datasets: [=====>..................] 1977/7416 (26.7%) | 12m21s<33m59s | record=330/1236 | image_id=231697 | pairwise=11107 | batch=1794 | skipped=183
[progress 2026-04-08 01:57:42] build_training_datasets: [=====>..................] 2004/7416 (27.0%) | 12m31s<33m49s | record=334/1236 | image_id=232290 | pairwise=11259 | batch=1820 | skipped=184
[progress 2026-04-08 01:57:52] build_training_datasets: [=====>..................] 2032/7416 (27.4%) | 12m42s<33m38s | record=339/1236 | image_id=232685 | pairwise=11420 | batch=1845 | skipped=187
[progress 2026-04-08 01:58:02] build_training_datasets: [=====>..................] 2069/7416 (27.9%) | 12m52s<33m15s | record=345/1236 | image_id=233521 | pairwise=11509 | batch=1870 | skipped=199
[progress 2026-04-08 01:58:12] build_training_datasets: [=====>..................] 2107/7416 (28.4%) | 13m02s<32m51s | record=352/1236 | image_id=234796 | pairwise=11586 | batch=1888 | skipped=219
[progress 2026-04-08 01:58:23] build_training_datasets: [=====>..................] 2138/7416 (28.8%) | 13m13s<32m37s | record=357/1236 | image_id=235229 | pairwise=11743 | batch=1918 | skipped=220
[progress 2026-04-08 01:58:33] build_training_datasets: [======>.................] 2172/7416 (29.3%) | 13m23s<32m18s | record=362/1236 | image_id=235792 | pairwise=11872 | batch=1947 | skipped=225
[progress 2026-04-08 01:58:43] build_training_datasets: [======>.................] 2205/7416 (29.7%) | 13m33s<32m01s | record=368/1236 | image_id=236040 | pairwise=12018 | batch=1973 | skipped=232
[progress 2026-04-08 01:58:55] build_training_datasets: [======>.................] 2209/7416 (29.8%) | 13m45s<32m24s | record=369/1236 | image_id=236045 | pairwise=12049 | batch=1977 | skipped=232
[progress 2026-04-08 01:59:05] build_training_datasets: [======>.................] 2237/7416 (30.2%) | 13m55s<32m13s | record=373/1236 | image_id=236379 | pairwise=12224 | batch=2003 | skipped=234
[progress 2026-04-08 01:59:15] build_training_datasets: [======>.................] 2270/7416 (30.6%) | 14m05s<31m56s | record=379/1236 | image_id=236580 | pairwise=12351 | batch=2029 | skipped=241
[progress 2026-04-08 01:59:26] build_training_datasets: [======>.................] 2296/7416 (31.0%) | 14m16s<31m48s | record=383/1236 | image_id=236839 | pairwise=12528 | batch=2055 | skipped=241
[progress 2026-04-08 01:59:36] build_training_datasets: [======>.................] 2330/7416 (31.4%) | 14m26s<31m30s | record=389/1236 | image_id=237450 | pairwise=12703 | batch=2086 | skipped=244
[progress 2026-04-08 01:59:46] build_training_datasets: [======>.................] 2361/7416 (31.8%) | 14m36s<31m16s | record=394/1236 | image_id=237943 | pairwise=12846 | batch=2105 | skipped=256
[progress 2026-04-08 01:59:56] build_training_datasets: [======>.................] 2387/7416 (32.2%) | 14m46s<31m07s | record=398/1236 | image_id=238116 | pairwise=13031 | batch=2129 | skipped=258
[progress 2026-04-08 02:00:07] build_training_datasets: [======>.................] 2415/7416 (32.6%) | 14m56s<30m56s | record=403/1236 | image_id=238319 | pairwise=13208 | batch=2155 | skipped=260
[progress 2026-04-08 02:00:17] build_training_datasets: [======>.................] 2444/7416 (33.0%) | 15m07s<30m45s | record=408/1236 | image_id=238669 | pairwise=13379 | batch=2181 | skipped=263
[progress 2026-04-08 02:00:27] build_training_datasets: [=======>................] 2472/7416 (33.3%) | 15m17s<30m34s | record=412/1236 | image_id=238812 | pairwise=13526 | batch=2206 | skipped=266
[progress 2026-04-08 02:00:38] build_training_datasets: [=======>................] 2502/7416 (33.7%) | 15m28s<30m22s | record=417/1236 | image_id=239085 | pairwise=13698 | batch=2236 | skipped=266
[progress 2026-04-08 02:00:48] build_training_datasets: [=======>................] 2530/7416 (34.1%) | 15m38s<30m11s | record=422/1236 | image_id=239470 | pairwise=13851 | batch=2262 | skipped=268
[progress 2026-04-08 02:00:58] build_training_datasets: [=======>................] 2561/7416 (34.5%) | 15m48s<29m57s | record=427/1236 | image_id=239910 | pairwise=13996 | batch=2291 | skipped=270
[progress 2026-04-08 02:01:08] build_training_datasets: [=======>................] 2589/7416 (34.9%) | 15m58s<29m47s | record=432/1236 | image_id=240828 | pairwise=14147 | batch=2316 | skipped=273
[progress 2026-04-08 02:01:19] build_training_datasets: [=======>................] 2614/7416 (35.2%) | 16m08s<29m39s | record=436/1236 | image_id=241703 | pairwise=14300 | batch=2341 | skipped=273
[progress 2026-04-08 02:01:29] build_training_datasets: [=======>................] 2639/7416 (35.6%) | 16m18s<29m31s | record=440/1236 | image_id=242400 | pairwise=14452 | batch=2366 | skipped=273
[progress 2026-04-08 02:01:39] build_training_datasets: [=======>................] 2665/7416 (35.9%) | 16m29s<29m23s | record=445/1236 | image_id=243737 | pairwise=14622 | batch=2392 | skipped=273
[progress 2026-04-08 02:01:49] build_training_datasets: [=======>................] 2690/7416 (36.3%) | 16m39s<29m15s | record=449/1236 | image_id=244060 | pairwise=14802 | batch=2417 | skipped=273
[progress 2026-04-08 02:02:00] build_training_datasets: [=======>................] 2715/7416 (36.6%) | 16m49s<29m08s | record=453/1236 | image_id=244834 | pairwise=14995 | batch=2442 | skipped=273
[progress 2026-04-08 02:02:11] build_training_datasets: [=======>................] 2718/7416 (36.7%) | 17m01s<29m25s | record=453/1236 | image_id=244834 | pairwise=15009 | batch=2445 | skipped=273
[progress 2026-04-08 02:02:22] build_training_datasets: [=======>................] 2744/7416 (37.0%) | 17m11s<29m16s | record=458/1236 | image_id=245786 | pairwise=15185 | batch=2471 | skipped=273
[progress 2026-04-08 02:02:32] build_training_datasets: [=======>................] 2769/7416 (37.3%) | 17m22s<29m08s | record=462/1236 | image_id=246858 | pairwise=15337 | batch=2496 | skipped=273
[progress 2026-04-08 02:02:42] build_training_datasets: [========>...............] 2795/7416 (37.7%) | 17m32s<28m59s | record=466/1236 | image_id=247557 | pairwise=15518 | batch=2522 | skipped=273
[progress 2026-04-08 02:02:52] build_training_datasets: [========>...............] 2820/7416 (38.0%) | 17m42s<28m51s | record=470/1236 | image_id=248807 | pairwise=15715 | batch=2547 | skipped=273
[progress 2026-04-08 02:03:02] build_training_datasets: [========>...............] 2855/7416 (38.5%) | 17m52s<28m33s | record=476/1236 | image_id=250211 | pairwise=15870 | batch=2574 | skipped=281
[progress 2026-04-08 02:03:12] build_training_datasets: [========>...............] 2882/7416 (38.9%) | 18m02s<28m23s | record=481/1236 | image_id=250455 | pairwise=16062 | batch=2601 | skipped=281
[progress 2026-04-08 02:03:22] build_training_datasets: [========>...............] 2912/7416 (39.3%) | 18m12s<28m10s | record=486/1236 | image_id=250885 | pairwise=16213 | batch=2627 | skipped=285
[progress 2026-04-08 02:03:33] build_training_datasets: [========>...............] 2943/7416 (39.7%) | 18m22s<27m56s | record=491/1236 | image_id=251645 | pairwise=16378 | batch=2655 | skipped=288
[progress 2026-04-08 02:03:43] build_training_datasets: [========>...............] 2974/7416 (40.1%) | 18m33s<27m42s | record=496/1236 | image_id=252318 | pairwise=16525 | batch=2681 | skipped=293
[progress 2026-04-08 02:03:53] build_training_datasets: [========>...............] 2999/7416 (40.4%) | 18m43s<27m34s | record=500/1236 | image_id=252625 | pairwise=16675 | batch=2706 | skipped=293
[progress 2026-04-08 02:04:03] build_training_datasets: [========>...............] 3027/7416 (40.8%) | 18m53s<27m23s | record=505/1236 | image_id=252728 | pairwise=16838 | batch=2732 | skipped=295
[progress 2026-04-08 02:04:13] build_training_datasets: [========>...............] 3057/7416 (41.2%) | 19m03s<27m10s | record=510/1236 | image_id=252783 | pairwise=16973 | batch=2758 | skipped=299
[progress 2026-04-08 02:04:24] build_training_datasets: [========>...............] 3085/7416 (41.6%) | 19m13s<26m59s | record=515/1236 | image_id=253230 | pairwise=17130 | batch=2785 | skipped=300
[progress 2026-04-08 02:04:34] build_training_datasets: [=========>..............] 3120/7416 (42.1%) | 19m24s<26m42s | record=520/1236 | image_id=253501 | pairwise=17291 | batch=2816 | skipped=304
[progress 2026-04-08 02:04:44] build_training_datasets: [=========>..............] 3151/7416 (42.5%) | 19m34s<26m29s | record=526/1236 | image_id=253956 | pairwise=17436 | batch=2844 | skipped=307
[progress 2026-04-08 02:04:54] build_training_datasets: [=========>..............] 3177/7416 (42.8%) | 19m44s<26m20s | record=530/1236 | image_id=254409 | pairwise=17603 | batch=2870 | skipped=307
[progress 2026-04-08 02:05:04] build_training_datasets: [=========>..............] 3204/7416 (43.2%) | 19m54s<26m10s | record=534/1236 | image_id=255513 | pairwise=17745 | batch=2890 | skipped=314
[progress 2026-04-08 02:05:15] build_training_datasets: [=========>..............] 3229/7416 (43.5%) | 20m05s<26m02s | record=539/1236 | image_id=255871 | pairwise=17919 | batch=2915 | skipped=314
[progress 2026-04-08 02:05:32] build_training_datasets: [=========>..............] 3254/7416 (43.9%) | 20m22s<26m03s | record=543/1236 | image_id=257122 | pairwise=18042 | batch=2938 | skipped=316
[progress 2026-04-08 02:05:43] build_training_datasets: [=========>..............] 3279/7416 (44.2%) | 20m32s<25m55s | record=547/1236 | image_id=260316 | pairwise=18217 | batch=2963 | skipped=316
[progress 2026-04-08 02:05:53] build_training_datasets: [=========>..............] 3304/7416 (44.6%) | 20m43s<25m47s | record=551/1236 | image_id=260652 | pairwise=18429 | batch=2988 | skipped=316
[progress 2026-04-08 02:06:03] build_training_datasets: [=========>..............] 3329/7416 (44.9%) | 20m53s<25m38s | record=555/1236 | image_id=260917 | pairwise=18588 | batch=3013 | skipped=316
[progress 2026-04-08 02:06:13] build_training_datasets: [=========>..............] 3358/7416 (45.3%) | 21m03s<25m26s | record=560/1236 | image_id=261815 | pairwise=18746 | batch=3041 | skipped=317
[progress 2026-04-08 02:06:23] build_training_datasets: [=========>..............] 3383/7416 (45.6%) | 21m13s<25m18s | record=564/1236 | image_id=262795 | pairwise=18929 | batch=3066 | skipped=317
[progress 2026-04-08 02:06:34] build_training_datasets: [==========>.............] 3408/7416 (46.0%) | 21m24s<25m10s | record=568/1236 | image_id=263961 | pairwise=19091 | batch=3091 | skipped=317
[progress 2026-04-08 02:06:44] build_training_datasets: [==========>.............] 3433/7416 (46.3%) | 21m34s<25m01s | record=573/1236 | image_id=266900 | pairwise=19265 | batch=3116 | skipped=317
[progress 2026-04-08 02:06:54] build_training_datasets: [==========>.............] 3457/7416 (46.6%) | 21m44s<24m53s | record=577/1236 | image_id=267457 | pairwise=19455 | batch=3140 | skipped=317
[progress 2026-04-08 02:07:04] build_training_datasets: [==========>.............] 3484/7416 (47.0%) | 21m54s<24m43s | record=581/1236 | image_id=268346 | pairwise=19653 | batch=3167 | skipped=317
[progress 2026-04-08 02:07:15] build_training_datasets: [==========>.............] 3515/7416 (47.4%) | 22m05s<24m30s | record=586/1236 | image_id=270768 | pairwise=19855 | batch=3196 | skipped=319
[progress 2026-04-08 02:07:25] build_training_datasets: [==========>.............] 3547/7416 (47.8%) | 22m15s<24m16s | record=592/1236 | image_id=271121 | pairwise=19983 | batch=3220 | skipped=327
[progress 2026-04-08 02:07:35] build_training_datasets: [==========>.............] 3571/7416 (48.2%) | 22m25s<24m08s | record=596/1236 | image_id=271933 | pairwise=20159 | batch=3244 | skipped=327
[progress 2026-04-08 02:07:45] build_training_datasets: [==========>.............] 3597/7416 (48.5%) | 22m35s<23m59s | record=600/1236 | image_id=272939 | pairwise=20319 | batch=3270 | skipped=327
[progress 2026-04-08 02:07:56] build_training_datasets: [==========>.............] 3625/7416 (48.9%) | 22m46s<23m48s | record=605/1236 | image_id=274223 | pairwise=20475 | batch=3295 | skipped=330
[progress 2026-04-08 02:08:06] build_training_datasets: [==========>.............] 3650/7416 (49.2%) | 22m56s<23m39s | record=609/1236 | image_id=274271 | pairwise=20627 | batch=3320 | skipped=330
[progress 2026-04-08 02:08:16] build_training_datasets: [==========>.............] 3680/7416 (49.6%) | 23m06s<23m27s | record=614/1236 | image_id=275524 | pairwise=20780 | batch=3344 | skipped=336
[progress 2026-04-08 02:08:26] build_training_datasets: [==========>.............] 3707/7416 (50.0%) | 23m16s<23m17s | record=618/1236 | image_id=276367 | pairwise=20958 | batch=3371 | skipped=336
[progress 2026-04-08 02:08:36] build_training_datasets: [===========>............] 3734/7416 (50.4%) | 23m26s<23m07s | record=623/1236 | image_id=278213 | pairwise=21121 | batch=3398 | skipped=336
[progress 2026-04-08 02:08:54] build_training_datasets: [===========>............] 3751/7416 (50.6%) | 23m44s<23m11s | record=626/1236 | image_id=278791 | pairwise=21234 | batch=3415 | skipped=336
[progress 2026-04-08 02:09:04] build_training_datasets: [===========>............] 3776/7416 (50.9%) | 23m54s<23m02s | record=630/1236 | image_id=279253 | pairwise=21416 | batch=3440 | skipped=336
[progress 2026-04-08 02:09:14] build_training_datasets: [===========>............] 3802/7416 (51.3%) | 24m04s<22m53s | record=634/1236 | image_id=279678 | pairwise=21597 | batch=3466 | skipped=336
[progress 2026-04-08 02:09:25] build_training_datasets: [===========>............] 3827/7416 (51.6%) | 24m15s<22m44s | record=638/1236 | image_id=279871 | pairwise=21771 | batch=3491 | skipped=336
[progress 2026-04-08 02:09:35] build_training_datasets: [===========>............] 3854/7416 (52.0%) | 24m25s<22m34s | record=643/1236 | image_id=280217 | pairwise=21912 | batch=3514 | skipped=340
[progress 2026-04-08 02:09:45] build_training_datasets: [===========>............] 3892/7416 (52.5%) | 24m35s<22m15s | record=649/1236 | image_id=280832 | pairwise=22078 | batch=3548 | skipped=344
[progress 2026-04-08 02:09:55] build_training_datasets: [===========>............] 3920/7416 (52.9%) | 24m45s<22m04s | record=654/1236 | image_id=281804 | pairwise=22221 | batch=3571 | skipped=349
[progress 2026-04-08 02:10:05] build_training_datasets: [===========>............] 3954/7416 (53.3%) | 24m55s<21m49s | record=659/1236 | image_id=285091 | pairwise=22402 | batch=3600 | skipped=354
[progress 2026-04-08 02:10:15] build_training_datasets: [===========>............] 3981/7416 (53.7%) | 25m05s<21m39s | record=664/1236 | image_id=286817 | pairwise=22569 | batch=3627 | skipped=354
[progress 2026-04-08 02:10:26] build_training_datasets: [===========>............] 4006/7416 (54.0%) | 25m15s<21m30s | record=668/1236 | image_id=287292 | pairwise=22767 | batch=3652 | skipped=354
[progress 2026-04-08 02:10:36] build_training_datasets: [============>...........] 4033/7416 (54.4%) | 25m26s<21m20s | record=673/1236 | image_id=287921 | pairwise=22931 | batch=3679 | skipped=354
[progress 2026-04-08 02:10:46] build_training_datasets: [============>...........] 4060/7416 (54.7%) | 25m36s<21m10s | record=677/1236 | image_id=289828 | pairwise=23114 | batch=3706 | skipped=354
[progress 2026-04-08 02:10:56] build_training_datasets: [============>...........] 4086/7416 (55.1%) | 25m46s<21m00s | record=681/1236 | image_id=290687 | pairwise=23265 | batch=3732 | skipped=354
[progress 2026-04-08 02:11:06] build_training_datasets: [============>...........] 4113/7416 (55.5%) | 25m56s<20m50s | record=686/1236 | image_id=291161 | pairwise=23415 | batch=3758 | skipped=355
[progress 2026-04-08 02:11:16] build_training_datasets: [============>...........] 4142/7416 (55.9%) | 26m06s<20m38s | record=691/1236 | image_id=291416 | pairwise=23573 | batch=3785 | skipped=357
[progress 2026-04-08 02:11:27] build_training_datasets: [============>...........] 4170/7416 (56.2%) | 26m17s<20m27s | record=695/1236 | image_id=291640 | pairwise=23727 | batch=3810 | skipped=360
[progress 2026-04-08 02:11:37] build_training_datasets: [============>...........] 4195/7416 (56.6%) | 26m27s<20m18s | record=700/1236 | image_id=292117 | pairwise=23926 | batch=3835 | skipped=360
[progress 2026-04-08 02:11:47] build_training_datasets: [============>...........] 4219/7416 (56.9%) | 26m37s<20m10s | record=704/1236 | image_id=292401 | pairwise=24120 | batch=3859 | skipped=360
[progress 2026-04-08 02:11:57] build_training_datasets: [============>...........] 4244/7416 (57.2%) | 26m47s<20m01s | record=708/1236 | image_id=292644 | pairwise=24288 | batch=3884 | skipped=360
[progress 2026-04-08 02:12:07] build_training_datasets: [============>...........] 4270/7416 (57.6%) | 26m57s<19m52s | record=712/1236 | image_id=293319 | pairwise=24471 | batch=3910 | skipped=360
[progress 2026-04-08 02:12:21] build_training_datasets: [============>...........] 4276/7416 (57.7%) | 27m11s<19m58s | record=713/1236 | image_id=293625 | pairwise=24503 | batch=3916 | skipped=360
[progress 2026-04-08 02:12:32] build_training_datasets: [============>...........] 4301/7416 (58.0%) | 27m21s<19m49s | record=717/1236 | image_id=293884 | pairwise=24673 | batch=3941 | skipped=360
[progress 2026-04-08 02:12:42] build_training_datasets: [=============>..........] 4327/7416 (58.3%) | 27m31s<19m39s | record=722/1236 | image_id=295472 | pairwise=24818 | batch=3967 | skipped=360
[progress 2026-04-08 02:12:52] build_training_datasets: [=============>..........] 4352/7416 (58.7%) | 27m42s<19m30s | record=726/1236 | image_id=296018 | pairwise=24965 | batch=3992 | skipped=360
[progress 2026-04-08 02:13:02] build_training_datasets: [=============>..........] 4378/7416 (59.0%) | 27m52s<19m20s | record=730/1236 | image_id=296842 | pairwise=25127 | batch=4018 | skipped=360
[progress 2026-04-08 02:13:12] build_training_datasets: [=============>..........] 4405/7416 (59.4%) | 28m02s<19m10s | record=735/1236 | image_id=297356 | pairwise=25288 | batch=4045 | skipped=360
[progress 2026-04-08 02:13:22] build_training_datasets: [=============>..........] 4432/7416 (59.8%) | 28m12s<18m59s | record=739/1236 | image_id=297905 | pairwise=25456 | batch=4072 | skipped=360
[progress 2026-04-08 02:13:32] build_training_datasets: [=============>..........] 4458/7416 (60.1%) | 28m22s<18m50s | record=743/1236 | image_id=300017 | pairwise=25646 | batch=4098 | skipped=360
[progress 2026-04-08 02:13:43] build_training_datasets: [=============>..........] 4489/7416 (60.5%) | 28m33s<18m37s | record=749/1236 | image_id=300151 | pairwise=25783 | batch=4121 | skipped=368
[progress 2026-04-08 02:13:53] build_training_datasets: [=============>..........] 4516/7416 (60.9%) | 28m43s<18m26s | record=753/1236 | image_id=300282 | pairwise=25969 | batch=4146 | skipped=370
[progress 2026-04-08 02:14:03] build_training_datasets: [=============>..........] 4546/7416 (61.3%) | 28m53s<18m14s | record=758/1236 | image_id=300434 | pairwise=26121 | batch=4172 | skipped=374
[progress 2026-04-08 02:14:13] build_training_datasets: [=============>..........] 4573/7416 (61.7%) | 29m03s<18m03s | record=763/1236 | image_id=300524 | pairwise=26327 | batch=4199 | skipped=374
[progress 2026-04-08 02:14:23] build_training_datasets: [=============>..........] 4598/7416 (62.0%) | 29m13s<17m54s | record=767/1236 | image_id=300643 | pairwise=26533 | batch=4224 | skipped=374
[progress 2026-04-08 02:14:33] build_training_datasets: [=============>..........] 4633/7416 (62.5%) | 29m23s<17m39s | record=773/1236 | image_id=300801 | pairwise=26715 | batch=4255 | skipped=378
[progress 2026-04-08 02:14:43] build_training_datasets: [==============>.........] 4667/7416 (62.9%) | 29m33s<17m24s | record=778/1236 | image_id=300954 | pairwise=26868 | batch=4283 | skipped=384
[progress 2026-04-08 02:14:53] build_training_datasets: [==============>.........] 4692/7416 (63.3%) | 29m43s<17m15s | record=782/1236 | image_id=301222 | pairwise=27053 | batch=4308 | skipped=384
[progress 2026-04-08 02:15:03] build_training_datasets: [==============>.........] 4725/7416 (63.7%) | 29m53s<17m01s | record=788/1236 | image_id=301780 | pairwise=27197 | batch=4336 | skipped=389
[progress 2026-04-08 02:15:14] build_training_datasets: [==============>.........] 4752/7416 (64.1%) | 30m04s<16m51s | record=792/1236 | image_id=301982 | pairwise=27374 | batch=4363 | skipped=389
[progress 2026-04-08 02:15:24] build_training_datasets: [==============>.........] 4782/7416 (64.5%) | 30m14s<16m39s | record=797/1236 | image_id=302473 | pairwise=27546 | batch=4393 | skipped=389
[progress 2026-04-08 02:15:35] build_training_datasets: [==============>.........] 4808/7416 (64.8%) | 30m24s<16m30s | record=802/1236 | image_id=302811 | pairwise=27737 | batch=4419 | skipped=389
[progress 2026-04-08 02:15:52] build_training_datasets: [==============>.........] 4823/7416 (65.0%) | 30m42s<16m30s | record=804/1236 | image_id=302853 | pairwise=27831 | batch=4434 | skipped=389
[progress 2026-04-08 02:16:02] build_training_datasets: [==============>.........] 4850/7416 (65.4%) | 30m52s<16m20s | record=809/1236 | image_id=303861 | pairwise=27964 | batch=4459 | skipped=391
[progress 2026-04-08 02:16:13] build_training_datasets: [==============>.........] 4884/7416 (65.9%) | 31m03s<16m06s | record=814/1236 | image_id=304242 | pairwise=28125 | batch=4492 | skipped=392
[progress 2026-04-08 02:16:23] build_training_datasets: [==============>.........] 4916/7416 (66.3%) | 31m13s<15m52s | record=820/1236 | image_id=304870 | pairwise=28292 | batch=4523 | skipped=393
[progress 2026-04-08 02:16:33] build_training_datasets: [==============>.........] 4941/7416 (66.6%) | 31m23s<15m43s | record=824/1236 | image_id=306440 | pairwise=28461 | batch=4548 | skipped=393
[progress 2026-04-08 02:16:43] build_training_datasets: [===============>........] 4969/7416 (67.0%) | 31m33s<15m32s | record=829/1236 | image_id=307156 | pairwise=28633 | batch=4575 | skipped=394
[progress 2026-04-08 02:16:53] build_training_datasets: [===============>........] 4998/7416 (67.4%) | 31m43s<15m21s | record=833/1236 | image_id=308233 | pairwise=28744 | batch=4595 | skipped=403
[progress 2026-04-08 02:17:03] build_training_datasets: [===============>........] 5028/7416 (67.8%) | 31m53s<15m09s | record=838/1236 | image_id=308728 | pairwise=28912 | batch=4624 | skipped=404
[progress 2026-04-08 02:17:14] build_training_datasets: [===============>........] 5060/7416 (68.2%) | 32m04s<14m56s | record=844/1236 | image_id=309374 | pairwise=29059 | batch=4654 | skipped=406
[progress 2026-04-08 02:17:24] build_training_datasets: [===============>........] 5085/7416 (68.6%) | 32m14s<14m46s | record=848/1236 | image_id=309778 | pairwise=29232 | batch=4679 | skipped=406
[progress 2026-04-08 02:17:34] build_training_datasets: [===============>........] 5110/7416 (68.9%) | 32m24s<14m37s | record=852/1236 | image_id=310137 | pairwise=29401 | batch=4704 | skipped=406
[progress 2026-04-08 02:17:44] build_training_datasets: [===============>........] 5143/7416 (69.4%) | 32m34s<14m24s | record=858/1236 | image_id=310589 | pairwise=29540 | batch=4729 | skipped=414
[progress 2026-04-08 02:17:55] build_training_datasets: [===============>........] 5170/7416 (69.7%) | 32m45s<14m13s | record=862/1236 | image_id=312187 | pairwise=29726 | batch=4756 | skipped=414
[progress 2026-04-08 02:18:05] build_training_datasets: [===============>........] 5197/7416 (70.1%) | 32m55s<14m03s | record=867/1236 | image_id=313247 | pairwise=29883 | batch=4781 | skipped=416
[progress 2026-04-08 02:18:15] build_training_datasets: [===============>........] 5223/7416 (70.4%) | 33m05s<13m53s | record=871/1236 | image_id=314112 | pairwise=30080 | batch=4805 | skipped=418
[progress 2026-04-08 02:18:25] build_training_datasets: [===============>........] 5252/7416 (70.8%) | 33m15s<13m42s | record=876/1236 | image_id=314884 | pairwise=30286 | batch=4833 | skipped=419
[progress 2026-04-08 02:18:36] build_training_datasets: [================>.......] 5282/7416 (71.2%) | 33m26s<13m30s | record=881/1236 | image_id=315329 | pairwise=30453 | batch=4858 | skipped=424
[progress 2026-04-08 02:18:46] build_training_datasets: [================>.......] 5315/7416 (71.7%) | 33m36s<13m17s | record=886/1236 | image_id=316774 | pairwise=30597 | batch=4887 | skipped=428
[progress 2026-04-08 02:18:56] build_training_datasets: [================>.......] 5343/7416 (72.0%) | 33m46s<13m06s | record=891/1236 | image_id=317987 | pairwise=30772 | batch=4913 | skipped=430
[progress 2026-04-08 02:19:06] build_training_datasets: [================>.......] 5371/7416 (72.4%) | 33m56s<12m55s | record=896/1236 | image_id=318963 | pairwise=30892 | batch=4935 | skipped=436
[progress 2026-04-08 02:19:30] build_training_datasets: [================>.......] 5395/7416 (72.7%) | 34m20s<12m52s | record=900/1236 | image_id=320113 | pairwise=31015 | batch=4956 | skipped=439
[progress 2026-04-08 02:19:40] build_training_datasets: [================>.......] 5425/7416 (73.2%) | 34m30s<12m40s | record=905/1236 | image_id=320875 | pairwise=31200 | batch=4984 | skipped=441
[progress 2026-04-08 02:19:50] build_training_datasets: [================>.......] 5454/7416 (73.5%) | 34m40s<12m28s | record=909/1236 | image_id=321267 | pairwise=31371 | batch=5013 | skipped=441
[progress 2026-04-08 02:20:01] build_training_datasets: [================>.......] 5481/7416 (73.9%) | 34m50s<12m18s | record=914/1236 | image_id=322280 | pairwise=31535 | batch=5038 | skipped=443
[progress 2026-04-08 02:20:11] build_training_datasets: [================>.......] 5512/7416 (74.3%) | 35m01s<12m06s | record=919/1236 | image_id=322548 | pairwise=31716 | batch=5063 | skipped=449
[progress 2026-04-08 02:20:21] build_training_datasets: [================>.......] 5544/7416 (74.8%) | 35m11s<11m53s | record=924/1236 | image_id=323005 | pairwise=31858 | batch=5088 | skipped=456
[progress 2026-04-08 02:20:31] build_training_datasets: [=================>......] 5575/7416 (75.2%) | 35m21s<11m40s | record=930/1236 | image_id=323291 | pairwise=32021 | batch=5114 | skipped=461
[progress 2026-04-08 02:20:42] build_training_datasets: [=================>......] 5600/7416 (75.5%) | 35m31s<11m31s | record=934/1236 | image_id=323518 | pairwise=32170 | batch=5139 | skipped=461
[progress 2026-04-08 02:20:52] build_training_datasets: [=================>......] 5627/7416 (75.9%) | 35m42s<11m21s | record=938/1236 | image_id=324033 | pairwise=32347 | batch=5166 | skipped=461
[progress 2026-04-08 02:21:02] build_training_datasets: [=================>......] 5655/7416 (76.3%) | 35m52s<11m10s | record=943/1236 | image_id=325075 | pairwise=32523 | batch=5194 | skipped=461
[progress 2026-04-08 02:21:12] build_training_datasets: [=================>......] 5691/7416 (76.7%) | 36m02s<10m55s | record=949/1236 | image_id=326015 | pairwise=32673 | batch=5220 | skipped=471
[progress 2026-04-08 02:21:22] build_training_datasets: [=================>......] 5720/7416 (77.1%) | 36m12s<10m44s | record=954/1236 | image_id=326310 | pairwise=32846 | batch=5245 | skipped=475
[progress 2026-04-08 02:21:32] build_training_datasets: [=================>......] 5754/7416 (77.6%) | 36m22s<10m30s | record=959/1236 | image_id=327618 | pairwise=32980 | batch=5269 | skipped=485
[progress 2026-04-08 02:21:43] build_training_datasets: [=================>......] 5784/7416 (78.0%) | 36m33s<10m19s | record=964/1236 | image_id=328421 | pairwise=33112 | batch=5293 | skipped=491
[progress 2026-04-08 02:21:53] build_training_datasets: [=================>......] 5812/7416 (78.4%) | 36m43s<10m08s | record=969/1236 | image_id=328970 | pairwise=33267 | batch=5321 | skipped=491
[progress 2026-04-08 02:22:03] build_training_datasets: [=================>......] 5837/7416 (78.7%) | 36m53s<9m59s | record=973/1236 | image_id=329742 | pairwise=33456 | batch=5346 | skipped=491
[progress 2026-04-08 02:22:14] build_training_datasets: [=================>......] 5865/7416 (79.1%) | 37m03s<9m48s | record=978/1236 | image_id=330333 | pairwise=33605 | batch=5370 | skipped=495
[progress 2026-04-08 02:22:24] build_training_datasets: [==================>.....] 5889/7416 (79.4%) | 37m14s<9m39s | record=982/1236 | image_id=331504 | pairwise=33766 | batch=5394 | skipped=495
[progress 2026-04-08 02:22:34] build_training_datasets: [==================>.....] 5914/7416 (79.7%) | 37m24s<9m30s | record=986/1236 | image_id=331871 | pairwise=33926 | batch=5419 | skipped=495
[progress 2026-04-08 02:22:44] build_training_datasets: [==================>.....] 5939/7416 (80.1%) | 37m34s<9m21s | record=990/1236 | image_id=333107 | pairwise=34092 | batch=5444 | skipped=495
[progress 2026-04-08 02:22:54] build_training_datasets: [==================>.....] 5964/7416 (80.4%) | 37m44s<9m11s | record=994/1236 | image_id=340145 | pairwise=34269 | batch=5469 | skipped=495
[progress 2026-04-08 02:23:25] build_training_datasets: [==================>.....] 5973/7416 (80.5%) | 38m15s<9m14s | record=996/1236 | image_id=340480 | pairwise=34337 | batch=5478 | skipped=495
[progress 2026-04-08 02:23:35] build_training_datasets: [==================>.....] 5997/7416 (80.9%) | 38m25s<9m05s | record=1000/1236 | image_id=340700 | pairwise=34507 | batch=5502 | skipped=495
[progress 2026-04-08 02:23:46] build_training_datasets: [==================>.....] 6024/7416 (81.2%) | 38m35s<8m55s | record=1004/1236 | image_id=342287 | pairwise=34727 | batch=5529 | skipped=495
[progress 2026-04-08 02:23:56] build_training_datasets: [==================>.....] 6049/7416 (81.6%) | 38m46s<8m46s | record=1009/1236 | image_id=343371 | pairwise=34909 | batch=5554 | skipped=495
[progress 2026-04-08 02:24:06] build_training_datasets: [==================>.....] 6074/7416 (81.9%) | 38m56s<8m36s | record=1013/1236 | image_id=345329 | pairwise=35069 | batch=5579 | skipped=495
[progress 2026-04-08 02:24:16] build_training_datasets: [==================>.....] 6100/7416 (82.3%) | 39m06s<8m26s | record=1017/1236 | image_id=347246 | pairwise=35220 | batch=5604 | skipped=496
[progress 2026-04-08 02:24:27] build_training_datasets: [==================>.....] 6126/7416 (82.6%) | 39m17s<8m16s | record=1021/1236 | image_id=347960 | pairwise=35380 | batch=5630 | skipped=496
[progress 2026-04-08 02:24:37] build_training_datasets: [==================>.....] 6153/7416 (83.0%) | 39m27s<8m06s | record=1026/1236 | image_id=349620 | pairwise=35564 | batch=5657 | skipped=496
[progress 2026-04-08 02:24:47] build_training_datasets: [==================>.....] 6178/7416 (83.3%) | 39m37s<7m56s | record=1030/1236 | image_id=390639 | pairwise=35735 | batch=5682 | skipped=496
[progress 2026-04-08 02:24:57] build_training_datasets: [===================>....] 6205/7416 (83.7%) | 39m47s<7m46s | record=1035/1236 | image_id=393464 | pairwise=35887 | batch=5706 | skipped=499
[progress 2026-04-08 02:25:07] build_training_datasets: [===================>....] 6240/7416 (84.1%) | 39m57s<7m32s | record=1040/1236 | image_id=395279 | pairwise=36093 | batch=5741 | skipped=499
[progress 2026-04-08 02:25:17] build_training_datasets: [===================>....] 6264/7416 (84.5%) | 40m07s<7m23s | record=1044/1236 | image_id=395823 | pairwise=36268 | batch=5765 | skipped=499
[progress 2026-04-08 02:25:27] build_training_datasets: [===================>....] 6289/7416 (84.8%) | 40m17s<7m13s | record=1049/1236 | image_id=396840 | pairwise=36438 | batch=5790 | skipped=499
[progress 2026-04-08 02:25:38] build_training_datasets: [===================>....] 6314/7416 (85.1%) | 40m27s<7m04s | record=1053/1236 | image_id=397972 | pairwise=36596 | batch=5815 | skipped=499
[progress 2026-04-08 02:25:48] build_training_datasets: [===================>....] 6341/7416 (85.5%) | 40m38s<6m53s | record=1057/1236 | image_id=398241 | pairwise=36771 | batch=5841 | skipped=500
[progress 2026-04-08 02:25:58] build_training_datasets: [===================>....] 6369/7416 (85.9%) | 40m48s<6m42s | record=1062/1236 | image_id=398757 | pairwise=36943 | batch=5867 | skipped=502
[progress 2026-04-08 02:26:08] build_training_datasets: [===================>....] 6395/7416 (86.2%) | 40m58s<6m32s | record=1066/1236 | image_id=400109 | pairwise=37086 | batch=5891 | skipped=504
[progress 2026-04-08 02:26:18] build_training_datasets: [===================>....] 6429/7416 (86.7%) | 41m08s<6m19s | record=1072/1236 | image_id=402802 | pairwise=37249 | batch=5918 | skipped=511
[progress 2026-04-08 02:26:28] build_training_datasets: [===================>....] 6456/7416 (87.1%) | 41m18s<6m08s | record=1076/1236 | image_id=404038 | pairwise=37419 | batch=5942 | skipped=514
[progress 2026-04-08 02:26:38] build_training_datasets: [===================>....] 6483/7416 (87.4%) | 41m28s<5m58s | record=1081/1236 | image_id=407814 | pairwise=37548 | batch=5966 | skipped=517
[progress 2026-04-08 02:26:48] build_training_datasets: [====================>...] 6514/7416 (87.8%) | 41m38s<5m46s | record=1086/1236 | image_id=409113 | pairwise=37670 | batch=5992 | skipped=522
[progress 2026-04-08 02:27:23] build_training_datasets: [====================>...] 6528/7416 (88.0%) | 42m13s<5m45s | record=1088/1236 | image_id=410018 | pairwise=37768 | batch=6006 | skipped=522
[progress 2026-04-08 02:27:33] build_training_datasets: [====================>...] 6560/7416 (88.5%) | 42m23s<5m32s | record=1094/1236 | image_id=412646 | pairwise=37936 | batch=6035 | skipped=525
[progress 2026-04-08 02:27:43] build_training_datasets: [====================>...] 6590/7416 (88.9%) | 42m33s<5m20s | record=1099/1236 | image_id=415717 | pairwise=38101 | batch=6065 | skipped=525
[progress 2026-04-08 02:27:54] build_training_datasets: [====================>...] 6615/7416 (89.2%) | 42m44s<5m10s | record=1103/1236 | image_id=419392 | pairwise=38272 | batch=6090 | skipped=525
[progress 2026-04-08 02:28:04] build_training_datasets: [====================>...] 6644/7416 (89.6%) | 42m54s<4m59s | record=1108/1236 | image_id=420163 | pairwise=38449 | batch=6118 | skipped=526
[progress 2026-04-08 02:28:14] build_training_datasets: [====================>...] 6678/7416 (90.0%) | 43m04s<4m46s | record=1113/1236 | image_id=420507 | pairwise=38587 | batch=6146 | skipped=532
[progress 2026-04-08 02:28:25] build_training_datasets: [====================>...] 6711/7416 (90.5%) | 43m15s<4m33s | record=1119/1236 | image_id=421576 | pairwise=38742 | batch=6173 | skipped=538
[progress 2026-04-08 02:28:35] build_training_datasets: [====================>...] 6741/7416 (90.9%) | 43m25s<4m21s | record=1124/1236 | image_id=422156 | pairwise=38887 | batch=6195 | skipped=546
[progress 2026-04-08 02:28:45] build_training_datasets: [====================>...] 6771/7416 (91.3%) | 43m35s<4m09s | record=1129/1236 | image_id=423661 | pairwise=39078 | batch=6225 | skipped=546
[progress 2026-04-08 02:28:55] build_training_datasets: [====================>...] 6796/7416 (91.6%) | 43m45s<3m59s | record=1133/1236 | image_id=424852 | pairwise=39240 | batch=6250 | skipped=546
[progress 2026-04-08 02:29:05] build_training_datasets: [=====================>..] 6826/7416 (92.0%) | 43m55s<3m48s | record=1138/1236 | image_id=427629 | pairwise=39388 | batch=6273 | skipped=553
[progress 2026-04-08 02:29:15] build_training_datasets: [=====================>..] 6859/7416 (92.5%) | 44m05s<3m35s | record=1144/1236 | image_id=432318 | pairwise=39531 | batch=6304 | skipped=555
[progress 2026-04-08 02:29:26] build_training_datasets: [=====================>..] 6887/7416 (92.9%) | 44m16s<3m24s | record=1148/1236 | image_id=433761 | pairwise=39706 | batch=6332 | skipped=555
[progress 2026-04-08 02:29:36] build_training_datasets: [=====================>..] 6915/7416 (93.2%) | 44m26s<3m13s | record=1153/1236 | image_id=440278 | pairwise=39857 | batch=6356 | skipped=559
[progress 2026-04-08 02:29:46] build_training_datasets: [=====================>..] 6944/7416 (93.6%) | 44m36s<3m02s | record=1158/1236 | image_id=442238 | pairwise=40008 | batch=6383 | skipped=561
[progress 2026-04-08 02:29:56] build_training_datasets: [=====================>..] 6970/7416 (94.0%) | 44m46s<2m52s | record=1162/1236 | image_id=444040 | pairwise=40194 | batch=6409 | skipped=561
[progress 2026-04-08 02:30:07] build_training_datasets: [=====================>..] 7003/7416 (94.4%) | 44m57s<2m39s | record=1168/1236 | image_id=450670 | pairwise=40357 | batch=6434 | skipped=569
[progress 2026-04-08 02:30:17] build_training_datasets: [=====================>..] 7032/7416 (94.8%) | 45m07s<2m28s | record=1172/1236 | image_id=452054 | pairwise=40524 | batch=6461 | skipped=571
[progress 2026-04-08 02:30:27] build_training_datasets: [=====================>..] 7063/7416 (95.2%) | 45m17s<2m16s | record=1178/1236 | image_id=456935 | pairwise=40672 | batch=6487 | skipped=576
[progress 2026-04-08 02:30:38] build_training_datasets: [=====================>..] 7091/7416 (95.6%) | 45m27s<2m05s | record=1182/1236 | image_id=459372 | pairwise=40874 | batch=6515 | skipped=576
[progress 2026-04-08 02:30:48] build_training_datasets: [======================>.] 7124/7416 (96.1%) | 45m37s<1m52s | record=1188/1236 | image_id=463742 | pairwise=41027 | batch=6545 | skipped=579
[progress 2026-04-08 02:30:58] build_training_datasets: [======================>.] 7154/7416 (96.5%) | 45m48s<1m41s | record=1193/1236 | image_id=470220 | pairwise=41227 | batch=6571 | skipped=583
[progress 2026-04-08 02:31:32] build_training_datasets: [======================>.] 7160/7416 (96.5%) | 46m22s<1m39s | record=1194/1236 | image_id=470237 | pairwise=41276 | batch=6577 | skipped=583
[progress 2026-04-08 02:31:42] build_training_datasets: [======================>.] 7186/7416 (96.9%) | 46m32s<1m29s | record=1198/1236 | image_id=474276 | pairwise=41431 | batch=6603 | skipped=583
[progress 2026-04-08 02:31:52] build_training_datasets: [======================>.] 7213/7416 (97.3%) | 46m42s<1m19s | record=1203/1236 | image_id=476093 | pairwise=41575 | batch=6628 | skipped=585
[progress 2026-04-08 02:32:02] build_training_datasets: [======================>.] 7237/7416 (97.6%) | 46m52s<1m10s | record=1207/1236 | image_id=481177 | pairwise=41743 | batch=6652 | skipped=585
[progress 2026-04-08 02:32:13] build_training_datasets: [======================>.] 7265/7416 (98.0%) | 47m03s<58.7s | record=1211/1236 | image_id=485300 | pairwise=41927 | batch=6680 | skipped=585
[progress 2026-04-08 02:32:23] build_training_datasets: [======================>.] 7295/7416 (98.4%) | 47m13s<47.0s | record=1216/1236 | image_id=490673 | pairwise=42081 | batch=6708 | skipped=587
[progress 2026-04-08 02:32:33] build_training_datasets: [======================>.] 7322/7416 (98.7%) | 47m23s<36.5s | record=1221/1236 | image_id=492659 | pairwise=42244 | batch=6734 | skipped=588
[progress 2026-04-08 02:32:43] build_training_datasets: [======================>.] 7353/7416 (99.2%) | 47m33s<24.4s | record=1226/1236 | image_id=494896 | pairwise=42401 | batch=6762 | skipped=591
[progress 2026-04-08 02:32:53] build_training_datasets: [======================>.] 7380/7416 (99.5%) | 47m43s<14.0s | record=1230/1236 | image_id=496749 | pairwise=42598 | batch=6788 | skipped=592
[progress 2026-04-08 02:33:04] build_training_datasets: [======================>.] 7414/7416 (100.0%) | 47m53s<0.8s | record=1236/1236 | image_id=499425 | pairwise=42786 | batch=6817 | skipped=597
[progress 2026-04-08 02:33:04] build_training_datasets: [========================] 7416/7416 (100.0%) | 47m54s | record=1236/1236 | image_id=499425 | pairwise=42805 | batch=6819 | skipped=597
[progress 2026-04-08 02:33:04] build_training_datasets: [========================] 7416/7416 (100.0%) | 47m54s | records=1236 | pairwise=42805 | listwise=6819 | decision=7416 | checklist=153418 | regression=153418 | canonical=6819 | batch=6819 | skipped=597
[progress 2026-04-08 02:33:04] build_finalscore_training_data: build_qa_summary
[progress 2026-04-08 02:33:06] build_qa_summary: start total=13638 unit=rows
[progress 2026-04-08 02:33:06] build_qa_summary: [........................] 250/13638 (1.8%) | 0.0s<1.4s | phase=batch_rows | image_id=238026
[progress 2026-04-08 02:33:06] build_qa_summary: [........................] 500/13638 (3.7%) | 0.0s<1.3s | phase=batch_rows | image_id=275811
[progress 2026-04-08 02:33:06] build_qa_summary: [>.......................] 750/13638 (5.5%) | 0.1s<1.2s | phase=batch_rows | image_id=310696
[progress 2026-04-08 02:33:06] build_qa_summary: [>.......................] 1000/13638 (7.3%) | 0.1s<1.2s | phase=batch_rows | image_id=414429
[progress 2026-04-08 02:33:06] build_qa_summary: [=>......................] 1250/13638 (9.2%) | 0.1s<1.2s | phase=batch_rows | image_id=220203
[progress 2026-04-08 02:33:06] build_qa_summary: [=>......................] 1500/13638 (11.0%) | 0.1s<1.2s | phase=batch_rows | image_id=222391
[progress 2026-04-08 02:33:06] build_qa_summary: [==>.....................] 1750/13638 (12.8%) | 0.2s<1.1s | phase=batch_rows | image_id=230758
[progress 2026-04-08 02:33:06] build_qa_summary: [==>.....................] 2000/13638 (14.7%) | 0.2s<1.1s | phase=batch_rows | image_id=236379
[progress 2026-04-08 02:33:06] build_qa_summary: [==>.....................] 2250/13638 (16.5%) | 0.2s<1.1s | phase=batch_rows | image_id=239210
[progress 2026-04-08 02:33:06] build_qa_summary: [===>....................] 2500/13638 (18.3%) | 0.2s<1.1s | phase=batch_rows | image_id=247014
[progress 2026-04-08 02:33:06] build_qa_summary: [===>....................] 2750/13638 (20.2%) | 0.3s<1.0s | phase=batch_rows | image_id=252770
[progress 2026-04-08 02:33:06] build_qa_summary: [====>...................] 3000/13638 (22.0%) | 0.3s<1.0s | phase=batch_rows | image_id=260759
[progress 2026-04-08 02:33:06] build_qa_summary: [====>...................] 3250/13638 (23.8%) | 0.3s<1.0s | phase=batch_rows | image_id=272046
[progress 2026-04-08 02:33:07] build_qa_summary: [=====>..................] 3500/13638 (25.7%) | 0.3s<1.0s | phase=batch_rows | image_id=280063
[progress 2026-04-08 02:33:07] build_qa_summary: [=====>..................] 3750/13638 (27.5%) | 0.4s<0.9s | phase=batch_rows | image_id=291048
[progress 2026-04-08 02:33:07] build_qa_summary: [======>.................] 4000/13638 (29.3%) | 0.4s<0.9s | phase=batch_rows | image_id=296607
[progress 2026-04-08 02:33:07] build_qa_summary: [======>.................] 4250/13638 (31.2%) | 0.4s<0.9s | phase=batch_rows | image_id=300787
[progress 2026-04-08 02:33:07] build_qa_summary: [======>.................] 4500/13638 (33.0%) | 0.4s<0.9s | phase=batch_rows | image_id=304558
[progress 2026-04-08 02:33:07] build_qa_summary: [=======>................] 4750/13638 (34.8%) | 0.5s<0.9s | phase=batch_rows | image_id=311919
[progress 2026-04-08 02:33:07] build_qa_summary: [=======>................] 5000/13638 (36.7%) | 0.5s<0.8s | phase=batch_rows | image_id=321167
[progress 2026-04-08 02:33:07] build_qa_summary: [========>...............] 5250/13638 (38.5%) | 0.5s<0.8s | phase=batch_rows | image_id=326566
[progress 2026-04-08 02:33:07] build_qa_summary: [========>...............] 5500/13638 (40.3%) | 0.5s<0.8s | phase=batch_rows | image_id=340700
[progress 2026-04-08 02:33:07] build_qa_summary: [=========>..............] 5750/13638 (42.2%) | 0.6s<0.8s | phase=batch_rows | image_id=395686
[progress 2026-04-08 02:33:07] build_qa_summary: [=========>..............] 6000/13638 (44.0%) | 0.6s<0.7s | phase=batch_rows | image_id=410011
[progress 2026-04-08 02:33:07] build_qa_summary: [=========>..............] 6250/13638 (45.8%) | 0.6s<0.7s | phase=batch_rows | image_id=424852
[progress 2026-04-08 02:33:07] build_qa_summary: [==========>.............] 6500/13638 (47.7%) | 0.6s<0.7s | phase=batch_rows | image_id=458525
[progress 2026-04-08 02:33:07] build_qa_summary: [==========>.............] 6750/13638 (49.5%) | 0.6s<0.7s | phase=batch_rows | image_id=493063
[progress 2026-04-08 02:33:07] build_qa_summary: [===========>............] 7000/13638 (51.3%) | 0.7s<0.6s | phase=canonical_rows | image_id=232826
[progress 2026-04-08 02:33:07] build_qa_summary: [===========>............] 7250/13638 (53.2%) | 0.7s<0.6s | phase=canonical_rows | image_id=261821
[progress 2026-04-08 02:33:07] build_qa_summary: [============>...........] 7500/13638 (55.0%) | 0.7s<0.6s | phase=canonical_rows | image_id=300380
[progress 2026-04-08 02:33:07] build_qa_summary: [============>...........] 7750/13638 (56.8%) | 0.7s<0.5s | phase=canonical_rows | image_id=341906
[progress 2026-04-08 02:33:07] build_qa_summary: [=============>..........] 8000/13638 (58.7%) | 0.7s<0.5s | phase=canonical_rows | image_id=218572
[progress 2026-04-08 02:33:07] build_qa_summary: [=============>..........] 8250/13638 (60.5%) | 0.7s<0.5s | phase=canonical_rows | image_id=221804
[progress 2026-04-08 02:33:07] build_qa_summary: [=============>..........] 8500/13638 (62.3%) | 0.8s<0.5s | phase=canonical_rows | image_id=230271
[progress 2026-04-08 02:33:07] build_qa_summary: [==============>.........] 8750/13638 (64.2%) | 0.8s<0.4s | phase=canonical_rows | image_id=235488
[progress 2026-04-08 02:33:07] build_qa_summary: [==============>.........] 9000/13638 (66.0%) | 0.8s<0.4s | phase=canonical_rows | image_id=238669
[progress 2026-04-08 02:33:07] build_qa_summary: [===============>........] 9250/13638 (67.8%) | 0.8s<0.4s | phase=canonical_rows | image_id=244561
[progress 2026-04-08 02:33:07] build_qa_summary: [===============>........] 9500/13638 (69.7%) | 0.8s<0.4s | phase=canonical_rows | image_id=252318
[progress 2026-04-08 02:33:07] build_qa_summary: [================>.......] 9750/13638 (71.5%) | 0.9s<0.3s | phase=canonical_rows | image_id=256341
[progress 2026-04-08 02:33:07] build_qa_summary: [================>.......] 10000/13638 (73.3%) | 0.9s<0.3s | phase=canonical_rows | image_id=270591
[progress 2026-04-08 02:33:07] build_qa_summary: [=================>......] 10250/13638 (75.2%) | 0.9s<0.3s | phase=canonical_rows | image_id=278969
[progress 2026-04-08 02:33:07] build_qa_summary: [=================>......] 10500/13638 (77.0%) | 0.9s<0.3s | phase=canonical_rows | image_id=287921
[progress 2026-04-08 02:33:07] build_qa_summary: [=================>......] 10750/13638 (78.8%) | 0.9s<0.3s | phase=canonical_rows | image_id=293774
[progress 2026-04-08 02:33:07] build_qa_summary: [==================>.....] 11000/13638 (80.7%) | 1.0s<0.2s | phase=canonical_rows | image_id=300463
[progress 2026-04-08 02:33:07] build_qa_summary: [==================>.....] 11250/13638 (82.5%) | 1.0s<0.2s | phase=canonical_rows | image_id=302853
[progress 2026-04-08 02:33:07] build_qa_summary: [===================>....] 11500/13638 (84.3%) | 1.0s<0.2s | phase=canonical_rows | image_id=309778
[progress 2026-04-08 02:33:07] build_qa_summary: [===================>....] 11750/13638 (86.2%) | 1.0s<0.2s | phase=canonical_rows | image_id=318726
[progress 2026-04-08 02:33:07] build_qa_summary: [====================>...] 12000/13638 (88.0%) | 1.0s<0.1s | phase=canonical_rows | image_id=324574
[progress 2026-04-08 02:33:07] build_qa_summary: [====================>...] 12250/13638 (89.8%) | 1.0s<0.1s | phase=canonical_rows | image_id=332764
[progress 2026-04-08 02:33:07] build_qa_summary: [====================>...] 12500/13638 (91.7%) | 1.1s<0.1s | phase=canonical_rows | image_id=390639
[progress 2026-04-08 02:33:07] build_qa_summary: [=====================>..] 12750/13638 (93.5%) | 1.1s<0.1s | phase=canonical_rows | image_id=403270
[progress 2026-04-08 02:33:07] build_qa_summary: [=====================>..] 13000/13638 (95.3%) | 1.1s<0.1s | phase=canonical_rows | image_id=421678
[progress 2026-04-08 02:33:07] build_qa_summary: [======================>.] 13250/13638 (97.2%) | 1.1s<0.0s | phase=canonical_rows | image_id=450416
[progress 2026-04-08 02:33:07] build_qa_summary: [======================>.] 13500/13638 (99.0%) | 1.1s<0.0s | phase=canonical_rows | image_id=485300
[progress 2026-04-08 02:33:07] build_qa_summary: [========================] 13638/13638 (100.0%) | 1.1s | phase=canonical_rows | image_id=499425
[progress 2026-04-08 02:33:07] build_qa_summary: [========================] 13638/13638 (100.0%) | 1.1s | pairwise=42805 | batch=6819 | canonical=6819
[progress 2026-04-08 02:33:08] build_finalscore_training_data: validate_datasets
[progress 2026-04-08 02:33:08] validate_datasets: start total=13638 unit=rows
[progress 2026-04-08 02:33:08] validate_datasets: [........................] 250/13638 (1.8%) | 0.0s<1.5s | phase=canonical_rows | image_id=238026
[progress 2026-04-08 02:33:08] validate_datasets: [........................] 500/13638 (3.7%) | 0.1s<1.5s | phase=canonical_rows | image_id=275811
[progress 2026-04-08 02:33:08] validate_datasets: [>.......................] 750/13638 (5.5%) | 0.1s<1.5s | phase=canonical_rows | image_id=310696
[progress 2026-04-08 02:33:08] validate_datasets: [>.......................] 1000/13638 (7.3%) | 0.1s<1.4s | phase=canonical_rows | image_id=414429
[progress 2026-04-08 02:33:08] validate_datasets: [=>......................] 1250/13638 (9.2%) | 0.1s<1.4s | phase=canonical_rows | image_id=220203
[progress 2026-04-08 02:33:08] validate_datasets: [=>......................] 1500/13638 (11.0%) | 0.2s<1.4s | phase=canonical_rows | image_id=222391
[progress 2026-04-08 02:33:08] validate_datasets: [==>.....................] 1750/13638 (12.8%) | 0.2s<1.4s | phase=canonical_rows | image_id=230758
[progress 2026-04-08 02:33:08] validate_datasets: [==>.....................] 2000/13638 (14.7%) | 0.2s<1.3s | phase=canonical_rows | image_id=236379
[progress 2026-04-08 02:33:08] validate_datasets: [==>.....................] 2250/13638 (16.5%) | 0.3s<1.3s | phase=canonical_rows | image_id=239210
[progress 2026-04-08 02:33:08] validate_datasets: [===>....................] 2500/13638 (18.3%) | 0.3s<1.3s | phase=canonical_rows | image_id=247014
[progress 2026-04-08 02:33:08] validate_datasets: [===>....................] 2750/13638 (20.2%) | 0.3s<1.3s | phase=canonical_rows | image_id=252770
[progress 2026-04-08 02:33:08] validate_datasets: [====>...................] 3000/13638 (22.0%) | 0.3s<1.2s | phase=canonical_rows | image_id=260759
[progress 2026-04-08 02:33:08] validate_datasets: [====>...................] 3250/13638 (23.8%) | 0.4s<1.2s | phase=canonical_rows | image_id=272046
[progress 2026-04-08 02:33:08] validate_datasets: [=====>..................] 3500/13638 (25.7%) | 0.4s<1.2s | phase=canonical_rows | image_id=280063
[progress 2026-04-08 02:33:08] validate_datasets: [=====>..................] 3750/13638 (27.5%) | 0.4s<1.2s | phase=canonical_rows | image_id=291048
[progress 2026-04-08 02:33:08] validate_datasets: [======>.................] 4000/13638 (29.3%) | 0.5s<1.1s | phase=canonical_rows | image_id=296607
[progress 2026-04-08 02:33:08] validate_datasets: [======>.................] 4250/13638 (31.2%) | 0.5s<1.1s | phase=canonical_rows | image_id=300787
[progress 2026-04-08 02:33:08] validate_datasets: [======>.................] 4500/13638 (33.0%) | 0.5s<1.1s | phase=canonical_rows | image_id=304558
[progress 2026-04-08 02:33:08] validate_datasets: [=======>................] 4750/13638 (34.8%) | 0.6s<1.0s | phase=canonical_rows | image_id=311919
[progress 2026-04-08 02:33:08] validate_datasets: [=======>................] 5000/13638 (36.7%) | 0.6s<1.0s | phase=canonical_rows | image_id=321167
[progress 2026-04-08 02:33:08] validate_datasets: [========>...............] 5250/13638 (38.5%) | 0.6s<1.0s | phase=canonical_rows | image_id=326566
[progress 2026-04-08 02:33:08] validate_datasets: [========>...............] 5500/13638 (40.3%) | 0.6s<1.0s | phase=canonical_rows | image_id=340700
[progress 2026-04-08 02:33:08] validate_datasets: [=========>..............] 5750/13638 (42.2%) | 0.7s<0.9s | phase=canonical_rows | image_id=395686
[progress 2026-04-08 02:33:08] validate_datasets: [=========>..............] 6000/13638 (44.0%) | 0.7s<0.9s | phase=canonical_rows | image_id=410011
[progress 2026-04-08 02:33:08] validate_datasets: [=========>..............] 6250/13638 (45.8%) | 0.7s<0.9s | phase=canonical_rows | image_id=424852
[progress 2026-04-08 02:33:09] validate_datasets: [==========>.............] 6500/13638 (47.7%) | 0.8s<0.8s | phase=canonical_rows | image_id=458525
[progress 2026-04-08 02:33:09] validate_datasets: [==========>.............] 6750/13638 (49.5%) | 0.8s<0.8s | phase=canonical_rows | image_id=493063
[progress 2026-04-08 02:33:09] validate_datasets: [===========>............] 7000/13638 (51.3%) | 0.8s<0.8s | phase=batch_rows | image_id=232826
[progress 2026-04-08 02:33:09] validate_datasets: [===========>............] 7250/13638 (53.2%) | 0.8s<0.7s | phase=batch_rows | image_id=261821
[progress 2026-04-08 02:33:09] validate_datasets: [============>...........] 7500/13638 (55.0%) | 0.9s<0.7s | phase=batch_rows | image_id=300380
[progress 2026-04-08 02:33:09] validate_datasets: [============>...........] 7750/13638 (56.8%) | 0.9s<0.7s | phase=batch_rows | image_id=341906
[progress 2026-04-08 02:33:09] validate_datasets: [=============>..........] 8000/13638 (58.7%) | 0.9s<0.7s | phase=batch_rows | image_id=218572
[progress 2026-04-08 02:33:09] validate_datasets: [=============>..........] 8250/13638 (60.5%) | 1.0s<0.6s | phase=batch_rows | image_id=221804
[progress 2026-04-08 02:33:09] validate_datasets: [=============>..........] 8500/13638 (62.3%) | 1.0s<0.6s | phase=batch_rows | image_id=230271
[progress 2026-04-08 02:33:09] validate_datasets: [==============>.........] 8750/13638 (64.2%) | 1.0s<0.6s | phase=batch_rows | image_id=235488
[progress 2026-04-08 02:33:09] validate_datasets: [==============>.........] 9000/13638 (66.0%) | 1.1s<0.6s | phase=batch_rows | image_id=238669
[progress 2026-04-08 02:33:09] validate_datasets: [===============>........] 9250/13638 (67.8%) | 1.1s<0.5s | phase=batch_rows | image_id=244561
[progress 2026-04-08 02:33:09] validate_datasets: [===============>........] 9500/13638 (69.7%) | 1.2s<0.5s | phase=batch_rows | image_id=252318
[progress 2026-04-08 02:33:09] validate_datasets: [================>.......] 9750/13638 (71.5%) | 1.2s<0.5s | phase=batch_rows | image_id=256341
[progress 2026-04-08 02:33:09] validate_datasets: [================>.......] 10000/13638 (73.3%) | 1.2s<0.4s | phase=batch_rows | image_id=270591
[progress 2026-04-08 02:33:09] validate_datasets: [=================>......] 10250/13638 (75.2%) | 1.3s<0.4s | phase=batch_rows | image_id=278969
[progress 2026-04-08 02:33:09] validate_datasets: [=================>......] 10500/13638 (77.0%) | 1.3s<0.4s | phase=batch_rows | image_id=287921
[progress 2026-04-08 02:33:09] validate_datasets: [=================>......] 10750/13638 (78.8%) | 1.3s<0.4s | phase=batch_rows | image_id=293774
[progress 2026-04-08 02:33:09] validate_datasets: [==================>.....] 11000/13638 (80.7%) | 1.4s<0.3s | phase=batch_rows | image_id=300463
[progress 2026-04-08 02:33:09] validate_datasets: [==================>.....] 11250/13638 (82.5%) | 1.4s<0.3s | phase=batch_rows | image_id=302853
[progress 2026-04-08 02:33:09] validate_datasets: [===================>....] 11500/13638 (84.3%) | 1.5s<0.3s | phase=batch_rows | image_id=309778
[progress 2026-04-08 02:33:09] validate_datasets: [===================>....] 11750/13638 (86.2%) | 1.5s<0.2s | phase=batch_rows | image_id=318726
[progress 2026-04-08 02:33:09] validate_datasets: [====================>...] 12000/13638 (88.0%) | 1.5s<0.2s | phase=batch_rows | image_id=324574
[progress 2026-04-08 02:33:09] validate_datasets: [====================>...] 12250/13638 (89.8%) | 1.6s<0.2s | phase=batch_rows | image_id=332764
[progress 2026-04-08 02:33:09] validate_datasets: [====================>...] 12500/13638 (91.7%) | 1.6s<0.1s | phase=batch_rows | image_id=390639
[progress 2026-04-08 02:33:09] validate_datasets: [=====================>..] 12750/13638 (93.5%) | 1.6s<0.1s | phase=batch_rows | image_id=403270
[progress 2026-04-08 02:33:09] validate_datasets: [=====================>..] 13000/13638 (95.3%) | 1.7s<0.1s | phase=batch_rows | image_id=421678
[progress 2026-04-08 02:33:09] validate_datasets: [======================>.] 13250/13638 (97.2%) | 1.7s<0.0s | phase=batch_rows | image_id=450416
[progress 2026-04-08 02:33:09] validate_datasets: [======================>.] 13500/13638 (99.0%) | 1.7s<0.0s | phase=batch_rows | image_id=485300
[progress 2026-04-08 02:33:10] validate_datasets: [========================] 13638/13638 (100.0%) | 1.7s | phase=batch_rows | image_id=499425
[progress 2026-04-08 02:33:10] validate_datasets: [========================] 13638/13638 (100.0%) | 1.7s | errors=0 | warnings=0
[progress 2026-04-08 02:33:10] build_finalscore_training_data: collect_label_guide_summary
[progress 2026-04-08 02:33:10] collect_label_guide_summary: start total=13638 unit=rows
[progress 2026-04-08 02:33:10] collect_label_guide_summary: [........................] 250/13638 (1.8%) | 0.2s<10.2s | phase=canonical_rows | image_id=238026
[progress 2026-04-08 02:33:10] collect_label_guide_summary: [........................] 500/13638 (3.7%) | 0.4s<10.3s | phase=canonical_rows | image_id=275811
[progress 2026-04-08 02:33:10] collect_label_guide_summary: [>.......................] 750/13638 (5.5%) | 0.6s<10.1s | phase=canonical_rows | image_id=310696
[progress 2026-04-08 02:33:10] collect_label_guide_summary: [>.......................] 1000/13638 (7.3%) | 0.8s<9.9s | phase=canonical_rows | image_id=414429
[progress 2026-04-08 02:33:10] collect_label_guide_summary: [=>......................] 1250/13638 (9.2%) | 1.0s<9.9s | phase=canonical_rows | image_id=220203
[progress 2026-04-08 02:33:11] collect_label_guide_summary: [=>......................] 1500/13638 (11.0%) | 1.2s<9.7s | phase=canonical_rows | image_id=222391
[progress 2026-04-08 02:33:11] collect_label_guide_summary: [==>.....................] 1750/13638 (12.8%) | 1.4s<9.5s | phase=canonical_rows | image_id=230758
[progress 2026-04-08 02:33:11] collect_label_guide_summary: [==>.....................] 2000/13638 (14.7%) | 1.6s<9.2s | phase=canonical_rows | image_id=236379
[progress 2026-04-08 02:33:11] collect_label_guide_summary: [==>.....................] 2250/13638 (16.5%) | 1.8s<9.0s | phase=canonical_rows | image_id=239210
[progress 2026-04-08 02:33:11] collect_label_guide_summary: [===>....................] 2500/13638 (18.3%) | 2.0s<8.9s | phase=canonical_rows | image_id=247014
[progress 2026-04-08 02:33:12] collect_label_guide_summary: [===>....................] 2750/13638 (20.2%) | 2.2s<8.6s | phase=canonical_rows | image_id=252770
[progress 2026-04-08 02:33:12] collect_label_guide_summary: [====>...................] 3000/13638 (22.0%) | 2.4s<8.5s | phase=canonical_rows | image_id=260759
[progress 2026-04-08 02:33:12] collect_label_guide_summary: [====>...................] 3250/13638 (23.8%) | 2.6s<8.3s | phase=canonical_rows | image_id=272046
[progress 2026-04-08 02:33:12] collect_label_guide_summary: [=====>..................] 3500/13638 (25.7%) | 2.8s<8.1s | phase=canonical_rows | image_id=280063
[progress 2026-04-08 02:33:13] collect_label_guide_summary: [=====>..................] 3750/13638 (27.5%) | 3.0s<7.9s | phase=canonical_rows | image_id=291048
[progress 2026-04-08 02:33:13] collect_label_guide_summary: [======>.................] 4000/13638 (29.3%) | 3.2s<7.7s | phase=canonical_rows | image_id=296607
[progress 2026-04-08 02:33:13] collect_label_guide_summary: [======>.................] 4250/13638 (31.2%) | 3.4s<7.6s | phase=canonical_rows | image_id=300787
[progress 2026-04-08 02:33:13] collect_label_guide_summary: [======>.................] 4500/13638 (33.0%) | 3.6s<7.3s | phase=canonical_rows | image_id=304558
[progress 2026-04-08 02:33:13] collect_label_guide_summary: [=======>................] 4750/13638 (34.8%) | 3.8s<7.1s | phase=canonical_rows | image_id=311919
[progress 2026-04-08 02:33:14] collect_label_guide_summary: [=======>................] 5000/13638 (36.7%) | 4.0s<6.9s | phase=canonical_rows | image_id=321167
[progress 2026-04-08 02:33:14] collect_label_guide_summary: [========>...............] 5250/13638 (38.5%) | 4.2s<6.7s | phase=canonical_rows | image_id=326566
[progress 2026-04-08 02:33:14] collect_label_guide_summary: [========>...............] 5500/13638 (40.3%) | 4.4s<6.5s | phase=canonical_rows | image_id=340700
[progress 2026-04-08 02:33:14] collect_label_guide_summary: [=========>..............] 5750/13638 (42.2%) | 4.6s<6.3s | phase=canonical_rows | image_id=395686
[progress 2026-04-08 02:33:14] collect_label_guide_summary: [=========>..............] 6000/13638 (44.0%) | 4.8s<6.1s | phase=canonical_rows | image_id=410011
[progress 2026-04-08 02:33:14] collect_label_guide_summary: [=========>..............] 6250/13638 (45.8%) | 5.0s<5.9s | phase=canonical_rows | image_id=424852
[progress 2026-04-08 02:33:15] collect_label_guide_summary: [==========>.............] 6500/13638 (47.7%) | 5.2s<5.7s | phase=canonical_rows | image_id=458525
[progress 2026-04-08 02:33:15] collect_label_guide_summary: [==========>.............] 6750/13638 (49.5%) | 5.4s<5.5s | phase=canonical_rows | image_id=493063
[progress 2026-04-08 02:33:15] collect_label_guide_summary: [===========>............] 7000/13638 (51.3%) | 5.4s<5.1s | phase=batch_rows | image_id=232826
[progress 2026-04-08 02:33:15] collect_label_guide_summary: [===========>............] 7250/13638 (53.2%) | 5.4s<4.8s | phase=batch_rows | image_id=261821
[progress 2026-04-08 02:33:15] collect_label_guide_summary: [============>...........] 7500/13638 (55.0%) | 5.4s<4.5s | phase=batch_rows | image_id=300380
[progress 2026-04-08 02:33:15] collect_label_guide_summary: [============>...........] 7750/13638 (56.8%) | 5.5s<4.1s | phase=batch_rows | image_id=341906
[progress 2026-04-08 02:33:15] collect_label_guide_summary: [=============>..........] 8000/13638 (58.7%) | 5.5s<3.9s | phase=batch_rows | image_id=218572
[progress 2026-04-08 02:33:15] collect_label_guide_summary: [=============>..........] 8250/13638 (60.5%) | 5.5s<3.6s | phase=batch_rows | image_id=221804
[progress 2026-04-08 02:33:15] collect_label_guide_summary: [=============>..........] 8500/13638 (62.3%) | 5.5s<3.3s | phase=batch_rows | image_id=230271
[progress 2026-04-08 02:33:15] collect_label_guide_summary: [==============>.........] 8750/13638 (64.2%) | 5.5s<3.1s | phase=batch_rows | image_id=235488
[progress 2026-04-08 02:33:15] collect_label_guide_summary: [==============>.........] 9000/13638 (66.0%) | 5.5s<2.8s | phase=batch_rows | image_id=238669
[progress 2026-04-08 02:33:15] collect_label_guide_summary: [===============>........] 9250/13638 (67.8%) | 5.5s<2.6s | phase=batch_rows | image_id=244561
[progress 2026-04-08 02:33:15] collect_label_guide_summary: [===============>........] 9500/13638 (69.7%) | 5.5s<2.4s | phase=batch_rows | image_id=252318
[progress 2026-04-08 02:33:15] collect_label_guide_summary: [================>.......] 9750/13638 (71.5%) | 5.5s<2.2s | phase=batch_rows | image_id=256341
[progress 2026-04-08 02:33:15] collect_label_guide_summary: [================>.......] 10000/13638 (73.3%) | 5.6s<2.0s | phase=batch_rows | image_id=270591
[progress 2026-04-08 02:33:15] collect_label_guide_summary: [=================>......] 10250/13638 (75.2%) | 5.6s<1.8s | phase=batch_rows | image_id=278969
[progress 2026-04-08 02:33:15] collect_label_guide_summary: [=================>......] 10500/13638 (77.0%) | 5.6s<1.7s | phase=batch_rows | image_id=287921
[progress 2026-04-08 02:33:15] collect_label_guide_summary: [=================>......] 10750/13638 (78.8%) | 5.6s<1.5s | phase=batch_rows | image_id=293774
[progress 2026-04-08 02:33:15] collect_label_guide_summary: [==================>.....] 11000/13638 (80.7%) | 5.6s<1.3s | phase=batch_rows | image_id=300463
[progress 2026-04-08 02:33:15] collect_label_guide_summary: [==================>.....] 11250/13638 (82.5%) | 5.6s<1.2s | phase=batch_rows | image_id=302853
[progress 2026-04-08 02:33:15] collect_label_guide_summary: [===================>....] 11500/13638 (84.3%) | 5.6s<1.0s | phase=batch_rows | image_id=309778
[progress 2026-04-08 02:33:15] collect_label_guide_summary: [===================>....] 11750/13638 (86.2%) | 5.6s<0.9s | phase=batch_rows | image_id=318726
[progress 2026-04-08 02:33:15] collect_label_guide_summary: [====================>...] 12000/13638 (88.0%) | 5.6s<0.8s | phase=batch_rows | image_id=324574
[progress 2026-04-08 02:33:15] collect_label_guide_summary: [====================>...] 12250/13638 (89.8%) | 5.7s<0.6s | phase=batch_rows | image_id=332764
[progress 2026-04-08 02:33:15] collect_label_guide_summary: [====================>...] 12500/13638 (91.7%) | 5.7s<0.5s | phase=batch_rows | image_id=390639
[progress 2026-04-08 02:33:15] collect_label_guide_summary: [=====================>..] 12750/13638 (93.5%) | 5.7s<0.4s | phase=batch_rows | image_id=403270
[progress 2026-04-08 02:33:15] collect_label_guide_summary: [=====================>..] 13000/13638 (95.3%) | 5.7s<0.3s | phase=batch_rows | image_id=421678
[progress 2026-04-08 02:33:15] collect_label_guide_summary: [======================>.] 13250/13638 (97.2%) | 5.7s<0.2s | phase=batch_rows | image_id=450416
[progress 2026-04-08 02:33:15] collect_label_guide_summary: [======================>.] 13500/13638 (99.0%) | 5.7s<0.1s | phase=batch_rows | image_id=485300
[progress 2026-04-08 02:33:15] collect_label_guide_summary: [========================] 13638/13638 (100.0%) | 5.7s | phase=batch_rows | image_id=499425
[progress 2026-04-08 02:33:15] collect_label_guide_summary: [========================] 13638/13638 (100.0%) | 5.7s | subject_modes=8 | policies=8 | decision_types=3
[progress 2026-04-08 02:33:15] build_finalscore_training_data: build_gaic_like_report_summary
[progress 2026-04-08 02:33:15] build_gaic_like_report_summary: start total=6819 unit=rows
[progress 2026-04-08 02:33:15] build_gaic_like_report_summary: [........................] 250/6819 (3.7%) | 0.0s<0.3s | image_id=238026
[progress 2026-04-08 02:33:15] build_gaic_like_report_summary: [>.......................] 500/6819 (7.3%) | 0.0s<0.3s | image_id=275811
[progress 2026-04-08 02:33:15] build_gaic_like_report_summary: [=>......................] 750/6819 (11.0%) | 0.0s<0.3s | image_id=310696
[progress 2026-04-08 02:33:15] build_gaic_like_report_summary: [==>.....................] 1000/6819 (14.7%) | 0.1s<0.3s | image_id=414429
[progress 2026-04-08 02:33:15] build_gaic_like_report_summary: [===>....................] 1250/6819 (18.3%) | 0.1s<0.3s | image_id=220203
[progress 2026-04-08 02:33:15] build_gaic_like_report_summary: [====>...................] 1500/6819 (22.0%) | 0.1s<0.3s | image_id=222391
[progress 2026-04-08 02:33:15] build_gaic_like_report_summary: [=====>..................] 1750/6819 (25.7%) | 0.1s<0.3s | image_id=230758
[progress 2026-04-08 02:33:15] build_gaic_like_report_summary: [======>.................] 2000/6819 (29.3%) | 0.1s<0.2s | image_id=236379
[progress 2026-04-08 02:33:15] build_gaic_like_report_summary: [======>.................] 2250/6819 (33.0%) | 0.1s<0.2s | image_id=239210
[progress 2026-04-08 02:33:15] build_gaic_like_report_summary: [=======>................] 2500/6819 (36.7%) | 0.1s<0.2s | image_id=247014
[progress 2026-04-08 02:33:15] build_gaic_like_report_summary: [========>...............] 2750/6819 (40.3%) | 0.1s<0.2s | image_id=252770
[progress 2026-04-08 02:33:15] build_gaic_like_report_summary: [=========>..............] 3000/6819 (44.0%) | 0.2s<0.2s | image_id=260759
[progress 2026-04-08 02:33:15] build_gaic_like_report_summary: [==========>.............] 3250/6819 (47.7%) | 0.2s<0.2s | image_id=272046
[progress 2026-04-08 02:33:15] build_gaic_like_report_summary: [===========>............] 3500/6819 (51.3%) | 0.2s<0.2s | image_id=280063
[progress 2026-04-08 02:33:15] build_gaic_like_report_summary: [============>...........] 3750/6819 (55.0%) | 0.2s<0.2s | image_id=291048
[progress 2026-04-08 02:33:15] build_gaic_like_report_summary: [=============>..........] 4000/6819 (58.7%) | 0.2s<0.1s | image_id=296607
[progress 2026-04-08 02:33:15] build_gaic_like_report_summary: [=============>..........] 4250/6819 (62.3%) | 0.2s<0.1s | image_id=300787
[progress 2026-04-08 02:33:15] build_gaic_like_report_summary: [==============>.........] 4500/6819 (66.0%) | 0.2s<0.1s | image_id=304558
[progress 2026-04-08 02:33:15] build_gaic_like_report_summary: [===============>........] 4750/6819 (69.7%) | 0.2s<0.1s | image_id=311919
[progress 2026-04-08 02:33:15] build_gaic_like_report_summary: [================>.......] 5000/6819 (73.3%) | 0.3s<0.1s | image_id=321167
[progress 2026-04-08 02:33:16] build_gaic_like_report_summary: [=================>......] 5250/6819 (77.0%) | 0.3s<0.1s | image_id=326566
[progress 2026-04-08 02:33:16] build_gaic_like_report_summary: [==================>.....] 5500/6819 (80.7%) | 0.3s<0.1s | image_id=340700
[progress 2026-04-08 02:33:16] build_gaic_like_report_summary: [===================>....] 5750/6819 (84.3%) | 0.3s<0.1s | image_id=395686
[progress 2026-04-08 02:33:16] build_gaic_like_report_summary: [====================>...] 6000/6819 (88.0%) | 0.3s<0.0s | image_id=410011
[progress 2026-04-08 02:33:16] build_gaic_like_report_summary: [====================>...] 6250/6819 (91.7%) | 0.3s<0.0s | image_id=424852
[progress 2026-04-08 02:33:16] build_gaic_like_report_summary: [=====================>..] 6500/6819 (95.3%) | 0.3s<0.0s | image_id=458525
[progress 2026-04-08 02:33:16] build_gaic_like_report_summary: [======================>.] 6750/6819 (99.0%) | 0.3s<0.0s | image_id=493063
[progress 2026-04-08 02:33:16] build_gaic_like_report_summary: [========================] 6819/6819 (100.0%) | 0.3s | image_id=499425
[progress 2026-04-08 02:33:16] build_gaic_like_report_summary: [========================] 6819/6819 (100.0%) | 0.3s | images=1225 | positive=13826 | negative=139592
[progress 2026-04-08 02:33:16] build_finalscore_training_data: build_report_examples
[progress 2026-04-08 02:33:17] build_report_examples: start total=8 unit=examples
[progress 2026-04-08 02:33:19] build_report_examples: [==>.....................] 1/8 (12.5%) | 1.4s<9.8s | image_id=210333 target_ar=16:9 candidate_visuals=5
[progress 2026-04-08 02:33:20] build_report_examples: [=====>..................] 2/8 (25.0%) | 2.7s<8.0s | image_id=210333 target_ar=1:1 candidate_visuals=5
[progress 2026-04-08 02:33:20] build_report_examples: [========>...............] 3/8 (37.5%) | 3.1s<5.1s | image_id=324556 target_ar=16:9 candidate_visuals=1
[progress 2026-04-08 02:33:21] build_report_examples: [===========>............] 4/8 (50.0%) | 3.9s<3.9s | image_id=324556 target_ar=1:1 candidate_visuals=4
[progress 2026-04-08 02:33:22] build_report_examples: [==============>.........] 5/8 (62.5%) | 4.9s<2.9s | image_id=211144 target_ar=FREE candidate_visuals=4
[progress 2026-04-08 02:33:23] build_report_examples: [=================>......] 6/8 (75.0%) | 5.7s<1.9s | image_id=217386 target_ar=FREE candidate_visuals=4
[progress 2026-04-08 02:33:24] build_report_examples: [====================>...] 7/8 (87.5%) | 6.8s<1.0s | image_id=210333 target_ar=FREE candidate_visuals=4
[progress 2026-04-08 02:33:25] build_report_examples: [========================] 8/8 (100.0%) | 7.9s | image_id=212000 target_ar=FREE candidate_visuals=4
[progress 2026-04-08 02:33:25] build_report_examples: [========================] 8/8 (100.0%) | 7.9s | rendered=8
[progress 2026-04-08 02:33:25] build_finalscore_training_data: write output jsonl files
[progress 2026-04-08 02:33:25] write_jsonl:train_pairwise.jsonl: start total=42805 unit=rows
[progress 2026-04-08 02:33:25] write_jsonl:train_pairwise.jsonl: [>.......................] 2500/42805 (5.8%) | 0.1s<0.9s | path=train_pairwise.jsonl
[progress 2026-04-08 02:33:25] write_jsonl:train_pairwise.jsonl: [=>......................] 5000/42805 (11.7%) | 0.1s<0.9s | path=train_pairwise.jsonl
[progress 2026-04-08 02:33:25] write_jsonl:train_pairwise.jsonl: [===>....................] 7500/42805 (17.5%) | 0.2s<0.8s | path=train_pairwise.jsonl
[progress 2026-04-08 02:33:26] write_jsonl:train_pairwise.jsonl: [====>...................] 10000/42805 (23.4%) | 0.2s<0.7s | path=train_pairwise.jsonl
[progress 2026-04-08 02:33:26] write_jsonl:train_pairwise.jsonl: [======>.................] 12500/42805 (29.2%) | 0.3s<0.7s | path=train_pairwise.jsonl
[progress 2026-04-08 02:33:26] write_jsonl:train_pairwise.jsonl: [=======>................] 15000/42805 (35.0%) | 0.3s<0.6s | path=train_pairwise.jsonl
[progress 2026-04-08 02:33:26] write_jsonl:train_pairwise.jsonl: [========>...............] 17500/42805 (40.9%) | 0.4s<0.6s | path=train_pairwise.jsonl
[progress 2026-04-08 02:33:26] write_jsonl:train_pairwise.jsonl: [==========>.............] 20000/42805 (46.7%) | 0.5s<0.5s | path=train_pairwise.jsonl
[progress 2026-04-08 02:33:26] write_jsonl:train_pairwise.jsonl: [===========>............] 22500/42805 (52.6%) | 0.5s<0.5s | path=train_pairwise.jsonl
[progress 2026-04-08 02:33:26] write_jsonl:train_pairwise.jsonl: [=============>..........] 25000/42805 (58.4%) | 0.6s<0.4s | path=train_pairwise.jsonl
[progress 2026-04-08 02:33:26] write_jsonl:train_pairwise.jsonl: [==============>.........] 27500/42805 (64.2%) | 0.6s<0.3s | path=train_pairwise.jsonl
[progress 2026-04-08 02:33:26] write_jsonl:train_pairwise.jsonl: [===============>........] 30000/42805 (70.1%) | 0.7s<0.3s | path=train_pairwise.jsonl
[progress 2026-04-08 02:33:26] write_jsonl:train_pairwise.jsonl: [=================>......] 32500/42805 (75.9%) | 0.7s<0.2s | path=train_pairwise.jsonl
[progress 2026-04-08 02:33:26] write_jsonl:train_pairwise.jsonl: [==================>.....] 35000/42805 (81.8%) | 0.8s<0.2s | path=train_pairwise.jsonl
[progress 2026-04-08 02:33:26] write_jsonl:train_pairwise.jsonl: [====================>...] 37500/42805 (87.6%) | 0.8s<0.1s | path=train_pairwise.jsonl
[progress 2026-04-08 02:33:26] write_jsonl:train_pairwise.jsonl: [=====================>..] 40000/42805 (93.4%) | 0.9s<0.1s | path=train_pairwise.jsonl
[progress 2026-04-08 02:33:26] write_jsonl:train_pairwise.jsonl: [======================>.] 42500/42805 (99.3%) | 1.0s<0.0s | path=train_pairwise.jsonl
[progress 2026-04-08 02:33:26] write_jsonl:train_pairwise.jsonl: [========================] 42805/42805 (100.0%) | 1.0s | path=train_pairwise.jsonl
[progress 2026-04-08 02:33:26] write_jsonl:train_pairwise.jsonl: [========================] 42805/42805 (100.0%) | 1.0s | path=train_pairwise.jsonl
[progress 2026-04-08 02:33:26] write_jsonl:train_listwise.jsonl: start total=6819 unit=rows
[progress 2026-04-08 02:33:28] write_jsonl:train_listwise.jsonl: [===>....................] 1250/6819 (18.3%) | 1.7s<7.7s | path=train_listwise.jsonl
[progress 2026-04-08 02:33:30] write_jsonl:train_listwise.jsonl: [=======>................] 2500/6819 (36.7%) | 3.5s<6.0s | path=train_listwise.jsonl
[progress 2026-04-08 02:33:32] write_jsonl:train_listwise.jsonl: [============>...........] 3750/6819 (55.0%) | 5.3s<4.4s | path=train_listwise.jsonl
[progress 2026-04-08 02:33:33] write_jsonl:train_listwise.jsonl: [================>.......] 5000/6819 (73.3%) | 7.2s<2.6s | path=train_listwise.jsonl
[progress 2026-04-08 02:33:35] write_jsonl:train_listwise.jsonl: [====================>...] 6250/6819 (91.7%) | 8.9s<0.8s | path=train_listwise.jsonl
[progress 2026-04-08 02:33:36] write_jsonl:train_listwise.jsonl: [========================] 6819/6819 (100.0%) | 9.7s | path=train_listwise.jsonl
[progress 2026-04-08 02:33:36] write_jsonl:train_listwise.jsonl: [========================] 6819/6819 (100.0%) | 9.7s | path=train_listwise.jsonl
[progress 2026-04-08 02:33:36] write_jsonl:train_decision.jsonl: start total=7416 unit=rows
[progress 2026-04-08 02:33:36] write_jsonl:train_decision.jsonl: [===>....................] 1250/7416 (16.9%) | 0.0s<0.2s | path=train_decision.jsonl
[progress 2026-04-08 02:33:36] write_jsonl:train_decision.jsonl: [=======>................] 2500/7416 (33.7%) | 0.1s<0.2s | path=train_decision.jsonl
[progress 2026-04-08 02:33:36] write_jsonl:train_decision.jsonl: [===========>............] 3750/7416 (50.6%) | 0.1s<0.1s | path=train_decision.jsonl
[progress 2026-04-08 02:33:36] write_jsonl:train_decision.jsonl: [===============>........] 5000/7416 (67.4%) | 0.2s<0.1s | path=train_decision.jsonl
[progress 2026-04-08 02:33:36] write_jsonl:train_decision.jsonl: [===================>....] 6250/7416 (84.3%) | 0.2s<0.0s | path=train_decision.jsonl
[progress 2026-04-08 02:33:36] write_jsonl:train_decision.jsonl: [========================] 7416/7416 (100.0%) | 0.2s | path=train_decision.jsonl
[progress 2026-04-08 02:33:36] write_jsonl:train_decision.jsonl: [========================] 7416/7416 (100.0%) | 0.2s | path=train_decision.jsonl
[progress 2026-04-08 02:33:36] write_jsonl:train_checklist.jsonl: start total=153418 unit=rows
[progress 2026-04-08 02:33:36] write_jsonl:train_checklist.jsonl: [........................] 2500/153418 (1.6%) | 0.3s<15.9s | path=train_checklist.jsonl
[progress 2026-04-08 02:33:37] write_jsonl:train_checklist.jsonl: [........................] 5000/153418 (3.3%) | 0.5s<15.5s | path=train_checklist.jsonl
[progress 2026-04-08 02:33:37] write_jsonl:train_checklist.jsonl: [>.......................] 7500/153418 (4.9%) | 0.8s<15.3s | path=train_checklist.jsonl
[progress 2026-04-08 02:33:37] write_jsonl:train_checklist.jsonl: [>.......................] 10000/153418 (6.5%) | 1.1s<15.1s | path=train_checklist.jsonl
[progress 2026-04-08 02:33:38] write_jsonl:train_checklist.jsonl: [>.......................] 12500/153418 (8.1%) | 1.3s<14.9s | path=train_checklist.jsonl
[progress 2026-04-08 02:33:38] write_jsonl:train_checklist.jsonl: [=>......................] 15000/153418 (9.8%) | 1.6s<14.7s | path=train_checklist.jsonl
[progress 2026-04-08 02:33:38] write_jsonl:train_checklist.jsonl: [=>......................] 17500/153418 (11.4%) | 1.9s<14.4s | path=train_checklist.jsonl
[progress 2026-04-08 02:33:38] write_jsonl:train_checklist.jsonl: [==>.....................] 20000/153418 (13.0%) | 2.1s<14.2s | path=train_checklist.jsonl
[progress 2026-04-08 02:33:39] write_jsonl:train_checklist.jsonl: [==>.....................] 22500/153418 (14.7%) | 2.4s<13.9s | path=train_checklist.jsonl
[progress 2026-04-08 02:33:39] write_jsonl:train_checklist.jsonl: [==>.....................] 25000/153418 (16.3%) | 2.6s<13.6s | path=train_checklist.jsonl
[progress 2026-04-08 02:33:39] write_jsonl:train_checklist.jsonl: [===>....................] 27500/153418 (17.9%) | 2.9s<13.3s | path=train_checklist.jsonl
[progress 2026-04-08 02:33:39] write_jsonl:train_checklist.jsonl: [===>....................] 30000/153418 (19.6%) | 3.2s<13.1s | path=train_checklist.jsonl
[progress 2026-04-08 02:33:40] write_jsonl:train_checklist.jsonl: [====>...................] 32500/153418 (21.2%) | 3.4s<12.8s | path=train_checklist.jsonl
[progress 2026-04-08 02:33:40] write_jsonl:train_checklist.jsonl: [====>...................] 35000/153418 (22.8%) | 3.7s<12.6s | path=train_checklist.jsonl
[progress 2026-04-08 02:33:40] write_jsonl:train_checklist.jsonl: [====>...................] 37500/153418 (24.4%) | 4.0s<12.3s | path=train_checklist.jsonl
[progress 2026-04-08 02:33:40] write_jsonl:train_checklist.jsonl: [=====>..................] 40000/153418 (26.1%) | 4.2s<12.0s | path=train_checklist.jsonl
[progress 2026-04-08 02:33:41] write_jsonl:train_checklist.jsonl: [=====>..................] 42500/153418 (27.7%) | 4.5s<11.8s | path=train_checklist.jsonl
[progress 2026-04-08 02:33:41] write_jsonl:train_checklist.jsonl: [======>.................] 45000/153418 (29.3%) | 4.8s<11.5s | path=train_checklist.jsonl
[progress 2026-04-08 02:33:41] write_jsonl:train_checklist.jsonl: [======>.................] 47500/153418 (31.0%) | 5.0s<11.2s | path=train_checklist.jsonl
[progress 2026-04-08 02:33:42] write_jsonl:train_checklist.jsonl: [======>.................] 50000/153418 (32.6%) | 5.3s<11.0s | path=train_checklist.jsonl
[progress 2026-04-08 02:33:42] write_jsonl:train_checklist.jsonl: [=======>................] 52500/153418 (34.2%) | 5.6s<10.7s | path=train_checklist.jsonl
[progress 2026-04-08 02:33:42] write_jsonl:train_checklist.jsonl: [=======>................] 55000/153418 (35.8%) | 5.8s<10.4s | path=train_checklist.jsonl
[progress 2026-04-08 02:33:42] write_jsonl:train_checklist.jsonl: [=======>................] 57500/153418 (37.5%) | 6.1s<10.1s | path=train_checklist.jsonl
[progress 2026-04-08 02:33:43] write_jsonl:train_checklist.jsonl: [========>...............] 60000/153418 (39.1%) | 6.3s<9.8s | path=train_checklist.jsonl
[progress 2026-04-08 02:33:43] write_jsonl:train_checklist.jsonl: [========>...............] 62500/153418 (40.7%) | 6.6s<9.6s | path=train_checklist.jsonl
[progress 2026-04-08 02:33:43] write_jsonl:train_checklist.jsonl: [=========>..............] 65000/153418 (42.4%) | 6.8s<9.3s | path=train_checklist.jsonl
[progress 2026-04-08 02:33:43] write_jsonl:train_checklist.jsonl: [=========>..............] 67500/153418 (44.0%) | 7.1s<9.0s | path=train_checklist.jsonl
[progress 2026-04-08 02:33:44] write_jsonl:train_checklist.jsonl: [=========>..............] 70000/153418 (45.6%) | 7.4s<8.8s | path=train_checklist.jsonl
[progress 2026-04-08 02:33:44] write_jsonl:train_checklist.jsonl: [==========>.............] 72500/153418 (47.3%) | 7.6s<8.5s | path=train_checklist.jsonl
[progress 2026-04-08 02:33:44] write_jsonl:train_checklist.jsonl: [==========>.............] 75000/153418 (48.9%) | 7.9s<8.2s | path=train_checklist.jsonl
[progress 2026-04-08 02:33:44] write_jsonl:train_checklist.jsonl: [===========>............] 77500/153418 (50.5%) | 8.1s<8.0s | path=train_checklist.jsonl
[progress 2026-04-08 02:33:45] write_jsonl:train_checklist.jsonl: [===========>............] 80000/153418 (52.1%) | 8.4s<7.7s | path=train_checklist.jsonl
[progress 2026-04-08 02:33:45] write_jsonl:train_checklist.jsonl: [===========>............] 82500/153418 (53.8%) | 8.7s<7.5s | path=train_checklist.jsonl
[progress 2026-04-08 02:33:45] write_jsonl:train_checklist.jsonl: [============>...........] 85000/153418 (55.4%) | 8.9s<7.2s | path=train_checklist.jsonl
[progress 2026-04-08 02:33:45] write_jsonl:train_checklist.jsonl: [============>...........] 87500/153418 (57.0%) | 9.2s<6.9s | path=train_checklist.jsonl
[progress 2026-04-08 02:33:46] write_jsonl:train_checklist.jsonl: [=============>..........] 90000/153418 (58.7%) | 9.5s<6.7s | path=train_checklist.jsonl
[progress 2026-04-08 02:33:46] write_jsonl:train_checklist.jsonl: [=============>..........] 92500/153418 (60.3%) | 9.7s<6.4s | path=train_checklist.jsonl
[progress 2026-04-08 02:33:46] write_jsonl:train_checklist.jsonl: [=============>..........] 95000/153418 (61.9%) | 10.0s<6.1s | path=train_checklist.jsonl
[progress 2026-04-08 02:33:46] write_jsonl:train_checklist.jsonl: [==============>.........] 97500/153418 (63.6%) | 10.2s<5.9s | path=train_checklist.jsonl
[progress 2026-04-08 02:33:47] write_jsonl:train_checklist.jsonl: [==============>.........] 100000/153418 (65.2%) | 10.5s<5.6s | path=train_checklist.jsonl
[progress 2026-04-08 02:33:47] write_jsonl:train_checklist.jsonl: [===============>........] 102500/153418 (66.8%) | 10.8s<5.4s | path=train_checklist.jsonl
[progress 2026-04-08 02:33:47] write_jsonl:train_checklist.jsonl: [===============>........] 105000/153418 (68.4%) | 11.0s<5.1s | path=train_checklist.jsonl
[progress 2026-04-08 02:33:48] write_jsonl:train_checklist.jsonl: [===============>........] 107500/153418 (70.1%) | 11.3s<4.8s | path=train_checklist.jsonl
[progress 2026-04-08 02:33:48] write_jsonl:train_checklist.jsonl: [================>.......] 110000/153418 (71.7%) | 11.6s<4.6s | path=train_checklist.jsonl
[progress 2026-04-08 02:33:48] write_jsonl:train_checklist.jsonl: [================>.......] 112500/153418 (73.3%) | 11.8s<4.3s | path=train_checklist.jsonl
[progress 2026-04-08 02:33:48] write_jsonl:train_checklist.jsonl: [================>.......] 115000/153418 (75.0%) | 12.1s<4.0s | path=train_checklist.jsonl
[progress 2026-04-08 02:33:49] write_jsonl:train_checklist.jsonl: [=================>......] 117500/153418 (76.6%) | 12.4s<3.8s | path=train_checklist.jsonl
[progress 2026-04-08 02:33:49] write_jsonl:train_checklist.jsonl: [=================>......] 120000/153418 (78.2%) | 12.6s<3.5s | path=train_checklist.jsonl
[progress 2026-04-08 02:33:49] write_jsonl:train_checklist.jsonl: [==================>.....] 122500/153418 (79.8%) | 12.9s<3.2s | path=train_checklist.jsonl
[progress 2026-04-08 02:33:49] write_jsonl:train_checklist.jsonl: [==================>.....] 125000/153418 (81.5%) | 13.1s<3.0s | path=train_checklist.jsonl
[progress 2026-04-08 02:33:50] write_jsonl:train_checklist.jsonl: [==================>.....] 127500/153418 (83.1%) | 13.4s<2.7s | path=train_checklist.jsonl
[progress 2026-04-08 02:33:50] write_jsonl:train_checklist.jsonl: [===================>....] 130000/153418 (84.7%) | 13.6s<2.5s | path=train_checklist.jsonl
[progress 2026-04-08 02:33:50] write_jsonl:train_checklist.jsonl: [===================>....] 132500/153418 (86.4%) | 13.9s<2.2s | path=train_checklist.jsonl
[progress 2026-04-08 02:33:50] write_jsonl:train_checklist.jsonl: [====================>...] 135000/153418 (88.0%) | 14.1s<1.9s | path=train_checklist.jsonl
[progress 2026-04-08 02:33:51] write_jsonl:train_checklist.jsonl: [====================>...] 137500/153418 (89.6%) | 14.4s<1.7s | path=train_checklist.jsonl
[progress 2026-04-08 02:33:51] write_jsonl:train_checklist.jsonl: [====================>...] 140000/153418 (91.3%) | 14.6s<1.4s | path=train_checklist.jsonl
[progress 2026-04-08 02:33:51] write_jsonl:train_checklist.jsonl: [=====================>..] 142500/153418 (92.9%) | 14.9s<1.1s | path=train_checklist.jsonl
[progress 2026-04-08 02:33:51] write_jsonl:train_checklist.jsonl: [=====================>..] 145000/153418 (94.5%) | 15.1s<0.9s | path=train_checklist.jsonl
[progress 2026-04-08 02:33:52] write_jsonl:train_checklist.jsonl: [======================>.] 147500/153418 (96.1%) | 15.4s<0.6s | path=train_checklist.jsonl
[progress 2026-04-08 02:33:52] write_jsonl:train_checklist.jsonl: [======================>.] 150000/153418 (97.8%) | 15.6s<0.4s | path=train_checklist.jsonl
[progress 2026-04-08 02:33:52] write_jsonl:train_checklist.jsonl: [======================>.] 152500/153418 (99.4%) | 15.9s<0.1s | path=train_checklist.jsonl
[progress 2026-04-08 02:33:52] write_jsonl:train_checklist.jsonl: [========================] 153418/153418 (100.0%) | 16.0s | path=train_checklist.jsonl
[progress 2026-04-08 02:33:53] write_jsonl:train_checklist.jsonl: [========================] 153418/153418 (100.0%) | 16.3s | path=train_checklist.jsonl
[progress 2026-04-08 02:33:53] write_jsonl:train_regression.jsonl: start total=153418 unit=rows
[progress 2026-04-08 02:33:53] write_jsonl:train_regression.jsonl: [........................] 2500/153418 (1.6%) | 0.3s<15.8s | path=train_regression.jsonl
[progress 2026-04-08 02:33:53] write_jsonl:train_regression.jsonl: [........................] 5000/153418 (3.3%) | 0.5s<15.5s | path=train_regression.jsonl
[progress 2026-04-08 02:33:53] write_jsonl:train_regression.jsonl: [>.......................] 7500/153418 (4.9%) | 0.8s<15.3s | path=train_regression.jsonl
[progress 2026-04-08 02:33:54] write_jsonl:train_regression.jsonl: [>.......................] 10000/153418 (6.5%) | 1.0s<15.0s | path=train_regression.jsonl
[progress 2026-04-08 02:33:54] write_jsonl:train_regression.jsonl: [>.......................] 12500/153418 (8.1%) | 1.3s<14.7s | path=train_regression.jsonl
[progress 2026-04-08 02:33:54] write_jsonl:train_regression.jsonl: [=>......................] 15000/153418 (9.8%) | 1.6s<14.5s | path=train_regression.jsonl
[progress 2026-04-08 02:33:54] write_jsonl:train_regression.jsonl: [=>......................] 17500/153418 (11.4%) | 1.8s<14.2s | path=train_regression.jsonl
[progress 2026-04-08 02:33:55] write_jsonl:train_regression.jsonl: [==>.....................] 20000/153418 (13.0%) | 2.1s<14.0s | path=train_regression.jsonl
[progress 2026-04-08 02:33:55] write_jsonl:train_regression.jsonl: [==>.....................] 22500/153418 (14.7%) | 2.4s<13.7s | path=train_regression.jsonl
[progress 2026-04-08 02:33:55] write_jsonl:train_regression.jsonl: [==>.....................] 25000/153418 (16.3%) | 2.6s<13.5s | path=train_regression.jsonl
[progress 2026-04-08 02:33:55] write_jsonl:train_regression.jsonl: [===>....................] 27500/153418 (17.9%) | 2.9s<13.2s | path=train_regression.jsonl
[progress 2026-04-08 02:33:56] write_jsonl:train_regression.jsonl: [===>....................] 30000/153418 (19.6%) | 3.1s<12.9s | path=train_regression.jsonl
[progress 2026-04-08 02:33:56] write_jsonl:train_regression.jsonl: [====>...................] 32500/153418 (21.2%) | 3.4s<12.7s | path=train_regression.jsonl
[progress 2026-04-08 02:33:56] write_jsonl:train_regression.jsonl: [====>...................] 35000/153418 (22.8%) | 3.7s<12.4s | path=train_regression.jsonl
[progress 2026-04-08 02:33:56] write_jsonl:train_regression.jsonl: [====>...................] 37500/153418 (24.4%) | 3.9s<12.1s | path=train_regression.jsonl
[progress 2026-04-08 02:33:57] write_jsonl:train_regression.jsonl: [=====>..................] 40000/153418 (26.1%) | 4.2s<11.9s | path=train_regression.jsonl
[progress 2026-04-08 02:33:57] write_jsonl:train_regression.jsonl: [=====>..................] 42500/153418 (27.7%) | 4.5s<11.6s | path=train_regression.jsonl
[progress 2026-04-08 02:33:57] write_jsonl:train_regression.jsonl: [======>.................] 45000/153418 (29.3%) | 4.7s<11.4s | path=train_regression.jsonl
[progress 2026-04-08 02:33:57] write_jsonl:train_regression.jsonl: [======>.................] 47500/153418 (31.0%) | 5.0s<11.1s | path=train_regression.jsonl
[progress 2026-04-08 02:33:58] write_jsonl:train_regression.jsonl: [======>.................] 50000/153418 (32.6%) | 5.3s<10.9s | path=train_regression.jsonl
[progress 2026-04-08 02:33:58] write_jsonl:train_regression.jsonl: [=======>................] 52500/153418 (34.2%) | 5.5s<10.6s | path=train_regression.jsonl
[progress 2026-04-08 02:33:58] write_jsonl:train_regression.jsonl: [=======>................] 55000/153418 (35.8%) | 5.8s<10.4s | path=train_regression.jsonl
[progress 2026-04-08 02:33:59] write_jsonl:train_regression.jsonl: [=======>................] 57500/153418 (37.5%) | 6.0s<10.1s | path=train_regression.jsonl
[progress 2026-04-08 02:33:59] write_jsonl:train_regression.jsonl: [========>...............] 60000/153418 (39.1%) | 6.3s<9.8s | path=train_regression.jsonl
[progress 2026-04-08 02:33:59] write_jsonl:train_regression.jsonl: [========>...............] 62500/153418 (40.7%) | 6.6s<9.5s | path=train_regression.jsonl
[progress 2026-04-08 02:33:59] write_jsonl:train_regression.jsonl: [=========>..............] 65000/153418 (42.4%) | 6.8s<9.3s | path=train_regression.jsonl
[progress 2026-04-08 02:34:00] write_jsonl:train_regression.jsonl: [=========>..............] 67500/153418 (44.0%) | 7.1s<9.0s | path=train_regression.jsonl
[progress 2026-04-08 02:34:00] write_jsonl:train_regression.jsonl: [=========>..............] 70000/153418 (45.6%) | 7.3s<8.8s | path=train_regression.jsonl
[progress 2026-04-08 02:34:00] write_jsonl:train_regression.jsonl: [==========>.............] 72500/153418 (47.3%) | 7.6s<8.5s | path=train_regression.jsonl
[progress 2026-04-08 02:34:00] write_jsonl:train_regression.jsonl: [==========>.............] 75000/153418 (48.9%) | 7.9s<8.2s | path=train_regression.jsonl
[progress 2026-04-08 02:34:01] write_jsonl:train_regression.jsonl: [===========>............] 77500/153418 (50.5%) | 8.2s<8.0s | path=train_regression.jsonl
[progress 2026-04-08 02:34:01] write_jsonl:train_regression.jsonl: [===========>............] 80000/153418 (52.1%) | 8.4s<7.7s | path=train_regression.jsonl
[progress 2026-04-08 02:34:01] write_jsonl:train_regression.jsonl: [===========>............] 82500/153418 (53.8%) | 8.7s<7.5s | path=train_regression.jsonl
[progress 2026-04-08 02:34:01] write_jsonl:train_regression.jsonl: [============>...........] 85000/153418 (55.4%) | 9.0s<7.2s | path=train_regression.jsonl
[progress 2026-04-08 02:34:02] write_jsonl:train_regression.jsonl: [============>...........] 87500/153418 (57.0%) | 9.2s<7.0s | path=train_regression.jsonl
[progress 2026-04-08 02:34:02] write_jsonl:train_regression.jsonl: [=============>..........] 90000/153418 (58.7%) | 9.5s<6.7s | path=train_regression.jsonl
[progress 2026-04-08 02:34:02] write_jsonl:train_regression.jsonl: [=============>..........] 92500/153418 (60.3%) | 9.8s<6.4s | path=train_regression.jsonl
[progress 2026-04-08 02:34:03] write_jsonl:train_regression.jsonl: [=============>..........] 95000/153418 (61.9%) | 10.0s<6.2s | path=train_regression.jsonl
[progress 2026-04-08 02:34:03] write_jsonl:train_regression.jsonl: [==============>.........] 97500/153418 (63.6%) | 10.3s<5.9s | path=train_regression.jsonl
[progress 2026-04-08 02:34:03] write_jsonl:train_regression.jsonl: [==============>.........] 100000/153418 (65.2%) | 10.6s<5.6s | path=train_regression.jsonl
[progress 2026-04-08 02:34:03] write_jsonl:train_regression.jsonl: [===============>........] 102500/153418 (66.8%) | 10.8s<5.4s | path=train_regression.jsonl
[progress 2026-04-08 02:34:04] write_jsonl:train_regression.jsonl: [===============>........] 105000/153418 (68.4%) | 11.1s<5.1s | path=train_regression.jsonl
[progress 2026-04-08 02:34:04] write_jsonl:train_regression.jsonl: [===============>........] 107500/153418 (70.1%) | 11.4s<4.8s | path=train_regression.jsonl
[progress 2026-04-08 02:34:04] write_jsonl:train_regression.jsonl: [================>.......] 110000/153418 (71.7%) | 11.6s<4.6s | path=train_regression.jsonl
[progress 2026-04-08 02:34:04] write_jsonl:train_regression.jsonl: [================>.......] 112500/153418 (73.3%) | 11.9s<4.3s | path=train_regression.jsonl
[progress 2026-04-08 02:34:05] write_jsonl:train_regression.jsonl: [================>.......] 115000/153418 (75.0%) | 12.1s<4.1s | path=train_regression.jsonl
[progress 2026-04-08 02:34:05] write_jsonl:train_regression.jsonl: [=================>......] 117500/153418 (76.6%) | 12.4s<3.8s | path=train_regression.jsonl
[progress 2026-04-08 02:34:05] write_jsonl:train_regression.jsonl: [=================>......] 120000/153418 (78.2%) | 12.6s<3.5s | path=train_regression.jsonl
[progress 2026-04-08 02:34:05] write_jsonl:train_regression.jsonl: [==================>.....] 122500/153418 (79.8%) | 12.9s<3.3s | path=train_regression.jsonl
[progress 2026-04-08 02:34:06] write_jsonl:train_regression.jsonl: [==================>.....] 125000/153418 (81.5%) | 13.2s<3.0s | path=train_regression.jsonl
[progress 2026-04-08 02:34:06] write_jsonl:train_regression.jsonl: [==================>.....] 127500/153418 (83.1%) | 13.4s<2.7s | path=train_regression.jsonl
[progress 2026-04-08 02:34:06] write_jsonl:train_regression.jsonl: [===================>....] 130000/153418 (84.7%) | 13.7s<2.5s | path=train_regression.jsonl
[progress 2026-04-08 02:34:06] write_jsonl:train_regression.jsonl: [===================>....] 132500/153418 (86.4%) | 13.9s<2.2s | path=train_regression.jsonl
[progress 2026-04-08 02:34:07] write_jsonl:train_regression.jsonl: [====================>...] 135000/153418 (88.0%) | 14.2s<1.9s | path=train_regression.jsonl
[progress 2026-04-08 02:34:07] write_jsonl:train_regression.jsonl: [====================>...] 137500/153418 (89.6%) | 14.4s<1.7s | path=train_regression.jsonl
[progress 2026-04-08 02:34:07] write_jsonl:train_regression.jsonl: [====================>...] 140000/153418 (91.3%) | 14.7s<1.4s | path=train_regression.jsonl
[progress 2026-04-08 02:34:07] write_jsonl:train_regression.jsonl: [=====================>..] 142500/153418 (92.9%) | 14.9s<1.1s | path=train_regression.jsonl
[progress 2026-04-08 02:34:08] write_jsonl:train_regression.jsonl: [=====================>..] 145000/153418 (94.5%) | 15.2s<0.9s | path=train_regression.jsonl
[progress 2026-04-08 02:34:08] write_jsonl:train_regression.jsonl: [======================>.] 147500/153418 (96.1%) | 15.4s<0.6s | path=train_regression.jsonl
[progress 2026-04-08 02:34:08] write_jsonl:train_regression.jsonl: [======================>.] 150000/153418 (97.8%) | 15.7s<0.4s | path=train_regression.jsonl
[progress 2026-04-08 02:34:08] write_jsonl:train_regression.jsonl: [======================>.] 152500/153418 (99.4%) | 15.9s<0.1s | path=train_regression.jsonl
[progress 2026-04-08 02:34:09] write_jsonl:train_regression.jsonl: [========================] 153418/153418 (100.0%) | 16.0s | path=train_regression.jsonl
[progress 2026-04-08 02:34:09] write_jsonl:train_regression.jsonl: [========================] 153418/153418 (100.0%) | 16.2s | path=train_regression.jsonl
[progress 2026-04-08 02:34:09] write_jsonl:train_conditional_detr_canonical.jsonl: start total=6819 unit=rows
[progress 2026-04-08 02:34:12] write_jsonl:train_conditional_detr_canonical.jsonl: [===>....................] 1250/6819 (18.3%) | 3.3s<14.6s | path=train_conditional_detr_canonical.jsonl
[progress 2026-04-08 02:34:15] write_jsonl:train_conditional_detr_canonical.jsonl: [=======>................] 2500/6819 (36.7%) | 6.4s<11.1s | path=train_conditional_detr_canonical.jsonl
[progress 2026-04-08 02:34:18] write_jsonl:train_conditional_detr_canonical.jsonl: [============>...........] 3750/6819 (55.0%) | 9.7s<7.9s | path=train_conditional_detr_canonical.jsonl
[progress 2026-04-08 02:34:22] write_jsonl:train_conditional_detr_canonical.jsonl: [================>.......] 5000/6819 (73.3%) | 12.9s<4.7s | path=train_conditional_detr_canonical.jsonl
[progress 2026-04-08 02:34:25] write_jsonl:train_conditional_detr_canonical.jsonl: [====================>...] 6250/6819 (91.7%) | 16.1s<1.5s | path=train_conditional_detr_canonical.jsonl
[progress 2026-04-08 02:34:26] write_jsonl:train_conditional_detr_canonical.jsonl: [========================] 6819/6819 (100.0%) | 17.5s | path=train_conditional_detr_canonical.jsonl
[progress 2026-04-08 02:34:27] write_jsonl:train_conditional_detr_canonical.jsonl: [========================] 6819/6819 (100.0%) | 17.8s | path=train_conditional_detr_canonical.jsonl
[progress 2026-04-08 02:34:27] write_jsonl:train_conditional_detr_batch.jsonl: start total=6819 unit=rows
[progress 2026-04-08 02:34:29] write_jsonl:train_conditional_detr_batch.jsonl: [===>....................] 1250/6819 (18.3%) | 2.9s<12.8s | path=train_conditional_detr_batch.jsonl
[progress 2026-04-08 02:34:32] write_jsonl:train_conditional_detr_batch.jsonl: [=======>................] 2500/6819 (36.7%) | 5.7s<9.9s | path=train_conditional_detr_batch.jsonl
[progress 2026-04-08 02:34:35] write_jsonl:train_conditional_detr_batch.jsonl: [============>...........] 3750/6819 (55.0%) | 8.6s<7.0s | path=train_conditional_detr_batch.jsonl
[progress 2026-04-08 02:34:38] write_jsonl:train_conditional_detr_batch.jsonl: [================>.......] 5000/6819 (73.3%) | 11.5s<4.2s | path=train_conditional_detr_batch.jsonl
[progress 2026-04-08 02:34:41] write_jsonl:train_conditional_detr_batch.jsonl: [====================>...] 6250/6819 (91.7%) | 14.4s<1.3s | path=train_conditional_detr_batch.jsonl
[progress 2026-04-08 02:34:42] write_jsonl:train_conditional_detr_batch.jsonl: [========================] 6819/6819 (100.0%) | 15.6s | path=train_conditional_detr_batch.jsonl
[progress 2026-04-08 02:34:43] write_jsonl:train_conditional_detr_batch.jsonl: [========================] 6819/6819 (100.0%) | 16.2s | path=train_conditional_detr_batch.jsonl
[progress 2026-04-08 02:34:43] write_jsonl:train_conditional_detr_skipped.jsonl: start total=597 unit=rows
[progress 2026-04-08 02:34:43] write_jsonl:train_conditional_detr_skipped.jsonl: [===================>....] 500/597 (83.8%) | 0.0s<0.0s | path=train_conditional_detr_skipped.jsonl
[progress 2026-04-08 02:34:43] write_jsonl:train_conditional_detr_skipped.jsonl: [========================] 597/597 (100.0%) | 0.1s | path=train_conditional_detr_skipped.jsonl
[progress 2026-04-08 02:34:43] write_jsonl:train_conditional_detr_skipped.jsonl: [========================] 597/597 (100.0%) | 0.1s | path=train_conditional_detr_skipped.jsonl
[progress 2026-04-08 02:34:43] build_finalscore_training_data: write summary artifacts
[progress 2026-04-08 02:34:43] build_finalscore_training_data: build_markdown_report
[progress 2026-04-08 02:34:45] build_finalscore_training_data: finished | status=ok | canonical=6819 | batch=6819 | examples=8
{
  "out_dir": "/group-volume/users/jaden.ju/Sources/ImageCropping/data/GAIC/All/artifacts/training_labels/gaic_eval_gaic_full_260406_v1",
  "safe_leftover_policy": "ignore",
  "counts": {
    "train_pairwise.jsonl": 42805,
    "train_listwise.jsonl": 6819,
    "train_decision.jsonl": 7416,
    "train_checklist.jsonl": 153418,
    "train_regression.jsonl": 153418,
    "train_conditional_detr_canonical.jsonl": 6819,
    "train_conditional_detr_batch.jsonl": 6819,
    "train_conditional_detr_skipped.jsonl": 597,
    "report_examples": 8
  },
  "qa_summary_path": "/group-volume/users/jaden.ju/Sources/ImageCropping/data/GAIC/All/artifacts/training_labels/gaic_eval_gaic_full_260406_v1/qa_summary.json",
  "validation_summary_path": "/group-volume/users/jaden.ju/Sources/ImageCropping/data/GAIC/All/artifacts/training_labels/gaic_eval_gaic_full_260406_v1/validation_summary.json",
  "status": "ok"
}
{
  "status": "ok",
  "summary_json": "/group-volume/users/jaden.ju/Sources/ImageCropping/data/GAIC/All/artifacts/reports/gaic_benchmark_eval_gaic_eval_gaic_full_260406_v1/benchmark_summary.json",
  "report_md": "/group-volume/users/jaden.ju/Sources/ImageCropping/data/GAIC/All/artifacts/reports/gaic_benchmark_eval_gaic_eval_gaic_full_260406_v1/GAIC_BENCHMARK_EVAL_REPORT_KO.md",
  "candidate_eval_jsonl": "/group-volume/users/jaden.ju/Sources/ImageCropping/data/GAIC/All/artifacts/reports/gaic_benchmark_eval_gaic_eval_gaic_full_260406_v1/candidate_eval_rows.jsonl",
  "ge_full_topk_jsonl": "/group-volume/users/jaden.ju/Sources/ImageCropping/data/GAIC/All/artifacts/reports/gaic_benchmark_eval_gaic_eval_gaic_full_260406_v1/ge_full_candidates_topk.jsonl",
  "per_image_csv": "/group-volume/users/jaden.ju/Sources/ImageCropping/data/GAIC/All/artifacts/reports/gaic_benchmark_eval_gaic_eval_gaic_full_260406_v1/per_image_metrics.csv",
  "sample_count": 16,
  "overlap_image_count": 995
}
[GAIC-AB] RUN /usr/local/bin/python3 src/scripts/augment_saliency_subject_features.py --input_jsonl /group-volume/users/jaden.ju/Sources/ImageCropping/data/GAIC/All/artifacts/precompute/feats_c2c3c5_v2_strict_enriched.jsonl --output_jsonl /group-volume/users/jaden.ju/Sources/ImageCropping/data/GAIC/All/artifacts/precompute/feats_c2c3c5_v2_strict_enriched_gaic_eval_gaic_full_260406_v1_saliency.jsonl --image_dir /group-volume/users/jaden.ju/Sources/ImageCropping/data/GAIC/All/images --priority quality_first --weights_dir  --device auto --summary_json /group-volume/users/jaden.ju/Sources/ImageCropping/data/GAIC/All/artifacts/reports/gaic_subject_region_ab_gaic_eval_gaic_full_260406_v1/saliency_augment_summary.json --overwrite 1 --max_images 0 --multi_gpu 1 --gpu_ids 0,1,2,3 --num_workers 4
[GAIC-AB] RUN /usr/local/bin/python3 src/scripts/enrich_subject_mode_jsonl.py --input_feats_jsonl /group-volume/users/jaden.ju/Sources/ImageCropping/data/GAIC/All/artifacts/precompute/feats_c2c3c5_v2_strict_enriched_gaic_eval_gaic_full_260406_v1_saliency.jsonl --input_filtered_parquet /group-volume/users/jaden.ju/Sources/ImageCropping/data/GAIC/All/filtered_gaic_all.parquet --output_jsonl /group-volume/users/jaden.ju/Sources/ImageCropping/data/GAIC/All/artifacts/precompute/feats_c2c3c5_v2_strict_enriched_gaic_eval_gaic_full_260406_v1_routed.jsonl
[GAIC-AB] RUN /usr/local/bin/python3 src/generate_candidates.py --input_parquet /group-volume/users/jaden.ju/Sources/ImageCropping/data/GAIC/All/filtered_gaic_all.parquet --feats_c2_jsonl /group-volume/users/jaden.ju/Sources/ImageCropping/data/GAIC/All/artifacts/precompute/feats_c2c3c5_v2_strict_enriched_gaic_eval_gaic_full_260406_v1_routed.jsonl --feats_c3_jsonl /group-volume/users/jaden.ju/Sources/ImageCropping/data/GAIC/All/artifacts/precompute/feats_c2c3c5_v2_strict_enriched_gaic_eval_gaic_full_260406_v1_routed.jsonl --output_jsonl /group-volume/users/jaden.ju/Sources/ImageCropping/data/GAIC/All/artifacts/candidates/candidates_ar_gaic_eval_gaic_full_260406_v1.jsonl --actual_size_cache_json /group-volume/users/jaden.ju/Sources/ImageCropping/data/GAIC/All/cache/actual_image_size_map.json --max_images 0 --num_workers 0 --mp_chunksize 64 --mp_start_method auto --ar_list FREE 1:1 9:16 16:9 3:4 4:3 --image_dir /group-volume/users/jaden.ju/Sources/ImageCropping/data/GAIC/All/images --overview_json /group-volume/users/jaden.ju/Sources/ImageCropping/data/GAIC/All/artifacts/candidates/candidates_ar_gaic_eval_gaic_full_260406_v1_overview.json --overview_ar_csv /group-volume/users/jaden.ju/Sources/ImageCropping/data/GAIC/All/artifacts/candidates/candidates_ar_gaic_eval_gaic_full_260406_v1_overview_by_ar.csv
[GAIC-AB] RUN /usr/local/bin/python3 src/score_teacher.py --candidates_jsonl /group-volume/users/jaden.ju/Sources/ImageCropping/data/GAIC/All/artifacts/candidates/candidates_ar_gaic_eval_gaic_full_260406_v1.jsonl --features_jsonl /group-volume/users/jaden.ju/Sources/ImageCropping/data/GAIC/All/artifacts/precompute/feats_c2c3c5_v2_strict_enriched_gaic_eval_gaic_full_260406_v1_routed.jsonl --parquet /group-volume/users/jaden.ju/Sources/ImageCropping/data/GAIC/All/filtered_gaic_all.parquet --image_dir /group-volume/users/jaden.ju/Sources/ImageCropping/data/GAIC/All/images --output_jsonl /group-volume/users/jaden.ju/Sources/ImageCropping/data/GAIC/All/artifacts/teacher/scores/teacher_scores_gaic_eval_gaic_full_260406_v1.jsonl --output_overview_json /group-volume/users/jaden.ju/Sources/ImageCropping/data/GAIC/All/artifacts/teacher/scores/teacher_scores_gaic_eval_gaic_full_260406_v1_overview.json --output_overview_by_ar_csv /group-volume/users/jaden.ju/Sources/ImageCropping/data/GAIC/All/artifacts/teacher/scores/teacher_scores_gaic_eval_gaic_full_260406_v1_overview_by_ar.csv --use_real_expensive 0 --max_images 0
[GAIC-AB] RUN /usr/local/bin/python3 src/scripts/build_finalscore_training_data.py --teacher_scores_jsonl /group-volume/users/jaden.ju/Sources/ImageCropping/data/GAIC/All/artifacts/teacher/scores/teacher_scores_gaic_eval_gaic_full_260406_v1.jsonl --out_dir /group-volume/users/jaden.ju/Sources/ImageCropping/data/GAIC/All/artifacts/training_labels/gaic_eval_gaic_full_260406_v1 --image_root /group-volume/users/jaden.ju/Sources/ImageCropping/data/GAIC/All/images
[GAIC-AB] RUN /usr/local/bin/python3 src/scripts/run_gaic_benchmark_eval.py --candidates_jsonl /group-volume/users/jaden.ju/Sources/ImageCropping/data/GAIC/All/artifacts/candidates/candidates_ar_gaic_eval_gaic_full_260406_v1.jsonl --features_jsonl /group-volume/users/jaden.ju/Sources/ImageCropping/data/GAIC/All/artifacts/precompute/feats_c2c3c5_v2_strict_enriched_gaic_eval_gaic_full_260406_v1_routed.jsonl --teacher_jsonl /group-volume/users/jaden.ju/Sources/ImageCropping/data/GAIC/All/artifacts/teacher/scores/teacher_scores_gaic_eval_gaic_full_260406_v1.jsonl --training_label_dir /group-volume/users/jaden.ju/Sources/ImageCropping/data/GAIC/All/artifacts/training_labels/gaic_eval_gaic_full_260406_v1 --gaic_train_json /group-volume/users/jaden.ju/Sources/ImageCropping/data/Publics/GAIC/annotations_json/instances_train.json --gaic_test_json /group-volume/users/jaden.ju/Sources/ImageCropping/data/Publics/GAIC/annotations_json/instances_test.json --image_dir /group-volume/users/jaden.ju/Sources/ImageCropping/data/GAIC/All/images --output_dir /group-volume/users/jaden.ju/Sources/ImageCropping/data/GAIC/All/artifacts/reports/gaic_benchmark_eval_gaic_eval_gaic_full_260406_v1 --sample_count 16 --max_images 0
{
  "status": "ok",
  "summary_json": "/group-volume/users/jaden.ju/Sources/ImageCropping/data/GAIC/All/artifacts/reports/gaic_subject_region_ab_gaic_eval_gaic_full_260406_v1/ab_summary.json",
  "report_md": "/group-volume/users/jaden.ju/Sources/ImageCropping/data/GAIC/All/artifacts/reports/gaic_subject_region_ab_gaic_eval_gaic_full_260406_v1/AB_COMPARISON_KO.md"
}
[done] training-label debug viz: data/GAIC/All/artifacts/training_labels/gaic_full_260406_v1_leftover_ignore_monotonic/debug_visualizations_balanced50_bottomneg
       summary: data/GAIC/All/artifacts/training_labels/gaic_full_260406_v1_leftover_ignore_monotonic/debug_visualizations_balanced50_bottomneg/summary/summary.json
[done] validation summary: data/GAIC/All/artifacts/validation/gaic_e2e_validation_gaic_full_260406_v1.json
