image_id,target_ar,selected_k,top1_final,mean_final
bigstock_image_109682993,16:9,5,-2.062795,-2.4456308
bigstock_image_109682993,1:1,5,-5.142467,-9.0822822
bigstock_image_109682993,3:4,5,-9.498865,-12.2252346
bigstock_image_109682993,4:3,5,-1.884559,-2.4400366
bigstock_image_109682993,9:16,5,-15.178194,-19.4416562
bigstock_image_112983323,16:9,5,1.038616,0.5389626
bigstock_image_112983323,1:1,5,-1.972498,-4.361025
bigstock_image_112983323,3:4,5,-5.239979,-8.2340792
bigstock_image_112983323,4:3,5,1.069999,-0.37418239999999997
bigstock_image_112983323,9:16,5,-9.527321,-13.4733024
bigstock_image_117250328,16:9,3,-14.138482,-19.197421333333335
bigstock_image_117250328,1:1,5,-0.823,-1.8596476
bigstock_image_117250328,3:4,5,-1.155365,-4.039564
bigstock_image_117250328,4:3,5,-1.214346,-2.3959746
bigstock_image_117250328,9:16,1,-4.19792,-4.19792
bigstock_image_122199020,16:9,5,-17.597881,-25.450226800000003
bigstock_image_122199020,1:1,5,-6.139424,-6.903595200000001
bigstock_image_122199020,3:4,5,-0.909635,-1.180815
bigstock_image_122199020,4:3,2,-12.174076,-12.7456545
bigstock_image_122199020,9:16,5,-8.65855,-11.6249854
bigstock_image_129575693,16:9,5,1.016183,-0.608725
bigstock_image_129575693,1:1,5,1.012596,-1.0199141999999999
bigstock_image_129575693,3:4,5,0.956335,-1.204306
bigstock_image_129575693,4:3,5,1.054441,-0.4571306
bigstock_image_129575693,9:16,5,0.9511,-0.6774722
bigstock_image_134277740,16:9,5,-30.985356,-37.579038
bigstock_image_134277740,1:1,5,-9.058091,-15.209197999999997
bigstock_image_134277740,3:4,1,-1.325162,-1.325162
bigstock_image_134277740,4:3,5,-19.021293,-24.194629
bigstock_image_134277740,9:16,5,-1.345877,-1.9334139999999997
bigstock_image_138122447,16:9,5,-26.414889,-31.6794896
bigstock_image_138122447,1:1,5,-7.865273,-12.6574116
bigstock_image_138122447,3:4,1,-1.880881,-1.880881
bigstock_image_138122447,4:3,5,-16.094677,-23.1375672
bigstock_image_138122447,9:16,5,-1.911813,-2.2439932
bigstock_image_139993538,16:9,5,-1.50617,-9.759102
bigstock_image_139993538,1:1,5,-1.531048,-11.8526382
bigstock_image_139993538,3:4,5,-14.088905,-23.175759199999998
bigstock_image_139993538,4:3,5,-4.615677,-12.31838
bigstock_image_139993538,9:16,5,-21.201164,-34.1985556
bigstock_image_141430643,16:9,5,0.99487,-0.49036280000000004
bigstock_image_141430643,1:1,5,1.076146,1.0334748
bigstock_image_141430643,3:4,5,1.079257,1.0302612
bigstock_image_141430643,4:3,5,1.039791,0.26358899999999996
bigstock_image_141430643,9:16,5,1.052868,0.18041639999999992
bigstock_image_146823560,16:9,5,1.032852,0.9682168000000001
bigstock_image_146823560,1:1,5,1.020136,0.982823
bigstock_image_146823560,3:4,5,0.976643,0.937894
bigstock_image_146823560,4:3,5,1.047434,0.9861036000000001
bigstock_image_146823560,9:16,5,0.905975,-0.1800932
bigstock_image_149147297,16:9,5,-0.86309,-1.387848
bigstock_image_149147297,1:1,5,-0.880652,-2.9696948
bigstock_image_149147297,3:4,5,-3.256353,-7.919819200000001
bigstock_image_149147297,4:3,5,-0.852177,-2.313667
bigstock_image_149147297,9:16,5,-6.896648,-11.118511
bigstock_image_158230004,16:9,5,-29.388125,-35.868706599999996
bigstock_image_158230004,1:1,5,-9.123653,-14.4950966
bigstock_image_158230004,3:4,5,-1.825695,-2.4032468000000002
bigstock_image_158230004,4:3,5,-19.638961,-25.342946
bigstock_image_158230004,9:16,5,-0.48044,-0.9889706
bigstock_image_163017626,16:9,5,1.049107,1.0051328
bigstock_image_163017626,1:1,5,1.037818,1.0017276
bigstock_image_163017626,3:4,5,0.99954,-1.2852942
bigstock_image_163017626,4:3,5,1.062125,1.0100116
bigstock_image_163017626,9:16,5,-1.462847,-4.0868246
bigstock_image_163220822,16:9,5,1.096709,1.0708334000000002
bigstock_image_163220822,1:1,5,1.081908,0.7081016
bigstock_image_163220822,3:4,5,1.02618,0.07595900000000004
bigstock_image_163220822,4:3,5,1.092833,1.0477112
bigstock_image_163220822,9:16,5,0.966416,-2.2449646000000003
bigstock_image_165044747,16:9,5,-2.467557,-2.9105294
bigstock_image_165044747,1:1,5,-5.17176,-6.4175574
bigstock_image_165044747,3:4,5,-9.462011,-12.3009936
bigstock_image_165044747,4:3,5,-1.907605,-2.2321736000000003
bigstock_image_165044747,9:16,5,-14.927924,-17.8919186
bigstock_image_166483055,16:9,5,-12.666342,-13.5974704
bigstock_image_166483055,1:1,5,1.02878,-0.7713158000000001
bigstock_image_166483055,3:4,5,-0.388455,-0.9789858
bigstock_image_166483055,4:3,5,-4.97974,-7.5383118
bigstock_image_166483055,9:16,5,-0.386711,-0.5095052
bigstock_image_169049345,16:9,5,-5.243907,-15.449200000000001
bigstock_image_169049345,1:1,5,-0.848252,-3.0007402
bigstock_image_169049345,3:4,5,-0.825155,-1.7199974
bigstock_image_169049345,4:3,5,-1.956663,-6.7168384
bigstock_image_169049345,9:16,5,-2.477861,-4.4091704
bigstock_image_170224748,16:9,5,-10.514564,-13.6737372
bigstock_image_170224748,1:1,5,-2.507242,-5.0488446
bigstock_image_170224748,3:4,5,-0.84457,-2.0387008
bigstock_image_170224748,4:3,5,-5.996692,-8.5951924
bigstock_image_170224748,9:16,5,-1.622021,-2.1860748
bigstock_image_170252891,16:9,5,0.930056,0.8609036
bigstock_image_170252891,1:1,5,1.045539,0.9451924
bigstock_image_170252891,3:4,5,1.016762,0.9292688
bigstock_image_170252891,4:3,5,1.014613,0.8942492
bigstock_image_170252891,9:16,5,0.942525,0.893245
bigstock_image_172586006,16:9,1,-3.937937,-3.937937
bigstock_image_172586006,1:1,5,-1.963028,-3.5834892
bigstock_image_172586006,3:4,3,-7.777681,-8.381547
bigstock_image_172586006,4:3,5,-1.306772,-1.90797
bigstock_image_172586006,9:16,5,-15.217776,-19.178998
bigstock_image_179956204,16:9,5,1.086878,1.0792502
bigstock_image_179956204,1:1,5,-0.416687,-2.67333
bigstock_image_179956204,3:4,5,-2.9469,-5.53674
bigstock_image_179956204,4:3,5,1.08348,0.7073916
bigstock_image_179956204,9:16,5,-6.51137,-9.9350494
bigstock_image_180474223,16:9,5,1.062385,1.018201
bigstock_image_180474223,1:1,5,1.03451,-1.5796118
bigstock_image_180474223,3:4,5,-2.112178,-4.680396
bigstock_image_180474223,4:3,5,1.064424,0.23695260000000004
bigstock_image_180474223,9:16,5,-5.428778,-8.5968508
bigstock_image_180909778,16:9,5,-0.846705,-7.4767098
bigstock_image_180909778,1:1,5,-2.419981,-7.817399999999999
bigstock_image_180909778,3:4,5,-5.833167,-9.442638800000001
bigstock_image_180909778,4:3,5,-0.837183,-4.68339
bigstock_image_180909778,9:16,5,-10.309262,-14.7575982
bigstock_image_183873547,16:9,5,1.08321,-0.5283434
bigstock_image_183873547,1:1,5,1.075397,1.0435944
bigstock_image_183873547,3:4,5,1.030089,-0.06209920000000002
bigstock_image_183873547,4:3,5,1.096434,-0.2306458
bigstock_image_183873547,9:16,5,0.994684,0.9682048
bigstock_image_185033908,16:9,5,1.066163,-0.2082808
bigstock_image_185033908,1:1,5,1.064077,0.3060286
bigstock_image_185033908,3:4,5,1.00338,-2.5543898
bigstock_image_185033908,4:3,5,1.063936,0.14738880000000001
bigstock_image_185033908,9:16,3,-3.1557,-5.23054
bigstock_image_188018719,16:9,5,1.08455,1.0507824
bigstock_image_188018719,1:1,5,1.057965,0.517277
bigstock_image_188018719,3:4,5,1.015598,-0.15845240000000005
bigstock_image_188018719,4:3,5,1.08967,1.02374
bigstock_image_188018719,9:16,5,0.972229,-2.4806874
bigstock_image_194163277,16:9,5,-5.724023,-12.565059
bigstock_image_194163277,1:1,5,-1.445003,-2.339756
bigstock_image_194163277,3:4,1,-2.773876,-2.773876
bigstock_image_194163277,4:3,5,-1.429527,-1.4378730000000002
bigstock_image_194163277,9:16,5,-12.28427,-16.369668400000002
bigstock_image_207940879,16:9,1,-1.147776,-1.147776
bigstock_image_207940879,1:1,2,-1.192296,-1.5491895
bigstock_image_207940879,3:4,5,-6.861835,-11.4533986
bigstock_image_207940879,4:3,1,-1.293923,-1.293923
bigstock_image_207940879,9:16,5,-13.03573,-18.143309600000002
bigstock_image_215724892,16:9,5,-2.44235,-3.2282561999999997
bigstock_image_215724892,1:1,5,-5.137704,-5.5566594
bigstock_image_215724892,3:4,5,-9.414984,-10.458359999999999
bigstock_image_215724892,4:3,5,-1.872664,-2.4844194
bigstock_image_215724892,9:16,5,-15.138656,-17.1864228
bigstock_image_218991439,16:9,5,1.038102,1.0138932
bigstock_image_218991439,1:1,5,1.035898,0.5173468
bigstock_image_218991439,3:4,5,1.008353,-0.13630040000000002
bigstock_image_218991439,4:3,5,1.071697,1.0122908
bigstock_image_218991439,9:16,5,0.950206,-1.026844
bigstock_image_240115168,16:9,5,-3.878571,-5.3355544
bigstock_image_240115168,1:1,5,-7.204812,-9.741797199999999
bigstock_image_240115168,3:4,5,-11.195811,-14.4993968
bigstock_image_240115168,4:3,5,-1.151098,-1.7700825999999998
bigstock_image_240115168,9:16,5,-17.02463,-22.1677312
bigstock_image_246648940,16:9,5,-0.609841,-1.2563103999999998
bigstock_image_246648940,1:1,5,1.06891,-2.0331842
bigstock_image_246648940,3:4,5,-2.780785,-7.0576148000000005
bigstock_image_246648940,4:3,5,1.099048,1.094532
bigstock_image_246648940,9:16,5,-6.347927,-14.604586999999999
bigstock_image_247074340,16:9,5,1.020895,-1.0459666
bigstock_image_247074340,1:1,5,0.99691,-1.8836970000000002
bigstock_image_247074340,3:4,5,-0.560401,-4.232431
bigstock_image_247074340,4:3,5,1.031789,-0.8563718
bigstock_image_247074340,9:16,5,-3.33133,-7.5610162
bigstock_image_249573325,16:9,5,1.056045,1.0421092
bigstock_image_249573325,1:1,5,1.04012,-0.7601774000000001
bigstock_image_249573325,3:4,5,-2.254458,-4.2093884
bigstock_image_249573325,4:3,5,1.052973,1.0482772
bigstock_image_249573325,9:16,5,-5.635362,-6.714821000000001
bigstock_image_250648240,16:9,5,-0.941512,-2.5897122
bigstock_image_250648240,1:1,5,-5.268143,-8.4774008
bigstock_image_250648240,3:4,5,-9.565449,-13.1283482
bigstock_image_250648240,4:3,5,-2.012828,-5.1910932
bigstock_image_250648240,9:16,5,-15.197779,-19.4481828
bigstock_image_253330429,16:9,5,1.081574,1.0213724
bigstock_image_253330429,1:1,5,1.076196,1.053757
bigstock_image_253330429,3:4,5,1.0433,1.0238786000000002
bigstock_image_253330429,4:3,5,1.094327,1.0263596
bigstock_image_253330429,9:16,5,0.990792,0.2665354
bigstock_image_253780393,16:9,5,-0.845871,-10.3721794
bigstock_image_253780393,1:1,5,-5.168849,-7.7434356
bigstock_image_253780393,3:4,5,-9.463085,-12.1741106
bigstock_image_253780393,4:3,5,-1.913143,-3.373861
bigstock_image_253780393,9:16,5,-15.088341,-19.360765
bigstock_image_256189831,16:9,5,-0.792115,-1.6634259999999998
bigstock_image_256189831,1:1,5,-0.797114,-0.9557179999999998
bigstock_image_256189831,3:4,5,-0.817646,-2.0987831999999997
bigstock_image_256189831,4:3,5,-0.776689,-1.3428796
bigstock_image_256189831,9:16,5,-0.869963,-1.5510168
bigstock_image_25981355,16:9,5,-0.824823,-1.2792752
bigstock_image_25981355,1:1,5,-0.807293,-1.22428
bigstock_image_25981355,3:4,5,-0.855147,-1.2590346000000001
bigstock_image_25981355,4:3,5,-0.785507,-1.2528482
bigstock_image_25981355,9:16,5,-0.891163,-1.306765
bigstock_image_266651224,16:9,5,-1.441366,-1.4677294
bigstock_image_266651224,1:1,5,-0.825169,-3.16528
bigstock_image_266651224,3:4,5,-0.831539,-5.2414172
bigstock_image_266651224,4:3,5,-0.855055,-1.3028122
bigstock_image_266651224,9:16,5,-2.49184,-6.335306
bigstock_image_266939068,16:9,5,-1.453952,-1.5131868000000002
bigstock_image_266939068,1:1,5,-2.670976,-6.1002732
bigstock_image_266939068,3:4,5,-1.392697,-4.2304292000000006
bigstock_image_266939068,4:3,5,-1.480897,-3.810758800000001
bigstock_image_266939068,9:16,5,-2.502531,-6.862537599999999
bigstock_image_274055320,16:9,5,-2.469326,-2.9511803999999997
bigstock_image_274055320,1:1,5,-3.082845,-5.2372716
bigstock_image_274055320,3:4,5,-6.690142,-11.0913018
bigstock_image_274055320,4:3,5,-0.815313,-1.4699034
bigstock_image_274055320,9:16,5,-11.44824,-14.901741800000002
bigstock_image_2789802,16:9,5,-10.171195,-12.60078
bigstock_image_2789802,1:1,5,1.023011,-3.0531294000000004
bigstock_image_2789802,3:4,5,1.061843,-0.44040660000000004
bigstock_image_2789802,4:3,5,-4.082802,-7.0885506000000005
bigstock_image_2789802,9:16,5,1.036703,-0.6785062
bigstock_image_283085449,16:9,5,1.000979,0.5653246000000001
bigstock_image_283085449,1:1,5,0.985123,-0.6506491999999999
bigstock_image_283085449,3:4,5,0.923457,-0.9327208
bigstock_image_283085449,4:3,5,1.015405,-0.26309020000000005
bigstock_image_283085449,9:16,5,0.818135,-0.6836372000000001
bigstock_image_289580023,16:9,5,1.044977,1.0005874000000001
bigstock_image_289580023,1:1,5,1.035368,-0.012099600000000033
bigstock_image_289580023,3:4,5,1.00244,-2.2204614
bigstock_image_289580023,4:3,5,1.069735,0.5991094
bigstock_image_289580023,9:16,5,-0.441476,-5.049691
bigstock_image_290817367,16:9,5,-20.835513,-27.886609799999995
bigstock_image_290817367,1:1,5,-4.660876,-8.1162476
bigstock_image_290817367,3:4,5,1.074751,-1.0996020000000002
bigstock_image_290817367,4:3,5,-9.407472,-16.9894496
bigstock_image_290817367,9:16,5,1.062889,-0.03387920000000002
bigstock_image_291505912,16:9,5,-44.978679,-57.229346199999995
bigstock_image_291505912,1:1,1,-37.329489,-37.329489
bigstock_image_291505912,3:4,1,-24.534197,-24.534197
bigstock_image_291505912,4:3,5,-33.603775,-42.4777292
bigstock_image_291505912,9:16,1,-15.608719,-15.608719
bigstock_image_297686437,16:9,5,1.007863,0.9692638
bigstock_image_297686437,1:1,5,1.006325,0.9757528000000001
bigstock_image_297686437,3:4,5,0.976472,0.5916897999999999
bigstock_image_297686437,4:3,5,1.034343,0.9909663999999999
bigstock_image_297686437,9:16,5,0.884037,-1.392644
bigstock_image_307069546,16:9,5,-0.899471,-1.3417384
bigstock_image_307069546,1:1,5,1.038294,-0.32334
bigstock_image_307069546,3:4,5,-1.146153,-3.8435206
bigstock_image_307069546,4:3,5,1.079897,1.0640226
bigstock_image_307069546,9:16,5,-4.16867,-7.2498846
bigstock_image_308420872,16:9,5,-0.853116,-1.038314
bigstock_image_308420872,1:1,5,-4.270472,-6.1741342
bigstock_image_308420872,3:4,5,-8.281056,-10.906475
bigstock_image_308420872,4:3,5,-1.224273,-2.3701266
bigstock_image_308420872,9:16,5,-13.537636,-14.9178934
bigstock_image_312521860,16:9,5,1.065948,1.0512544
bigstock_image_312521860,1:1,5,-10.685022,-14.832309
bigstock_image_312521860,3:4,5,-15.762589,-18.5981014
bigstock_image_312521860,4:3,5,-6.151096,-8.326865399999999
bigstock_image_312521860,9:16,5,-21.324456,-28.792821600000003
bigstock_image_312692500,16:9,5,-1.474077,-3.4960594
bigstock_image_312692500,1:1,5,1.071711,1.0142
bigstock_image_312692500,3:4,5,1.10028,1.0272554
bigstock_image_312692500,4:3,5,0.959136,-0.9677468000000001
bigstock_image_312692500,9:16,5,1.049819,1.0028966000000001
bigstock_image_326554759,16:9,5,1.032333,0.9935796
bigstock_image_326554759,1:1,5,1.022185,1.0009359999999998
bigstock_image_326554759,3:4,5,1.00477,0.9809084
bigstock_image_326554759,4:3,5,1.044286,0.9973216
bigstock_image_326554759,9:16,5,0.965996,0.943393
bigstock_image_327086644,16:9,5,1.021374,0.9702672
bigstock_image_327086644,1:1,5,0.994242,0.9492168
bigstock_image_327086644,3:4,5,0.936589,0.8814147999999999
bigstock_image_327086644,4:3,5,1.031743,0.9835332000000001
bigstock_image_327086644,9:16,4,0.89852,0.47969725
bigstock_image_32897534,16:9,5,1.085011,-0.39247679999999996
bigstock_image_32897534,1:1,5,1.089002,0.6659818
bigstock_image_32897534,3:4,5,-0.35624,-3.7737276
bigstock_image_32897534,4:3,5,1.106658,1.1018098
bigstock_image_32897534,9:16,5,-3.140808,-6.8925714
bigstock_image_337444474,16:9,4,-31.278474,-36.3449635
bigstock_image_337444474,1:1,5,-9.549136,-12.005936
bigstock_image_337444474,3:4,1,-1.386685,-1.386685
bigstock_image_337444474,4:3,5,-17.118382,-22.6588496
bigstock_image_337444474,9:16,5,-1.378707,-2.1661677999999998
bigstock_image_337885774,16:9,5,1.04809,1.0114741999999999
bigstock_image_337885774,1:1,5,1.080971,0.45339039999999997
bigstock_image_337885774,3:4,5,1.012187,-0.24098799999999992
bigstock_image_337885774,4:3,5,1.099226,1.0317416
bigstock_image_337885774,9:16,5,0.974733,-1.6269299999999998
bigstock_image_338336269,16:9,5,1.040085,0.995392
bigstock_image_338336269,1:1,5,1.062742,-0.2511624
bigstock_image_338336269,3:4,5,-0.549802,-3.1709671999999998
bigstock_image_338336269,4:3,5,1.089441,1.0298602000000001
bigstock_image_338336269,9:16,5,-3.387274,-6.9042456
bigstock_image_340885888,16:9,5,-0.867258,-1.8346536
bigstock_image_340885888,1:1,5,-0.915882,-2.9569478
bigstock_image_340885888,3:4,5,-1.015193,-5.3019674000000006
bigstock_image_340885888,4:3,5,-0.895257,-1.5461328
bigstock_image_340885888,9:16,5,-1.605933,-5.119718199999999
bigstock_image_345651274,16:9,5,-7.279889,-17.134881999999998
bigstock_image_345651274,1:1,5,-1.447277,-1.4521366
bigstock_image_345651274,3:4,5,-1.488113,-2.2895578
bigstock_image_345651274,4:3,5,-1.423852,-1.4292054
bigstock_image_345651274,9:16,5,-2.898586,-3.3841431999999996
bigstock_image_356369255,16:9,5,-1.790677,-8.3468946
bigstock_image_356369255,1:1,5,0.21357,0.20334599999999997
bigstock_image_356369255,3:4,2,0.172536,-2.687521
bigstock_image_356369255,4:3,5,0.2274,0.1646932
bigstock_image_356369255,9:16,1,-8.985537,-8.985537
bigstock_image_356738510,16:9,5,-2.440161,-3.0168808
bigstock_image_356738510,1:1,5,-5.144919,-5.929632
bigstock_image_356738510,3:4,5,-9.448309,-11.3853206
bigstock_image_356738510,4:3,5,-1.883942,-3.0216448
bigstock_image_356738510,9:16,5,-15.104829,-17.8015264
bigstock_image_366172231,16:9,5,-0.384978,-5.8475172
bigstock_image_366172231,1:1,5,-2.549843,-5.9924536
bigstock_image_366172231,3:4,5,-3.1981,-8.638110000000001
bigstock_image_366172231,4:3,5,-0.398459,-4.7288492
bigstock_image_366172231,9:16,5,-6.80009,-11.525447400000001
bigstock_image_367294303,16:9,5,-21.581589,-30.5886966
bigstock_image_367294303,1:1,5,-9.307024,-10.0961796
bigstock_image_367294303,3:4,5,-0.973766,-4.041289000000001
bigstock_image_367294303,4:3,1,-21.21056,-21.21056
bigstock_image_367294303,9:16,3,-2.216787,-2.7698156666666667
bigstock_image_369097984,16:9,5,1.041093,1.009943
bigstock_image_369097984,1:1,5,1.059094,1.023158
bigstock_image_369097984,3:4,5,1.009869,0.13589060000000003
bigstock_image_369097984,4:3,5,1.05806,1.0129164
bigstock_image_369097984,9:16,5,0.957201,0.46276600000000007
bigstock_image_373319728,16:9,5,-12.155471,-19.6604946
bigstock_image_373319728,1:1,5,-3.437094,-5.7513536
bigstock_image_373319728,3:4,5,-0.79371,-1.4055574
bigstock_image_373319728,4:3,5,-7.217736,-7.8155361999999995
bigstock_image_373319728,9:16,5,-2.474084,-4.438781199999999
bigstock_image_378140140,16:9,5,-9.701937,-13.958234999999998
bigstock_image_378140140,1:1,5,-2.070727,-10.935589400000001
bigstock_image_378140140,3:4,5,-0.793682,-1.3297231999999999
bigstock_image_378140140,4:3,5,-5.360272,-15.7764802
bigstock_image_378140140,9:16,5,-2.431881,-4.455929800000001
bigstock_image_393470339,16:9,5,-0.857129,-1.7384533999999998
bigstock_image_393470339,1:1,5,-3.686627,-4.1740502
bigstock_image_393470339,3:4,5,-8.923045,-11.625244200000001
bigstock_image_393470339,4:3,5,-0.835812,-1.3887
bigstock_image_393470339,9:16,5,-18.656154,-23.9192876
bigstock_image_41357797,16:9,5,-0.81633,-3.3501252
bigstock_image_41357797,1:1,5,-6.546686,-9.5486702
bigstock_image_41357797,3:4,5,-11.282815,-15.018339000000001
bigstock_image_41357797,4:3,5,-2.972851,-7.143943200000001
bigstock_image_41357797,9:16,5,-17.508045,-23.3816226
bigstock_image_415334332,16:9,5,-2.488758,-2.9087354000000003
bigstock_image_415334332,1:1,5,-5.194231,-7.5248492
bigstock_image_415334332,3:4,5,-9.470571,-12.2192036
bigstock_image_415334332,4:3,5,-1.932711,-3.5729628
bigstock_image_415334332,9:16,5,-15.15823,-19.0732712
bigstock_image_41744830,16:9,5,-0.838788,-2.2229692
bigstock_image_41744830,1:1,5,-3.005906,-9.6237206
bigstock_image_41744830,3:4,5,-6.655177,-10.2541636
bigstock_image_41744830,4:3,5,-0.851044,-6.079121600000001
bigstock_image_41744830,9:16,5,-11.360872,-15.394201
bigstock_image_420463162,16:9,5,-8.003096,-15.6165986
bigstock_image_420463162,1:1,5,-7.382625,-11.4713744
bigstock_image_420463162,3:4,5,-11.937498,-16.7329304
bigstock_image_420463162,4:3,5,-5.311344,-8.433106
bigstock_image_420463162,9:16,5,-19.735282,-22.597095799999998
bigstock_image_427310582,16:9,5,-6.923524,-10.2398416
bigstock_image_427310582,1:1,5,-0.449083,-2.7677752
bigstock_image_427310582,3:4,5,1.072485,0.497724
bigstock_image_427310582,4:3,5,-3.239,-5.4665552
bigstock_image_427310582,9:16,5,1.046659,0.292622
bigstock_image_440504006,16:9,1,-1.560183,-1.560183
bigstock_image_440504006,1:1,5,-1.15332,-1.8280058000000001
bigstock_image_440504006,3:4,5,-1.185306,-1.743628
bigstock_image_440504006,4:3,5,-1.26951,-1.2766819999999999
bigstock_image_440504006,9:16,5,-8.644135,-14.7561736
bigstock_image_441562499,16:9,5,-28.557024,-35.421905800000005
bigstock_image_441562499,1:1,1,-6.260125,-6.260125
bigstock_image_441562499,3:4,5,-0.42448,-3.3082772
bigstock_image_441562499,4:3,5,-17.21126,-24.2148074
bigstock_image_441562499,9:16,5,1.068306,1.0582654
bigstock_image_446466827,16:9,5,-4.281636,-8.366843
bigstock_image_446466827,1:1,5,-1.381908,-2.0029526
bigstock_image_446466827,3:4,5,-1.121177,-1.1502972
bigstock_image_446466827,4:3,5,-1.109912,-1.576336
bigstock_image_446466827,9:16,5,-1.15553,-3.2526859999999997
bigstock_image_456907741,16:9,5,-0.847702,-1.0091848
bigstock_image_456907741,1:1,5,-0.891355,-3.2343927999999997
bigstock_image_456907741,3:4,5,-3.268947,-7.995228
bigstock_image_456907741,4:3,5,-0.84511,-1.016102
bigstock_image_456907741,9:16,4,-9.933893,-11.179448
bigstock_image_459741757,16:9,5,-0.828246,-1.2748328
bigstock_image_459741757,1:1,5,-0.883497,-1.294381
bigstock_image_459741757,3:4,5,-0.898231,-1.3060426
bigstock_image_459741757,4:3,5,-0.845208,-1.901081
bigstock_image_459741757,9:16,5,-0.938345,-1.3414933999999998
bigstock_image_464852575,16:9,5,-2.099614,-2.484778
bigstock_image_464852575,1:1,5,-4.817023,-6.930827600000001
bigstock_image_464852575,3:4,5,-9.021328,-11.2471274
bigstock_image_464852575,4:3,5,-1.6416,-2.2136052
bigstock_image_464852575,9:16,5,-14.527287,-17.5676014
bigstock_image_465688923,16:9,5,1.070091,1.0312439999999998
bigstock_image_465688923,1:1,5,-1.026655,-3.8056466
bigstock_image_465688923,3:4,5,-3.990872,-7.654863799999999
bigstock_image_465688923,4:3,5,1.04174,-0.337918
bigstock_image_465688923,9:16,5,-7.884178,-12.7553892
bigstock_image_466578131,16:9,5,-3.547971,-7.6338642000000005
bigstock_image_466578131,1:1,5,-1.67329,-1.7237956
bigstock_image_466578131,3:4,5,-3.924821,-4.2654322
bigstock_image_466578131,4:3,5,-1.640089,-1.6567692
bigstock_image_466578131,9:16,5,-7.303635,-7.679187400000001
bigstock_image_467272199,16:9,5,-0.873514,-1.9631294000000001
bigstock_image_467272199,1:1,5,-0.921131,-3.3533192
bigstock_image_467272199,3:4,5,-1.258277,-5.640272
bigstock_image_467272199,4:3,5,-0.88804,-2.1162372
bigstock_image_467272199,9:16,5,-4.29163,-8.6890152
bigstock_image_470393651,16:9,5,-1.243251,-5.165638400000001
bigstock_image_470393651,1:1,5,-4.533512,-6.9586546
bigstock_image_470393651,3:4,5,-8.637882,-12.043995
bigstock_image_470393651,4:3,5,-1.418877,-4.4955602
bigstock_image_470393651,9:16,5,-14.063311,-17.358348
bigstock_image_470784023,16:9,1,-2.869821,-2.869821
bigstock_image_470784023,1:1,5,-1.833996,-3.5150732
bigstock_image_470784023,3:4,5,-2.102131,-3.016356
bigstock_image_470784023,4:3,5,-1.80884,-1.8170628
bigstock_image_470784023,9:16,5,-5.386265,-5.7996384
bigstock_image_471498239,16:9,5,-1.368441,-2.727606
bigstock_image_471498239,1:1,5,-0.810593,-5.025173000000001
bigstock_image_471498239,3:4,5,-3.636105,-7.987547000000001
bigstock_image_471498239,4:3,5,-0.804862,-3.0569493999999997
bigstock_image_471498239,9:16,5,-7.417585,-11.4149264
bigstock_image_48125867,16:9,5,-5.479672,-14.0766504
bigstock_image_48125867,1:1,5,-1.230072,-1.3232356
bigstock_image_48125867,3:4,5,-1.223597,-1.8898248000000002
bigstock_image_48125867,4:3,5,-1.249421,-1.254434
bigstock_image_48125867,9:16,1,-1.211411,-1.211411
bigstock_image_4940120,16:9,2,1.031871,0.07778399999999996
bigstock_image_4940120,1:1,5,-1.141181,-1.6183935999999999
bigstock_image_4940120,3:4,5,-5.790326,-11.552614
bigstock_image_4940120,4:3,5,1.180863,0.7257344
bigstock_image_4940120,9:16,5,-15.691949,-20.1928536
bigstock_image_55694432,16:9,2,-4.366397,-5.139043
bigstock_image_55694432,1:1,5,-7.257828,-9.156416799999999
bigstock_image_55694432,3:4,5,-12.370024,-16.0273564
bigstock_image_55694432,4:3,5,-0.878141,-0.8864848000000001
bigstock_image_55694432,9:16,5,-17.130873,-21.072822600000002
bigstock_image_5751897,16:9,5,-0.903652,-2.5606864000000003
bigstock_image_5751897,1:1,5,-0.923227,-5.7830753999999995
bigstock_image_5751897,3:4,5,-4.446372,-9.5229184
bigstock_image_5751897,4:3,5,-0.884977,-3.3552288000000003
bigstock_image_5751897,9:16,5,-7.656662,-11.597139799999999
bigstock_image_59312051,16:9,5,-2.524929,-2.9386662
bigstock_image_59312051,1:1,5,-5.209525,-7.0251578
bigstock_image_59312051,3:4,5,-9.501016,-12.2188756
bigstock_image_59312051,4:3,5,-1.947875,-3.5946434
bigstock_image_59312051,9:16,5,-15.163476,-19.4108278
bigstock_image_61750514,16:9,5,-0.789306,-1.9147522000000001
bigstock_image_61750514,1:1,5,-0.796834,-2.2939688
bigstock_image_61750514,3:4,5,-0.832898,-2.6568594
bigstock_image_61750514,4:3,5,-0.779151,-1.5066156000000002
bigstock_image_61750514,9:16,5,-0.897815,-1.2895632
bigstock_image_74177035,16:9,5,1.05509,-0.256731
bigstock_image_74177035,1:1,5,1.087473,-0.5312441999999999
bigstock_image_74177035,3:4,5,1.042095,-3.187522
bigstock_image_74177035,4:3,5,1.083872,0.465646
bigstock_image_74177035,9:16,5,-3.072936,-6.5872622
bigstock_image_76134065,16:9,5,-3.612618,-5.939114
bigstock_image_76134065,1:1,5,-7.656896,-11.472688
bigstock_image_76134065,3:4,5,-11.72817,-15.529171200000002
bigstock_image_76134065,4:3,3,-1.24174,-1.7677403333333332
bigstock_image_76134065,9:16,5,-16.924408,-21.3015274
bigstock_image_91687388,16:9,5,-4.177958,-7.428127599999999
bigstock_image_91687388,1:1,5,-0.406083,-10.5333192
bigstock_image_91687388,3:4,5,-0.377588,-5.6799968
bigstock_image_91687388,4:3,5,-0.340901,-6.083035
bigstock_image_91687388,9:16,5,-3.17132,-7.2587608
bigstock_image_95210855,16:9,5,1.049038,-0.5748956
bigstock_image_95210855,1:1,5,1.069187,-1.9198301999999998
bigstock_image_95210855,3:4,5,-2.684244,-4.8627848
bigstock_image_95210855,4:3,5,1.070776,-1.0004638
bigstock_image_95210855,9:16,5,-6.191413,-9.3618828
pond5_image_101541673,16:9,4,-2.956874,-3.49369675
pond5_image_101541673,1:1,4,-1.850765,-2.87137375
pond5_image_101541673,3:4,1,-3.615479,-3.615479
pond5_image_101541673,4:3,2,-1.819509,-2.2882675
pond5_image_101541673,9:16,1,-10.685893,-10.685893
pond5_image_102317479,16:9,5,1.019365,1.0139404
pond5_image_102317479,1:1,5,0.982782,-1.9888962
pond5_image_102317479,3:4,5,-2.641515,-4.8492326
pond5_image_102317479,4:3,5,1.024603,0.3273002
pond5_image_102317479,9:16,5,-6.105185,-8.7639018
pond5_image_102938669,16:9,5,-2.481197,-2.9069256
pond5_image_102938669,1:1,5,-5.170698,-7.1099993999999995
pond5_image_102938669,3:4,5,-9.4681,-12.1945258
pond5_image_102938669,4:3,5,-1.918471,-2.53775
pond5_image_102938669,9:16,5,-15.141551,-19.0272444
pond5_image_106954165,16:9,5,-5.367853,-11.7175814
pond5_image_106954165,1:1,5,-1.456725,-3.9645836
pond5_image_106954165,3:4,3,-3.146638,-5.741691333333333
pond5_image_106954165,4:3,5,-1.426861,-1.6297248
pond5_image_106954165,9:16,1,-7.304834,-7.304834
pond5_image_108212571,16:9,5,-1.28349,-5.7237146
pond5_image_108212571,1:1,5,-0.861751,-1.9920656
pond5_image_108212571,3:4,5,-0.816989,-1.4025424
pond5_image_108212571,4:3,5,-0.899946,-3.8065936000000002
pond5_image_108212571,9:16,5,-0.852725,-1.4041156
pond5_image_111876739,16:9,5,-2.497175,-2.9199688
pond5_image_111876739,1:1,5,-5.197151,-5.5781294
pond5_image_111876739,3:4,5,-9.475866,-10.4979882
pond5_image_111876739,4:3,5,-1.934131,-2.5157415999999997
pond5_image_111876739,9:16,5,-15.12033,-17.1692514
pond5_image_114608200,16:9,5,-0.863295,-1.2108116
pond5_image_114608200,1:1,5,-0.869738,-2.3426122
pond5_image_114608200,3:4,5,-0.913937,-1.5931608000000002
pond5_image_114608200,4:3,5,-0.857549,-1.4418476
pond5_image_114608200,9:16,5,-0.986548,-1.4387366
pond5_image_115395438,16:9,5,-0.969828,-1.9148627999999999
pond5_image_115395438,1:1,5,-3.23337,-6.5866782
pond5_image_115395438,3:4,5,-6.901567,-11.0418962
pond5_image_115395438,4:3,5,-0.87651,-2.7253751999999998
pond5_image_115395438,9:16,5,-11.702722,-15.940383000000002
pond5_image_117339417,16:9,3,-44.255551,-44.26760066666666
pond5_image_117339417,1:1,2,-23.500274,-23.503065499999998
pond5_image_117339417,3:4,5,-8.85372,-10.251659
pond5_image_117339417,4:3,1,-23.97214,-23.97214
pond5_image_117339417,9:16,4,-1.392396,-1.39974825
pond5_image_119532776,16:9,5,-0.844101,-4.2168438
pond5_image_119532776,1:1,5,-5.170076,-8.411516
pond5_image_119532776,3:4,5,-9.442029,-13.0730142
pond5_image_119532776,4:3,5,-1.91651,-6.442797199999999
pond5_image_119532776,9:16,5,-15.109391,-19.4165294
pond5_image_119598077,16:9,5,1.060469,0.9575828000000002
pond5_image_119598077,1:1,5,1.06347,0.9860008
pond5_image_119598077,3:4,5,0.97546,0.24005900000000002
pond5_image_119598077,4:3,5,1.081377,0.9711190000000001
pond5_image_119598077,9:16,5,0.928495,-0.5048948
pond5_image_120248059,16:9,5,1.031675,0.9778471999999999
pond5_image_120248059,1:1,5,1.024532,0.9845691999999999
pond5_image_120248059,3:4,5,0.970345,0.9366897999999999
pond5_image_120248059,4:3,5,1.050431,0.9886146
pond5_image_120248059,9:16,5,0.956556,0.9292724
pond5_image_120626498,16:9,5,-0.877104,-1.558184
pond5_image_120626498,1:1,5,-0.780195,-3.177995
pond5_image_120626498,3:4,5,-2.385854,-5.9028066
pond5_image_120626498,4:3,5,-0.760109,-1.1349672
pond5_image_120626498,9:16,5,-5.833411,-9.7872372
pond5_image_133794802,16:9,5,-0.849037,-2.301854
pond5_image_133794802,1:1,5,-1.131826,-3.8453554
pond5_image_133794802,3:4,5,-4.158182,-7.043306200000001
pond5_image_133794802,4:3,5,-0.834036,-2.244271
pond5_image_133794802,9:16,5,-8.10834,-12.0840818
pond5_image_139565425,16:9,5,-7.04138,-7.4947538
pond5_image_139565425,1:1,5,-5.620323,-9.8789614
pond5_image_139565425,3:4,5,-9.840037,-14.484300200000002
pond5_image_139565425,4:3,4,-0.828595,-0.832396
pond5_image_139565425,9:16,5,-15.530481,-19.5526082
pond5_image_142860477,16:9,5,-6.948088,-7.7623864
pond5_image_142860477,1:1,5,-8.615724,-11.1039164
pond5_image_142860477,3:4,5,-12.770854,-15.853523599999999
pond5_image_142860477,4:3,1,-1.0462,-1.0462
pond5_image_142860477,9:16,5,-18.34198,-22.7669362
pond5_image_143575051,16:9,5,-23.004547,-27.9893352
pond5_image_143575051,1:1,5,-5.695184,-10.5801744
pond5_image_143575051,3:4,4,-1.817846,-2.37904575
pond5_image_143575051,4:3,5,-11.593241,-19.0424722
pond5_image_143575051,9:16,5,-1.80915,-1.9956595999999998
pond5_image_147131777,16:9,5,1.091461,-2.5298863999999996
pond5_image_147131777,1:1,5,-1.211806,-4.2148302
pond5_image_147131777,3:4,5,-4.264821,-7.828599800000001
pond5_image_147131777,4:3,5,1.087306,-6.023951200000001
pond5_image_147131777,9:16,5,-8.265933,-14.943831399999999
pond5_image_147674053,16:9,5,1.127754,1.0849107999999998
pond5_image_147674053,1:1,5,1.114355,1.1022172000000001
pond5_image_147674053,3:4,4,1.052442,1.0391605
pond5_image_147674053,4:3,5,1.140061,1.0972136000000001
pond5_image_147674053,9:16,5,-5.563523,-8.731186
pond5_image_154750946,16:9,5,-6.427333,-7.742699400000001
pond5_image_154750946,1:1,5,-0.810116,-1.2884036
pond5_image_154750946,3:4,5,-2.672385,-4.0415728
pond5_image_154750946,4:3,5,-0.767956,-0.7715772000000001
pond5_image_154750946,9:16,5,-11.840279,-14.5320572
pond5_image_157230647,16:9,5,-3.583615,-11.973097
pond5_image_157230647,1:1,4,-1.04163,-1.775997
pond5_image_157230647,3:4,1,-7.325516,-7.325516
pond5_image_157230647,4:3,5,-1.039461,-1.0466334
pond5_image_157230647,9:16,5,-13.282988,-16.8977292
pond5_image_157535868,16:9,5,1.01447,0.9599816000000001
pond5_image_157535868,1:1,5,1.077543,1.0448162
pond5_image_157535868,3:4,5,1.106586,1.0759854
pond5_image_157535868,4:3,5,1.063539,1.0289696
pond5_image_157535868,9:16,5,1.108831,1.0640889999999998
pond5_image_157591286,16:9,5,-3.971806,-7.016166200000001
pond5_image_157591286,1:1,5,-0.781077,-0.7877166
pond5_image_157591286,3:4,5,-0.819753,-1.7670722
pond5_image_157591286,4:3,5,-1.562368,-1.5643395999999998
pond5_image_157591286,9:16,3,-0.899614,-2.555900333333333
pond5_image_158641577,16:9,5,1.064087,0.2358568
pond5_image_158641577,1:1,5,1.056229,0.6248108
pond5_image_158641577,3:4,5,0.974718,0.9460520000000001
pond5_image_158641577,4:3,5,1.090682,-0.025144199999999905
pond5_image_158641577,9:16,5,0.92857,-1.1879282
pond5_image_159793518,16:9,5,1.027069,-0.8223161999999998
pond5_image_159793518,1:1,5,-6.125912,-9.402331
pond5_image_159793518,3:4,5,-10.68339,-13.7188764
pond5_image_159793518,4:3,5,-2.662679,-4.604229800000001
pond5_image_159793518,9:16,5,-16.711415,-21.798133200000002
pond5_image_162814744,16:9,5,-8.011646,-15.3651114
pond5_image_162814744,1:1,1,-2.075682,-2.075682
pond5_image_162814744,3:4,5,-8.071237,-13.798517800000003
pond5_image_162814744,4:3,1,-2.138482,-2.138482
pond5_image_162814744,9:16,5,-13.295578,-16.6999602
pond5_image_163121991,16:9,5,-0.751594,-3.4041532000000005
pond5_image_163121991,1:1,5,-5.117858,-9.2699602
pond5_image_163121991,3:4,5,-1.432976,-3.6823583999999996
pond5_image_163121991,4:3,5,-3.221635,-5.299245
pond5_image_163121991,9:16,5,-1.42616,-5.010288399999999
pond5_image_166525179,16:9,5,-2.686131,-6.7455642
pond5_image_166525179,1:1,5,-0.495668,-2.6758417999999997
pond5_image_166525179,3:4,5,-0.444145,-0.6364446
pond5_image_166525179,4:3,5,-0.544894,-2.0398690000000004
pond5_image_166525179,9:16,5,0.998753,-2.3093120000000003
pond5_image_166699751,16:9,5,-0.827798,-1.7621136
pond5_image_166699751,1:1,5,-0.845054,-1.5346522
pond5_image_166699751,3:4,5,-0.880023,-3.6217184
pond5_image_166699751,4:3,5,-0.810337,-1.8928976
pond5_image_166699751,9:16,5,-2.583761,-6.222938399999999
pond5_image_169465370,16:9,5,1.077852,1.0100386000000001
pond5_image_169465370,1:1,5,1.045659,1.011699
pond5_image_169465370,3:4,5,1.003036,0.9667574
pond5_image_169465370,4:3,5,1.079375,1.0222114
pond5_image_169465370,9:16,5,0.965794,0.9432662
pond5_image_169823295,16:9,5,-3.75534,-8.9707122
pond5_image_169823295,1:1,5,-3.711274,-6.740547000000001
pond5_image_169823295,3:4,5,-7.551739,-11.136065400000001
pond5_image_169823295,4:3,5,-1.109471,-5.5654726
pond5_image_169823295,9:16,5,-12.569982,-17.1066572
pond5_image_188261330,16:9,5,-7.612158,-10.8948598
pond5_image_188261330,1:1,5,-10.111918,-12.3586064
pond5_image_188261330,3:4,5,-14.06397,-17.8403522
pond5_image_188261330,4:3,1,-1.494488,-1.494488
pond5_image_188261330,9:16,5,-19.904995,-24.8400242
pond5_image_196804442,16:9,5,-10.032927,-12.6235862
pond5_image_196804442,1:1,5,-1.152386,-1.1566298
pond5_image_196804442,3:4,5,-1.215865,-1.3942676
pond5_image_196804442,4:3,1,-1.987396,-1.987396
pond5_image_196804442,9:16,5,-0.963249,-3.8496484000000004
pond5_image_21322898,16:9,5,-21.248263,-28.562385800000005
pond5_image_21322898,1:1,5,-8.377671,-17.1974284
pond5_image_21322898,3:4,3,-2.670492,-3.206739333333333
pond5_image_21322898,4:3,5,-12.969995,-23.804804400000002
pond5_image_21322898,9:16,5,-5.312688,-7.4899372
pond5_image_214773394,16:9,5,-0.934188,-3.9585948
pond5_image_214773394,1:1,5,-2.182218,-5.1344098
pond5_image_214773394,3:4,5,-8.700216,-12.1895076
pond5_image_214773394,4:3,5,-0.882869,-1.9560468
pond5_image_214773394,9:16,5,-6.157004,-17.8484908
pond5_image_220910386,16:9,5,-0.936522,-1.3882388
pond5_image_220910386,1:1,5,-0.867377,-2.2319106
pond5_image_220910386,3:4,5,-0.857199,-2.6855346
pond5_image_220910386,4:3,5,-0.894325,-1.3989222
pond5_image_220910386,9:16,5,-0.90108,-3.5242578
pond5_image_221479036,16:9,5,-0.829405,-4.5086864
pond5_image_221479036,1:1,5,-3.514279,-6.2955950000000005
pond5_image_221479036,3:4,5,-6.73602,-9.5072318
pond5_image_221479036,4:3,5,-0.810072,-4.8649244
pond5_image_221479036,9:16,5,-1.537396,-8.1773556
pond5_image_223223424,16:9,5,-0.558154,-1.0289058
pond5_image_223223424,1:1,5,-0.783335,-3.4345330000000005
pond5_image_223223424,3:4,5,-3.716231,-6.5753626
pond5_image_223223424,4:3,5,-0.567536,-1.5716705999999998
pond5_image_223223424,9:16,5,-7.514307,-11.295106200000001
pond5_image_227026033,16:9,5,-8.509294,-8.9468928
pond5_image_227026033,1:1,5,-4.214672,-5.5206462
pond5_image_227026033,3:4,3,-8.937887,-9.500472
pond5_image_227026033,4:3,4,-1.653197,-1.7989537500000001
pond5_image_227026033,9:16,5,-18.822454,-23.624722600000002
pond5_image_231369019,16:9,5,-0.857933,-2.0319344
pond5_image_231369019,1:1,5,-0.893684,-2.9531368000000002
pond5_image_231369019,3:4,5,-2.754201,-5.309177
pond5_image_231369019,4:3,5,-0.870841,-2.1640056000000003
pond5_image_231369019,9:16,5,-6.245357,-9.2039922
pond5_image_235098294,16:9,5,1.101437,1.0873622
pond5_image_235098294,1:1,5,1.074037,1.0560746
pond5_image_235098294,3:4,5,1.046639,0.1367424
pond5_image_235098294,4:3,5,1.103036,1.068494
pond5_image_235098294,9:16,5,0.984618,-1.707309
pond5_image_235663250,16:9,5,1.058723,1.0414642
pond5_image_235663250,1:1,5,1.059077,1.035458
pond5_image_235663250,3:4,5,1.014257,0.9977216
pond5_image_235663250,4:3,5,1.074157,1.0454622
pond5_image_235663250,9:16,5,1.013069,0.9614644
pond5_image_237848581,16:9,5,1.073337,-0.2956392
pond5_image_237848581,1:1,5,1.063923,0.6055298
pond5_image_237848581,3:4,2,0.997778,0.12708150000000001
pond5_image_237848581,4:3,5,1.06882,0.6869168
pond5_image_237848581,9:16,1,-2.080507,-2.080507
pond5_image_238036144,16:9,5,-3.705864,-5.315705400000001
pond5_image_238036144,1:1,5,-10.882466,-14.021886
pond5_image_238036144,3:4,5,-15.862119,-21.0007432
pond5_image_238036144,4:3,5,-6.424374,-9.019560799999999
pond5_image_238036144,9:16,5,-22.358779,-28.6577722
pond5_image_245714401,16:9,5,-0.89451,-3.0810172000000002
pond5_image_245714401,1:1,5,-0.805078,-1.9704158
pond5_image_245714401,3:4,3,-0.862371,-1.4504980000000003
pond5_image_245714401,4:3,5,-0.79001,-0.9879940000000001
pond5_image_245714401,9:16,5,-6.532309,-11.841627800000001
pond5_image_245784270,16:9,5,-1.039554,-3.3168652
pond5_image_245784270,1:1,5,-2.103073,-4.5360202
pond5_image_245784270,3:4,3,-5.698567,-7.142083333333333
pond5_image_245784270,4:3,5,-0.91488,-2.8787518
pond5_image_245784270,9:16,5,-11.094512,-16.196756999999998
pond5_image_31875795,16:9,5,-19.233973,-26.9557504
pond5_image_31875795,1:1,5,-10.583142,-16.1961086
pond5_image_31875795,3:4,1,-3.950018,-3.950018
pond5_image_31875795,4:3,5,-14.331652,-22.0151056
pond5_image_31875795,9:16,5,-9.164858,-12.0768756
pond5_image_32036946,16:9,5,1.092773,1.0692059999999999
pond5_image_32036946,1:1,5,1.069952,1.0353808
pond5_image_32036946,3:4,1,1.034459,1.034459
pond5_image_32036946,4:3,5,1.09876,1.0545612
pond5_image_32036946,9:16,5,-2.986449,-4.7480351999999995
pond5_image_32270880,16:9,5,-2.468956,-9.1803372
pond5_image_32270880,1:1,5,-5.158151,-10.0096366
pond5_image_32270880,3:4,5,-9.43199,-15.2041322
pond5_image_32270880,4:3,5,-1.902027,-8.356596999999999
pond5_image_32270880,9:16,5,-15.087006,-19.6349258
pond5_image_34080614,16:9,5,-2.383499,-8.65898
pond5_image_34080614,1:1,5,-5.103373,-8.0101484
pond5_image_34080614,3:4,5,-9.375841,-13.705854800000001
pond5_image_34080614,4:3,5,-1.849004,-8.5505656
pond5_image_34080614,9:16,5,-15.093762,-19.3443916
pond5_image_43254310,16:9,5,-3.679071,-8.7150458
pond5_image_43254310,1:1,5,-2.129519,-3.5247973999999997
pond5_image_43254310,3:4,3,-6.131942,-7.886096333333332
pond5_image_43254310,4:3,5,-1.193949,-1.4377852
pond5_image_43254310,9:16,5,-14.245954,-19.2710994
pond5_image_45244237,16:9,5,-7.011126,-9.3996858
pond5_image_45244237,1:1,1,-3.611195,-3.611195
pond5_image_45244237,3:4,5,-10.574567,-14.8872306
pond5_image_45244237,4:3,5,-1.038888,-1.3589786
pond5_image_45244237,9:16,5,-17.57613,-22.2411884
pond5_image_45894941,16:9,4,-10.833735,-11.798525999999999
pond5_image_45894941,1:1,1,-3.190572,-3.190572
pond5_image_45894941,3:4,5,-10.053905,-14.176962600000001
pond5_image_45894941,4:3,1,-0.821445,-0.821445
pond5_image_45894941,9:16,5,-15.282631,-19.2929572
pond5_image_47113082,16:9,5,-0.760478,-1.0060934
pond5_image_47113082,1:1,5,-5.026216,-6.379173199999999
pond5_image_47113082,3:4,5,-9.157131,-9.8768414
pond5_image_47113082,4:3,5,-0.772657,-2.6539624
pond5_image_47113082,9:16,5,-18.890839,-21.149983600000002
pond5_image_49690848,16:9,5,1.031645,-5.884540599999999
pond5_image_49690848,1:1,5,1.115458,1.1060294
pond5_image_49690848,3:4,5,1.123465,1.0751332
pond5_image_49690848,4:3,5,1.072727,0.5204318000000001
pond5_image_49690848,9:16,5,1.077503,0.6952122000000001
pond5_image_49977455,16:9,5,0.93958,-0.3330164
pond5_image_49977455,1:1,3,-2.594484,-5.326705666666666
pond5_image_49977455,3:4,2,-8.059986,-8.8066465
pond5_image_49977455,4:3,1,-2.595246,-2.595246
pond5_image_49977455,9:16,1,-12.385965,-12.385965
pond5_image_54716864,16:9,5,-1.849273,-2.4584242
pond5_image_54716864,1:1,5,-0.510818,-1.5567613999999999
pond5_image_54716864,3:4,5,-1.026626,-1.9101706
pond5_image_54716864,4:3,5,-0.551427,-1.1034554
pond5_image_54716864,9:16,5,-4.139087,-5.0375298
pond5_image_58100333,16:9,1,-28.595304,-28.595304
pond5_image_58100333,1:1,5,-6.261858,-11.6002902
pond5_image_58100333,3:4,2,-1.641067,-1.7398995
pond5_image_58100333,4:3,5,-16.293753,-21.591349400000002
pond5_image_58100333,9:16,5,-1.658525,-1.8616892
pond5_image_63365040,16:9,5,-31.673243,-37.8510098
pond5_image_63365040,1:1,5,-9.486269,-15.7733668
pond5_image_63365040,3:4,3,-2.084406,-2.4885266666666666
pond5_image_63365040,4:3,5,-20.450085,-25.429334
pond5_image_63365040,9:16,5,-1.00819,-1.4040188
pond5_image_63398631,16:9,5,1.068715,-0.9044992000000001
pond5_image_63398631,1:1,5,1.067446,-0.64062
pond5_image_63398631,3:4,5,1.014194,-0.9428091999999999
pond5_image_63398631,4:3,5,1.093126,-0.11277140000000001
pond5_image_63398631,9:16,5,-6.074037,-10.3430502
pond5_image_64357880,16:9,5,-0.848462,-2.4457668
pond5_image_64357880,1:1,5,-0.866668,-7.385290599999999
pond5_image_64357880,3:4,5,-7.358535,-9.9848322
pond5_image_64357880,4:3,5,-0.842087,-2.6881574
pond5_image_64357880,9:16,5,-12.509466,-14.7279648
pond5_image_64839514,16:9,5,-0.821504,-0.9403839999999999
pond5_image_64839514,1:1,5,-5.223049,-8.1091352
pond5_image_64839514,3:4,5,-9.505645,-13.058649400000002
pond5_image_64839514,4:3,5,-1.948007,-3.7562054000000002
pond5_image_64839514,9:16,5,-15.207275,-19.059925
pond5_image_65124036,16:9,5,-0.825675,-2.5451716
pond5_image_65124036,1:1,5,-7.221048,-13.104723000000002
pond5_image_65124036,3:4,5,-19.467541,-24.721264400000003
pond5_image_65124036,4:3,5,-0.80716,-1.4723983999999999
pond5_image_65124036,9:16,3,-30.999875,-35.29975566666667
pond5_image_66445307,16:9,5,-0.848957,-1.5880164
pond5_image_66445307,1:1,5,-2.045507,-3.2673604
pond5_image_66445307,3:4,5,-5.346072,-9.405162999999998
pond5_image_66445307,4:3,5,-0.838727,-1.6654992
pond5_image_66445307,9:16,5,-9.649862,-13.8078418
pond5_image_69024219,16:9,5,-2.768632,-5.3132892
pond5_image_69024219,1:1,5,-3.48913,-6.309082999999999
pond5_image_69024219,3:4,2,-11.160189,-11.224379
pond5_image_69024219,4:3,5,-0.802559,-2.5046726
pond5_image_69024219,9:16,5,-15.968148,-16.6688518
pond5_image_77017401,16:9,3,-2.448206,-2.6359706666666667
pond5_image_77017401,1:1,5,-0.727627,-0.7858078
pond5_image_77017401,3:4,5,-0.74353,-1.0339542
pond5_image_77017401,4:3,5,-0.747494,-1.1030622
pond5_image_77017401,9:16,1,-0.739599,-0.739599
pond5_image_82221699,16:9,1,-2.583558,-2.583558
pond5_image_82221699,1:1,5,1.020094,-0.406846
pond5_image_82221699,3:4,5,-2.98133,-3.4205619999999994
pond5_image_82221699,4:3,5,1.052647,0.5378856
pond5_image_82221699,9:16,5,-8.405636,-10.8611946
pond5_image_83259848,16:9,5,1.088997,0.7388444
pond5_image_83259848,1:1,5,1.07521,0.18972080000000002
pond5_image_83259848,3:4,5,1.030379,-1.5293342
pond5_image_83259848,4:3,5,1.097573,1.0358817999999999
pond5_image_83259848,9:16,5,-0.511909,-4.5783968
pond5_image_83440819,16:9,5,-25.19419,-31.612108999999997
pond5_image_83440819,1:1,5,-5.82055,-11.100705
pond5_image_83440819,3:4,5,1.074641,0.18337399999999993
pond5_image_83440819,4:3,5,-14.649832,-20.807502399999997
pond5_image_83440819,9:16,5,1.045458,-1.6385399999999997
pond5_image_85044509,16:9,5,-2.464065,-7.7755694
pond5_image_85044509,1:1,5,-5.168379,-9.535293200000002
pond5_image_85044509,3:4,5,-9.457532,-13.7173032
pond5_image_85044509,4:3,5,-1.900494,-8.6967074
pond5_image_85044509,9:16,5,-15.073289,-19.3412368
pond5_image_86739151,16:9,1,-7.656571,-7.656571
pond5_image_86739151,1:1,1,-2.58332,-2.58332
pond5_image_86739151,3:4,5,-10.936956,-15.559816000000001
pond5_image_86739151,4:3,4,-1.340007,-1.42960275
pond5_image_86739151,9:16,5,-16.691948,-20.832353
pond5_image_89198153,16:9,5,-6.124357,-12.1803454
pond5_image_89198153,1:1,5,-1.403815,-1.4136368
pond5_image_89198153,3:4,5,-1.430373,-1.5021062
pond5_image_89198153,4:3,5,-1.387965,-1.4924620000000002
pond5_image_89198153,9:16,5,-1.47236,-2.023705
pond5_image_94619594,16:9,1,-1.940803,-1.940803
pond5_image_94619594,1:1,5,-7.258554,-9.6983746
pond5_image_94619594,3:4,1,-14.613829,-14.613829
pond5_image_94619594,4:3,5,-2.657088,-2.978545
pond5_image_94619594,9:16,5,-20.817202,-27.927222600000004
pond5_image_97691404,16:9,5,-0.885848,-2.3794682000000003
pond5_image_97691404,1:1,5,-0.89519,-3.0079789999999997
pond5_image_97691404,3:4,5,-0.989211,-4.850897999999999
pond5_image_97691404,4:3,5,-0.846703,-2.1759322
pond5_image_97691404,9:16,5,-1.324582,-6.466166599999999
sstk_image_1012659964,16:9,5,-0.902247,-4.350055
sstk_image_1012659964,1:1,5,1.081094,0.7499551999999999
sstk_image_1012659964,3:4,5,1.041144,-2.0745598000000003
sstk_image_1012659964,4:3,5,1.107512,-1.3088912000000001
sstk_image_1012659964,9:16,5,-1.036039,-3.1637252
sstk_image_1015257178,16:9,5,-12.692988,-17.1833212
sstk_image_1015257178,1:1,5,-3.773586,-6.756539999999999
sstk_image_1015257178,3:4,5,-0.884011,-5.8020778
sstk_image_1015257178,4:3,5,-7.638047,-11.428451
sstk_image_1015257178,9:16,5,-1.86545,-6.0252368
sstk_image_102697559,16:9,5,-15.540889,-21.9974038
sstk_image_102697559,1:1,5,-5.336644,-8.163003999999999
sstk_image_102697559,3:4,5,-9.090381,-10.73954
sstk_image_102697559,4:3,5,-10.075467,-16.4997392
sstk_image_102697559,9:16,5,-14.051487,-16.7840852
sstk_image_1032537781,16:9,5,-2.446808,-8.4516132
sstk_image_1032537781,1:1,5,-5.138428,-8.576213599999999
sstk_image_1032537781,3:4,5,-9.427276,-13.705146200000001
sstk_image_1032537781,4:3,5,-1.88442,-10.0963146
sstk_image_1032537781,9:16,5,-15.084619,-19.3625366
sstk_image_1036118752,16:9,5,-2.941532,-4.385167
sstk_image_1036118752,1:1,5,-1.991873,-4.992275
sstk_image_1036118752,3:4,5,-5.316116,-8.181142600000001
sstk_image_1036118752,4:3,5,-0.856386,-2.0686446
sstk_image_1036118752,9:16,5,-9.6497,-13.5737828
sstk_image_1036349740,16:9,5,-2.45299,-8.7357798
sstk_image_1036349740,1:1,5,-4.369027,-8.614098
sstk_image_1036349740,3:4,5,-8.405869,-10.378703400000001
sstk_image_1036349740,4:3,5,-1.291579,-7.7160968
sstk_image_1036349740,9:16,5,-13.737493,-16.8266944
sstk_image_1059769676,16:9,5,-0.871604,-1.4636294
sstk_image_1059769676,1:1,5,-2.830474,-5.0790972000000005
sstk_image_1059769676,3:4,5,-6.362352,-12.206564199999999
sstk_image_1059769676,4:3,5,-0.87585,-1.8024366
sstk_image_1059769676,9:16,5,-11.031423,-14.9867232
sstk_image_1070169710,16:9,5,-7.481824,-14.4010348
sstk_image_1070169710,1:1,5,-0.865209,-4.099380399999999
sstk_image_1070169710,3:4,5,-0.859985,-2.0809386
sstk_image_1070169710,4:3,5,-3.666473,-14.041398599999999
sstk_image_1070169710,9:16,5,-2.517488,-3.9984886000000004
sstk_image_1070177867,16:9,5,-0.838996,-1.2499952
sstk_image_1070177867,1:1,5,-0.827593,-1.1096086
sstk_image_1070177867,3:4,5,-0.893662,-2.4906514
sstk_image_1070177867,4:3,5,-0.817234,-0.892919
sstk_image_1070177867,9:16,5,-4.531051,-6.3192596000000005
sstk_image_1074361184,16:9,2,-32.852088,-32.8626575
sstk_image_1074361184,1:1,1,-6.206266,-6.206266
sstk_image_1074361184,3:4,2,-0.490065,-1.0541005
sstk_image_1074361184,4:3,1,-15.654283,-15.654283
sstk_image_1074361184,9:16,3,-2.400589,-2.9173229999999997
sstk_image_1104099791,16:9,5,-8.046983,-9.995843400000002
sstk_image_1104099791,1:1,5,-1.054191,-1.4240093999999999
sstk_image_1104099791,3:4,5,-0.825859,-1.6305046
sstk_image_1104099791,4:3,5,-4.088184,-5.193150999999999
sstk_image_1104099791,9:16,5,-2.6649,-4.3490832
sstk_image_1108055033,16:9,5,1.047394,1.043879
sstk_image_1108055033,1:1,5,0.988014,-2.882305
sstk_image_1108055033,3:4,5,-1.370427,-5.1743778
sstk_image_1108055033,4:3,5,1.018825,1.0078764
sstk_image_1108055033,9:16,5,-4.418327,-9.341447599999999
sstk_image_1115275046,16:9,5,-13.371465,-17.674201399999998
sstk_image_1115275046,1:1,5,-4.097809,-6.1630088
sstk_image_1115275046,3:4,5,-1.075111,-1.4812661999999999
sstk_image_1115275046,4:3,5,-8.09121,-10.960646
sstk_image_1115275046,9:16,5,-0.777022,-1.2748424
sstk_image_1129108832,16:9,5,-0.876638,-4.1616748
sstk_image_1129108832,1:1,5,1.07258,1.0520278
sstk_image_1129108832,3:4,5,1.043245,-0.453021
sstk_image_1129108832,4:3,5,1.079698,0.4817638000000001
sstk_image_1129108832,9:16,5,0.998052,-3.3793397999999994
sstk_image_1131410603,16:9,5,-0.892665,-1.6050376
sstk_image_1131410603,1:1,5,-4.818024,-7.1336944
sstk_image_1131410603,3:4,5,-8.991298,-11.3508348
sstk_image_1131410603,4:3,5,-1.650416,-2.0170103999999998
sstk_image_1131410603,9:16,5,-14.44437,-17.592750000000002
sstk_image_1137779690,16:9,5,1.053213,0.2665454
sstk_image_1137779690,1:1,5,-2.61306,-3.0988698
sstk_image_1137779690,3:4,5,-6.104373,-9.3384496
sstk_image_1137779690,4:3,5,1.063832,0.28621180000000007
sstk_image_1137779690,9:16,5,-10.511871,-13.1395768
sstk_image_1138969595,16:9,5,1.094219,1.0381247999999998
sstk_image_1138969595,1:1,5,1.034995,-1.2414798
sstk_image_1138969595,3:4,5,-1.36484,-4.2537116
sstk_image_1138969595,4:3,5,1.062386,0.3867168
sstk_image_1138969595,9:16,5,-4.422623,-8.6772802
sstk_image_1141204904,16:9,5,1.066649,0.30924019999999997
sstk_image_1141204904,1:1,5,1.032085,-0.25015
sstk_image_1141204904,3:4,5,0.981896,-3.7426212
sstk_image_1141204904,4:3,5,1.064172,0.6854313999999999
sstk_image_1141204904,9:16,5,-2.768615,-7.430173399999999
sstk_image_1149449876,16:9,5,1.084178,0.22166560000000005
sstk_image_1149449876,1:1,5,1.08631,0.6599542
sstk_image_1149449876,3:4,5,1.045461,-1.1156882
sstk_image_1149449876,4:3,5,1.117531,1.0382824
sstk_image_1149449876,9:16,5,0.985576,-3.3224922
sstk_image_1186912330,16:9,5,1.07817,1.0504926
sstk_image_1186912330,1:1,5,1.089743,1.0500354
sstk_image_1186912330,3:4,5,1.044676,1.019107
sstk_image_1186912330,4:3,5,1.107542,1.0497742
sstk_image_1186912330,9:16,5,1.01785,0.9802778
sstk_image_1190773105,16:9,5,-1.282894,-4.023538
sstk_image_1190773105,1:1,5,-8.322926,-11.2254374
sstk_image_1190773105,3:4,5,-13.619287,-18.4205464
sstk_image_1190773105,4:3,5,-4.324371,-10.4967476
sstk_image_1190773105,9:16,5,-20.609315,-24.3938734
sstk_image_1207992187,16:9,5,-2.495351,-3.4304224
sstk_image_1207992187,1:1,5,-5.186628,-6.0296666000000005
sstk_image_1207992187,3:4,5,-9.465719,-12.1991974
sstk_image_1207992187,4:3,5,-1.926383,-2.515804
sstk_image_1207992187,9:16,5,-15.151754,-19.3985336
sstk_image_1212031423,16:9,5,-0.60888,-1.2091658
sstk_image_1212031423,1:1,5,0.974261,-0.3435996
sstk_image_1212031423,3:4,5,0.977726,-1.0293022
sstk_image_1212031423,4:3,5,-0.503252,-0.7873122
sstk_image_1212031423,9:16,5,0.935726,-1.3056604
sstk_image_1213465633,16:9,5,1.126431,1.0827882
sstk_image_1213465633,1:1,5,1.119247,1.0876298
sstk_image_1213465633,3:4,5,1.084294,1.0553134
sstk_image_1213465633,4:3,5,1.152113,1.113012
sstk_image_1213465633,9:16,5,1.033487,1.0310384
sstk_image_1213989649,16:9,5,-9.468974,-11.3160804
sstk_image_1213989649,1:1,5,-0.803101,-2.2158992
sstk_image_1213989649,3:4,5,-0.768908,-0.9615916
sstk_image_1213989649,4:3,5,-3.119968,-5.6370824
sstk_image_1213989649,9:16,5,-0.912365,-3.4372632000000003
sstk_image_1223914993,16:9,5,-0.894523,-2.4307576
sstk_image_1223914993,1:1,5,-1.089377,-3.9615188000000003
sstk_image_1223914993,3:4,5,-4.10471,-7.6784952
sstk_image_1223914993,4:3,5,-0.857674,-2.7531855999999997
sstk_image_1223914993,9:16,5,-8.048195,-12.731807
sstk_image_1226801590,16:9,5,-2.18712,-2.57663
sstk_image_1226801590,1:1,5,-0.842448,-1.4169266
sstk_image_1226801590,3:4,5,-1.578169,-5.1565812
sstk_image_1226801590,4:3,5,-0.802223,-0.8170278
sstk_image_1226801590,9:16,5,-4.735764,-9.8099414
sstk_image_1227512164,16:9,5,-2.475778,-9.224173400000002
sstk_image_1227512164,1:1,5,-5.148283,-9.530014399999999
sstk_image_1227512164,3:4,5,-9.435848,-13.7166312
sstk_image_1227512164,4:3,5,-1.893746,-7.659248600000001
sstk_image_1227512164,9:16,5,-15.073007,-19.361338
sstk_image_1233440836,16:9,5,-6.950708,-7.531898799999999
sstk_image_1233440836,1:1,3,-1.09552,-1.1016396666666666
sstk_image_1233440836,3:4,2,-1.013241,-1.0163425
sstk_image_1233440836,4:3,2,-1.12781,-1.130002
sstk_image_1233440836,9:16,5,-4.981047,-7.3756602
sstk_image_1235169733,16:9,2,-1.524868,-1.561192
sstk_image_1235169733,1:1,5,-1.479203,-1.984246
sstk_image_1235169733,3:4,5,-9.077582,-11.9770352
sstk_image_1235169733,4:3,5,-1.110084,-1.1198994
sstk_image_1235169733,9:16,5,-13.952263,-17.9042376
sstk_image_1235373856,16:9,5,-1.2939,-1.4535908
sstk_image_1235373856,1:1,2,-1.082891,-1.3549285
sstk_image_1235373856,3:4,1,-1.097173,-1.097173
sstk_image_1235373856,4:3,2,-1.267363,-1.53929
sstk_image_1235373856,9:16,1,-0.922987,-0.922987
sstk_image_1237001830,16:9,5,-2.364799,-8.3569568
sstk_image_1237001830,1:1,5,-5.295837,-8.1558332
sstk_image_1237001830,3:4,5,-9.581681,-13.809243599999999
sstk_image_1237001830,4:3,5,-2.014701,-7.697081
sstk_image_1237001830,9:16,5,-15.293166,-19.5397426
sstk_image_124011502,16:9,5,-2.48692,-5.6816412
sstk_image_124011502,1:1,5,-2.15453,-4.745006999999999
sstk_image_124011502,3:4,5,-5.502239,-12.0272136
sstk_image_124011502,4:3,5,-0.82916,-1.510875
sstk_image_124011502,9:16,5,-9.905514,-13.8560848
sstk_image_124762357,16:9,5,-26.410696,-32.00950640000001
sstk_image_124762357,1:1,5,-6.023373,-8.493767
sstk_image_124762357,3:4,5,-0.823872,-1.4044554
sstk_image_124762357,4:3,5,-14.536506,-23.1010392
sstk_image_124762357,9:16,5,-0.825284,-0.8881534
sstk_image_124956428,16:9,5,1.019713,0.944374
sstk_image_124956428,1:1,5,1.06936,0.40530600000000006
sstk_image_124956428,3:4,5,1.020712,-0.3054626000000001
sstk_image_124956428,4:3,5,1.057439,0.9752454
sstk_image_124956428,9:16,5,0.967251,-1.8578906
sstk_image_1250610766,16:9,5,-19.01077,-29.393787800000002
sstk_image_1250610766,1:1,1,-6.929065,-6.929065
sstk_image_1250610766,3:4,3,-1.154153,-1.7885376666666666
sstk_image_1250610766,4:3,5,-14.224565,-19.650295399999997
sstk_image_1250610766,9:16,5,-9.444266,-11.052354
sstk_image_1260114514,16:9,5,1.143942,0.7544916
sstk_image_1260114514,1:1,5,1.095122,1.0555302000000002
sstk_image_1260114514,3:4,5,1.048592,0.6835088
sstk_image_1260114514,4:3,5,1.110971,0.13321379999999997
sstk_image_1260114514,9:16,5,1.008008,0.4712754
sstk_image_1271000569,16:9,5,-2.435401,-8.3967612
sstk_image_1271000569,1:1,5,-5.149009,-9.482248799999999
sstk_image_1271000569,3:4,5,-9.406415,-13.139685
sstk_image_1271000569,4:3,5,-1.893041,-8.4119438
sstk_image_1271000569,9:16,5,-15.039635,-20.576091400000003
sstk_image_1274557336,16:9,5,-13.539033,-17.1016072
sstk_image_1274557336,1:1,5,-4.303353,-5.993944600000001
sstk_image_1274557336,3:4,5,-1.255748,-1.8779964
sstk_image_1274557336,4:3,5,-8.294887,-9.0590726
sstk_image_1274557336,9:16,5,-2.520493,-4.2449753999999995
sstk_image_1277825092,16:9,5,1.065009,0.7108589999999999
sstk_image_1277825092,1:1,5,-1.792079,-4.335467599999999
sstk_image_1277825092,3:4,5,-5.003924,-8.068077200000001
sstk_image_1277825092,4:3,5,1.069196,-1.1202424
sstk_image_1277825092,9:16,5,-9.264819,-12.562288200000001
sstk_image_127954160,16:9,5,-7.34512,-11.2723366
sstk_image_127954160,1:1,5,-0.957863,-5.7726337999999995
sstk_image_127954160,3:4,5,-0.919157,-1.469931
sstk_image_127954160,4:3,5,-3.608461,-6.416363
sstk_image_127954160,9:16,5,-2.515208,-4.0449342
sstk_image_128194724,16:9,5,-0.833891,-3.7115471999999996
sstk_image_128194724,1:1,5,-5.2708,-9.536289400000001
sstk_image_128194724,3:4,5,-9.567196,-13.812797999999997
sstk_image_128194724,4:3,5,-1.991082,-6.189483600000001
sstk_image_128194724,9:16,5,-15.245896,-19.492597
sstk_image_1288898353,16:9,5,-1.38218,-1.4964
sstk_image_1288898353,1:1,5,-2.899025,-4.960951199999999
sstk_image_1288898353,3:4,5,-10.862887,-14.7382712
sstk_image_1288898353,4:3,5,1.102101,-0.8742000000000001
sstk_image_1288898353,9:16,5,-15.446677,-19.6277262
sstk_image_1291273093,16:9,5,-1.061644,-2.0423842
sstk_image_1291273093,1:1,5,-0.894566,-1.0361318000000002
sstk_image_1291273093,3:4,5,-0.916211,-1.8642122
sstk_image_1291273093,4:3,5,-0.886432,-1.315578
sstk_image_1291273093,9:16,5,-0.965313,-2.3920528
sstk_image_1300199380,16:9,5,0.917885,0.8735586
sstk_image_1300199380,1:1,5,1.049867,1.0068962000000001
sstk_image_1300199380,3:4,5,1.060673,0.9961131999999999
sstk_image_1300199380,4:3,5,0.995337,0.9394292
sstk_image_1300199380,9:16,5,1.042341,0.9686458
sstk_image_1301949337,16:9,5,-3.784584,-5.0445564
sstk_image_1301949337,1:1,5,-1.444019,-3.23566
sstk_image_1301949337,3:4,5,-4.547895,-7.015966399999999
sstk_image_1301949337,4:3,5,-1.152603,-2.7440431999999997
sstk_image_1301949337,9:16,5,-8.611788,-12.592067400000001
sstk_image_1311881915,16:9,5,-8.23169,-12.6373856
sstk_image_1311881915,1:1,1,-5.067501,-5.067501
sstk_image_1311881915,3:4,5,-12.53006,-18.1841118
sstk_image_1311881915,4:3,5,-0.806181,-1.6847804
sstk_image_1311881915,9:16,5,-18.31809,-22.4081644
sstk_image_1317497132,16:9,5,-13.043587,-16.9094342
sstk_image_1317497132,1:1,5,-0.750729,-1.4043488
sstk_image_1317497132,3:4,5,-0.846975,-1.3052924000000001
sstk_image_1317497132,4:3,5,-4.918741,-8.469562999999999
sstk_image_1317497132,9:16,5,-7.799382,-11.6728838
sstk_image_1320849455,16:9,5,-9.02728,-14.233699000000001
sstk_image_1320849455,1:1,5,-12.156572,-15.0031778
sstk_image_1320849455,3:4,5,-16.817924,-19.6677662
sstk_image_1320849455,4:3,5,-8.705569,-12.6170802
sstk_image_1320849455,9:16,5,-22.471088,-27.091580799999996
sstk_image_1322374571,16:9,5,-18.076983,-23.833724999999998
sstk_image_1322374571,1:1,5,-1.211866,-2.437895
sstk_image_1322374571,3:4,5,1.112191,-1.5704164
sstk_image_1322374571,4:3,5,-9.226385,-16.120534
sstk_image_1322374571,9:16,5,1.097311,-0.9260692
sstk_image_1322523074,16:9,5,-0.903207,-2.7123668000000003
sstk_image_1322523074,1:1,5,-0.875325,-3.6384366
sstk_image_1322523074,3:4,5,-1.846679,-5.521887
sstk_image_1322523074,4:3,5,-0.835144,-3.1202738
sstk_image_1322523074,9:16,5,-10.943505,-11.5551652
sstk_image_132612176,16:9,5,-8.866143,-15.5787654
sstk_image_132612176,1:1,5,-11.945468,-13.7671946
sstk_image_132612176,3:4,5,-17.202148,-20.0768796
sstk_image_132612176,4:3,5,-7.031675,-10.5787224
sstk_image_132612176,9:16,5,-23.482757,-27.66228
sstk_image_1330253276,16:9,5,1.046583,0.14620140000000004
sstk_image_1330253276,1:1,5,1.036491,-0.982827
sstk_image_1330253276,3:4,5,-1.015079,-4.0769604
sstk_image_1330253276,4:3,5,1.060042,1.045658
sstk_image_1330253276,9:16,5,-3.981613,-8.504126
sstk_image_133067306,16:9,5,-4.040801,-8.3937228
sstk_image_133067306,1:1,5,-0.802608,-1.3682702
sstk_image_133067306,3:4,5,-0.781355,-0.8919288
sstk_image_133067306,4:3,5,-1.026568,-5.1561604
sstk_image_133067306,9:16,5,-0.814679,-3.3922382
sstk_image_1335402569,16:9,5,1.060191,1.0262856
sstk_image_1335402569,1:1,5,1.053206,1.0295788
sstk_image_1335402569,3:4,5,1.019295,0.9793308
sstk_image_1335402569,4:3,5,1.074197,1.0401756
sstk_image_1335402569,9:16,5,1.00151,-1.089415
sstk_image_133660457,16:9,5,-2.408469,-8.7042522
sstk_image_133660457,1:1,5,-5.131993,-9.0791298
sstk_image_133660457,3:4,5,-9.404371,-11.8739946
sstk_image_133660457,4:3,5,-1.876798,-7.926199800000001
sstk_image_133660457,9:16,5,-15.048709,-19.5617198
sstk_image_1343142038,16:9,5,1.028131,1.0092611999999999
sstk_image_1343142038,1:1,5,1.037497,-0.9813304
sstk_image_1343142038,3:4,5,-1.266437,-3.1473486
sstk_image_1343142038,4:3,5,1.056397,1.0241608
sstk_image_1343142038,9:16,5,-4.327565,-6.4576899999999995
sstk_image_1349650439,16:9,5,-1.501023,-2.7503342
sstk_image_1349650439,1:1,5,-0.848574,-5.3560092
sstk_image_1349650439,3:4,5,-3.185031,-7.4911654
sstk_image_1349650439,4:3,5,-0.842538,-3.1409374
sstk_image_1349650439,9:16,5,-6.7982,-10.702639399999999
sstk_image_1352962802,16:9,5,-0.878793,-1.6666868000000001
sstk_image_1352962802,1:1,5,-0.878226,-1.1556742
sstk_image_1352962802,3:4,5,-0.893024,-2.058104
sstk_image_1352962802,4:3,5,-0.862899,-1.4937326
sstk_image_1352962802,9:16,5,-1.346728,-3.3170152
sstk_image_1358597198,16:9,5,1.05603,-0.9902554
sstk_image_1358597198,1:1,5,1.052916,0.7211024
sstk_image_1358597198,3:4,5,1.007412,-0.21549139999999997
sstk_image_1358597198,4:3,5,1.069684,1.0250708
sstk_image_1358597198,9:16,5,0.975364,-2.7296304
sstk_image_1360803269,16:9,5,-1.020783,-1.4274294
sstk_image_1360803269,1:1,5,-0.893163,-1.3324783999999998
sstk_image_1360803269,3:4,5,-0.871688,-1.6032368
sstk_image_1360803269,4:3,5,-0.94237,-1.3703326
sstk_image_1360803269,9:16,5,-0.875004,-1.9448438
sstk_image_137051318,16:9,5,1.052468,1.0339582
sstk_image_137051318,1:1,5,1.046675,-1.3348787999999998
sstk_image_137051318,3:4,5,-1.651347,-4.2695214
sstk_image_137051318,4:3,5,1.069881,0.72337
sstk_image_137051318,9:16,5,-4.795524,-8.0496988
sstk_image_1385377421,16:9,5,-0.796277,-1.5664738
sstk_image_1385377421,1:1,5,1.069333,0.1290124
sstk_image_1385377421,3:4,5,-1.705038,-5.5962648
sstk_image_1385377421,4:3,5,1.092084,0.6997869999999999
sstk_image_1385377421,9:16,5,-4.944211,-10.6470764
sstk_image_1386006599,16:9,5,-2.470088,-2.8818252
sstk_image_1386006599,1:1,5,-5.160117,-5.9284832000000005
sstk_image_1386006599,3:4,5,-9.468833,-11.3867802
sstk_image_1386006599,4:3,5,-1.905108,-2.237268
sstk_image_1386006599,9:16,5,-15.10321,-16.9834438
sstk_image_13861606,16:9,5,1.056304,-0.9409262
sstk_image_13861606,1:1,5,1.055267,-0.2347438
sstk_image_13861606,3:4,5,1.029866,-2.2372714
sstk_image_13861606,4:3,5,1.095819,-0.08919099999999998
sstk_image_13861606,9:16,5,-1.477448,-5.3474044
sstk_image_138970337,16:9,5,-2.505001,-4.3798960000000005
sstk_image_138970337,1:1,5,1.132301,1.104016
sstk_image_138970337,3:4,5,1.085847,1.0493038000000001
sstk_image_138970337,4:3,5,1.0788,-1.5746098
sstk_image_138970337,9:16,5,1.047208,0.5670824
sstk_image_1393018151,16:9,5,1.092614,1.0499817999999999
sstk_image_1393018151,1:1,5,1.077915,1.051273
sstk_image_1393018151,3:4,5,1.064992,1.0504495999999999
sstk_image_1393018151,4:3,5,1.082898,1.0542166
sstk_image_1393018151,9:16,5,1.035585,1.0005266
sstk_image_139509770,16:9,5,-1.338232,-6.3991012
sstk_image_139509770,1:1,5,-5.268222,-8.1731978
sstk_image_139509770,3:4,5,-9.560031,-12.4443508
sstk_image_139509770,4:3,5,-2.013815,-7.279558199999999
sstk_image_139509770,9:16,5,-15.229824,-19.5015562
sstk_image_1408812920,16:9,3,-10.439489,-10.448455000000001
sstk_image_1408812920,1:1,5,-1.930255,-2.45302
sstk_image_1408812920,3:4,5,-5.42436,-6.5905818
sstk_image_1408812920,4:3,5,-1.342353,-2.1719136
sstk_image_1408812920,9:16,5,-10.46566,-15.503947400000001
sstk_image_141222145,16:9,5,-6.955504,-8.0907256
sstk_image_141222145,1:1,5,-8.735563,-10.743224399999999
sstk_image_141222145,3:4,5,-13.453441,-17.867719
sstk_image_141222145,4:3,3,-1.425536,-1.7869046666666668
sstk_image_141222145,9:16,5,-19.802826,-23.9253616
sstk_image_1432622789,16:9,5,1.089286,0.05607199999999999
sstk_image_1432622789,1:1,5,1.062131,0.5295846
sstk_image_1432622789,3:4,5,1.04934,0.08080720000000001
sstk_image_1432622789,4:3,5,1.092232,0.5488166
sstk_image_1432622789,9:16,5,0.978467,-3.8974224
sstk_image_1433938418,16:9,5,-2.48935,-3.3275460000000003
sstk_image_1433938418,1:1,5,-5.119203,-8.8486172
sstk_image_1433938418,3:4,5,-9.467329,-12.7847946
sstk_image_1433938418,4:3,5,-1.89171,-3.2035482
sstk_image_1433938418,9:16,5,-15.136267,-19.0493766
sstk_image_1438381256,16:9,5,-4.592054,-6.812200200000001
sstk_image_1438381256,1:1,5,-1.502357,-4.9801406
sstk_image_1438381256,3:4,5,-1.529208,-3.1103446000000003
sstk_image_1438381256,4:3,5,-1.4709,-4.1904616
sstk_image_1438381256,9:16,5,-4.723461,-5.5272936
sstk_image_1440412796,16:9,5,-2.551035,-5.691069799999999
sstk_image_1440412796,1:1,5,-0.904436,-2.3018018
sstk_image_1440412796,3:4,5,-0.978741,-2.5422148
sstk_image_1440412796,4:3,5,-0.877714,-2.1799748
sstk_image_1440412796,9:16,5,-1.066561,-3.8258814
sstk_image_1442319950,16:9,5,-2.288297,-9.087491
sstk_image_1442319950,1:1,5,-5.39839,-8.2464308
sstk_image_1442319950,3:4,5,-9.747117,-13.248835
sstk_image_1442319950,4:3,5,-2.089454,-6.158295
sstk_image_1442319950,9:16,5,-15.486255,-19.7045492
sstk_image_1445944226,16:9,5,-7.000438,-9.5442408
sstk_image_1445944226,1:1,3,-0.974351,-0.9811546666666667
sstk_image_1445944226,3:4,5,-5.970996,-10.7416892
sstk_image_1445944226,4:3,4,-0.955295,-0.9602185
sstk_image_1445944226,9:16,5,-10.447917,-14.623200800000001
sstk_image_1470239924,16:9,5,-23.073547,-31.694514000000005
sstk_image_1470239924,1:1,5,-12.720246,-19.5016176
sstk_image_1470239924,3:4,5,-7.138126,-10.3118202
sstk_image_1470239924,4:3,5,-17.402834,-25.237917
sstk_image_1470239924,9:16,5,-8.575429,-10.3521754
sstk_image_148082888,16:9,5,-20.639442,-29.954874
sstk_image_148082888,1:1,5,-9.257415,-13.9018398
sstk_image_148082888,3:4,2,-1.64983,-1.86348
sstk_image_148082888,4:3,5,-15.065227,-22.5698146
sstk_image_148082888,9:16,5,-6.567186,-7.3399166
sstk_image_1483883669,16:9,5,-4.673167,-11.586495199999998
sstk_image_1483883669,1:1,5,-1.062841,-1.1276134
sstk_image_1483883669,3:4,5,-1.14511,-1.8490806
sstk_image_1483883669,4:3,5,-1.026608,-1.0326511999999999
sstk_image_1483883669,9:16,5,-0.907151,-0.9259892000000001
sstk_image_148859447,16:9,5,-15.642432,-18.932853
sstk_image_148859447,1:1,5,-5.484321,-7.5284368
sstk_image_148859447,3:4,4,-1.706875,-2.01022825
sstk_image_148859447,4:3,5,-9.561853,-11.694770799999999
sstk_image_148859447,9:16,5,-1.700661,-2.6935706
sstk_image_1490644682,16:9,3,-41.527355,-41.77773533333333
sstk_image_1490644682,1:1,5,-10.080705,-17.3140126
sstk_image_1490644682,3:4,4,-2.294222,-3.0153257499999997
sstk_image_1490644682,4:3,2,-20.113813,-21.99315
sstk_image_1490644682,9:16,5,-0.649132,-1.8997702
sstk_image_150109370,16:9,5,-23.389549,-29.692687999999997
sstk_image_150109370,1:1,5,-10.98758,-13.1844862
sstk_image_150109370,3:4,2,-0.960366,-1.9429835
sstk_image_150109370,4:3,1,-21.255943,-21.255943
sstk_image_150109370,9:16,2,-4.227774,-4.2382365
sstk_image_1503314336,16:9,5,-2.005126,-2.3928336000000003
sstk_image_1503314336,1:1,5,-5.198989,-9.1346652
sstk_image_1503314336,3:4,5,-9.513273,-12.2269882
sstk_image_1503314336,4:3,5,-1.939135,-4.265420600000001
sstk_image_1503314336,9:16,5,-15.126209,-19.3943362
sstk_image_1510191266,16:9,5,-3.799269,-6.8559208
sstk_image_1510191266,1:1,5,-1.025802,-1.452539
sstk_image_1510191266,3:4,3,-2.092641,-2.719882666666667
sstk_image_1510191266,4:3,3,-1.023226,-1.0315866666666667
sstk_image_1510191266,9:16,5,-9.876573,-14.4048102
sstk_image_1523494808,16:9,2,0.95805,-1.1548304999999999
sstk_image_1523494808,1:1,5,1.044972,0.9801359999999999
sstk_image_1523494808,3:4,5,1.062872,1.012439
sstk_image_1523494808,4:3,5,1.005938,-1.620505
sstk_image_1523494808,9:16,5,1.009914,0.9769626
sstk_image_1527204620,16:9,5,-0.834123,-2.4888698000000002
sstk_image_1527204620,1:1,5,-0.846281,-1.8671982
sstk_image_1527204620,3:4,5,-0.932731,-3.1147718
sstk_image_1527204620,4:3,5,-0.814473,-2.251969
sstk_image_1527204620,9:16,5,-0.970939,-5.2801792
sstk_image_1528364276,16:9,5,-5.948418,-8.5586864
sstk_image_1528364276,1:1,4,-0.750031,-2.0945840000000002
sstk_image_1528364276,3:4,5,-5.448598,-10.826245799999999
sstk_image_1528364276,4:3,5,-0.726775,-0.9402396
sstk_image_1528364276,9:16,5,-9.576568,-13.8281318
sstk_image_1531524239,16:9,5,-0.911234,-3.6852069999999997
sstk_image_1531524239,1:1,5,-0.847749,-4.2669458
sstk_image_1531524239,3:4,5,-4.269072,-7.4519492
sstk_image_1531524239,4:3,5,-1.135954,-2.3551132
sstk_image_1531524239,9:16,5,-9.660039,-11.5383476
sstk_image_1533994931,16:9,5,-0.881259,-2.3565242
sstk_image_1533994931,1:1,5,0.983176,0.9747912
sstk_image_1533994931,3:4,5,1.016911,0.9925919999999999
sstk_image_1533994931,4:3,5,0.930314,0.91253
sstk_image_1533994931,9:16,5,0.99362,0.9707562
sstk_image_154906778,16:9,5,1.093516,1.0648708
sstk_image_154906778,1:1,5,1.061052,1.048248
sstk_image_154906778,3:4,5,1.069264,0.4305228
sstk_image_154906778,4:3,5,1.086678,1.0610979999999999
sstk_image_154906778,9:16,5,1.035271,-2.2593816
sstk_image_1550297891,16:9,5,-0.86445,-1.7297112
sstk_image_1550297891,1:1,5,-0.865437,-2.5260196
sstk_image_1550297891,3:4,5,-0.900822,-4.3229762
sstk_image_1550297891,4:3,5,-0.846624,-1.3718864
sstk_image_1550297891,9:16,5,-2.753002,-8.1632578
sstk_image_1555543013,16:9,1,-3.480046,-3.480046
sstk_image_1555543013,1:1,5,-2.291351,-3.6354012000000004
sstk_image_1555543013,3:4,5,-6.663922,-7.946118199999999
sstk_image_1555543013,4:3,5,-0.834566,-1.6808599999999998
sstk_image_1555543013,9:16,5,-11.113858,-13.5304218
sstk_image_1566222097,16:9,5,1.097208,1.0671903999999999
sstk_image_1566222097,1:1,5,1.063649,1.0448556
sstk_image_1566222097,3:4,5,1.033421,0.4851516
sstk_image_1566222097,4:3,5,1.084447,1.0692792
sstk_image_1566222097,9:16,5,0.984812,-4.6428188
sstk_image_1576309747,16:9,5,1.114686,1.1030966
sstk_image_1576309747,1:1,5,1.113439,1.079089
sstk_image_1576309747,3:4,5,1.053966,-1.7117328
sstk_image_1576309747,4:3,5,1.142511,1.1035538
sstk_image_1576309747,9:16,5,-1.027486,-4.9467906
sstk_image_1597281646,16:9,5,-2.412731,-3.1677322
sstk_image_1597281646,1:1,5,-5.176195,-6.007807
sstk_image_1597281646,3:4,5,-9.444861,-12.170758000000001
sstk_image_1597281646,4:3,5,-1.924082,-2.5404754
sstk_image_1597281646,9:16,5,-15.087923,-18.9907218
sstk_image_159891080,16:9,5,-2.997721,-3.9632554
sstk_image_159891080,1:1,5,-0.804378,-3.0993954
sstk_image_159891080,3:4,5,-0.874753,-3.0538060000000002
sstk_image_159891080,4:3,5,-1.268009,-2.3643549999999998
sstk_image_159891080,9:16,1,-2.23254,-2.23254
sstk_image_1613918794,16:9,1,-20.148532,-20.148532
sstk_image_1613918794,1:1,5,-4.960021,-9.2931312
sstk_image_1613918794,3:4,5,-1.776216,-6.297659
sstk_image_1613918794,4:3,5,-11.480507,-12.737450599999999
sstk_image_1613918794,9:16,5,-0.753065,-0.9011469999999999
sstk_image_1618262308,16:9,5,-0.366516,-2.3167062
sstk_image_1618262308,1:1,5,1.046818,-1.8427396000000003
sstk_image_1618262308,3:4,5,0.988377,-2.5104172
sstk_image_1618262308,4:3,5,-0.392393,-1.3089392
sstk_image_1618262308,9:16,5,0.913668,-4.3884346
sstk_image_1620013807,16:9,5,0.955663,0.9136206
sstk_image_1620013807,1:1,5,1.053059,1.0084446
sstk_image_1620013807,3:4,5,1.084617,0.9982726
sstk_image_1620013807,4:3,5,0.99613,0.9524464
sstk_image_1620013807,9:16,5,1.078617,0.9975948000000001
sstk_image_1627438084,16:9,5,1.069114,0.3852475999999999
sstk_image_1627438084,1:1,5,1.094279,-0.02366600000000001
sstk_image_1627438084,3:4,5,1.030088,-2.2385196
sstk_image_1627438084,4:3,5,1.093285,0.7251508
sstk_image_1627438084,9:16,5,-1.711291,-5.0046526
sstk_image_1630167718,16:9,5,-1.506012,-3.7405844000000004
sstk_image_1630167718,1:1,5,-1.510528,-3.001351
sstk_image_1630167718,3:4,5,-1.650722,-6.837487
sstk_image_1630167718,4:3,5,-1.454286,-2.711213
sstk_image_1630167718,9:16,5,-3.788153,-8.5095902
sstk_image_1644420205,16:9,5,-9.971803,-13.389594800000001
sstk_image_1644420205,1:1,5,-2.21062,-3.7476996
sstk_image_1644420205,3:4,5,-0.493616,-0.8794261999999999
sstk_image_1644420205,4:3,5,-5.549658,-7.296244199999999
sstk_image_1644420205,9:16,5,-0.467868,-1.0380062
sstk_image_1648192114,16:9,5,-1.158772,-2.7251043999999998
sstk_image_1648192114,1:1,5,-0.867179,-2.7306284
sstk_image_1648192114,3:4,5,-0.897905,-4.070100399999999
sstk_image_1648192114,4:3,5,-0.845815,-1.3031738000000002
sstk_image_1648192114,9:16,5,-3.781804,-8.1846172
sstk_image_1649234749,16:9,5,-22.971732,-30.3934306
sstk_image_1649234749,1:1,5,-11.830158,-17.547007400000002
sstk_image_1649234749,3:4,2,-4.275476,-5.000903
sstk_image_1649234749,4:3,5,-17.334226,-24.6411302
sstk_image_1649234749,9:16,5,-8.404366,-10.3263004
sstk_image_1657872124,16:9,5,1.094198,1.0886445999999999
sstk_image_1657872124,1:1,5,1.098722,1.0736204
sstk_image_1657872124,3:4,5,1.0559,-2.5176084
sstk_image_1657872124,4:3,5,1.110044,1.081458
sstk_image_1657872124,9:16,5,-1.372628,-4.4594938
sstk_image_1668376156,16:9,5,-0.853772,-3.9099519999999997
sstk_image_1668376156,1:1,5,-0.801668,-1.658286
sstk_image_1668376156,3:4,5,-0.847483,-1.708605
sstk_image_1668376156,4:3,5,-0.797647,-1.7839231999999998
sstk_image_1668376156,9:16,5,-0.87497,-2.8357374
sstk_image_167946659,16:9,5,-7.322871,-7.9527328
sstk_image_167946659,1:1,5,-1.246069,-2.8280356
sstk_image_167946659,3:4,5,-4.416463,-4.7849835999999994
sstk_image_167946659,4:3,5,-2.772666,-4.298393
sstk_image_167946659,9:16,5,-10.656241,-13.603912
sstk_image_1681704610,16:9,5,-0.870781,-0.9259700000000001
sstk_image_1681704610,1:1,5,-5.177866,-7.2785354
sstk_image_1681704610,3:4,5,-9.491482,-11.0913026
sstk_image_1681704610,4:3,5,-1.497357,-3.7256422000000002
sstk_image_1681704610,9:16,5,-14.025574,-16.9402382
sstk_image_1689383674,16:9,5,1.029407,1.0261492
sstk_image_1689383674,1:1,5,1.01963,-0.3175218
sstk_image_1689383674,3:4,5,0.951269,-4.6339548
sstk_image_1689383674,4:3,5,1.047749,1.0139794
sstk_image_1689383674,9:16,5,-1.41512,-3.0228756
sstk_image_1690652533,16:9,5,-5.006467,-8.588568800000001
sstk_image_1690652533,1:1,5,-1.005834,-1.4390724000000001
sstk_image_1690652533,3:4,5,-1.096245,-4.992946399999999
sstk_image_1690652533,4:3,5,-1.793057,-3.576246
sstk_image_1690652533,9:16,5,-4.13046,-8.3844542
sstk_image_1691638039,16:9,5,-0.660768,-2.0894719999999998
sstk_image_1691638039,1:1,5,-1.96395,-2.8670038
sstk_image_1691638039,3:4,5,-5.251767,-7.8367378
sstk_image_1691638039,4:3,5,1.057457,-0.1886978
sstk_image_1691638039,9:16,5,-9.517715,-12.847159999999999
sstk_image_1709715430,16:9,5,-8.812047,-15.9383286
sstk_image_1709715430,1:1,5,-1.135393,-1.1487432
sstk_image_1709715430,3:4,5,-1.292354,-2.3458338
sstk_image_1709715430,4:3,5,-1.40215,-1.4121590000000002
sstk_image_1709715430,9:16,5,-6.992461,-7.5815612
sstk_image_1720729312,16:9,5,-2.543139,-3.012896
sstk_image_1720729312,1:1,5,-5.211292,-6.0619754
sstk_image_1720729312,3:4,5,-9.499328,-11.448731200000001
sstk_image_1720729312,4:3,5,-1.960364,-2.5940706
sstk_image_1720729312,9:16,5,-15.158342,-17.927068
sstk_image_172106447,16:9,5,-6.931955,-9.8398778
sstk_image_172106447,1:1,5,-5.422035,-5.8668876
sstk_image_172106447,3:4,5,-14.129771,-16.891003599999998
sstk_image_172106447,4:3,1,-1.472404,-1.472404
sstk_image_172106447,9:16,5,-19.621427,-24.3262808
sstk_image_1730639914,16:9,5,-0.888754,-1.7702938
sstk_image_1730639914,1:1,5,-4.388022,-6.8339782
sstk_image_1730639914,3:4,5,-8.444292,-11.2148692
sstk_image_1730639914,4:3,5,-1.312945,-1.6652782000000002
sstk_image_1730639914,9:16,5,-13.752734,-17.1966392
sstk_image_1732623830,16:9,5,1.058126,0.5455188
sstk_image_1732623830,1:1,5,1.085259,1.0458176
sstk_image_1732623830,3:4,5,1.019986,1.0006472
sstk_image_1732623830,4:3,5,1.067073,1.0427458
sstk_image_1732623830,9:16,5,0.991714,-0.4951228
sstk_image_1737587903,16:9,5,1.064275,1.0462954
sstk_image_1737587903,1:1,5,-0.680087,-1.9666485999999999
sstk_image_1737587903,3:4,5,-4.56125,-9.2814534
sstk_image_1737587903,4:3,5,1.078303,0.5929757999999999
sstk_image_1737587903,9:16,5,-10.641968,-11.0170562
sstk_image_1739324942,16:9,5,1.095774,0.7718657999999999
sstk_image_1739324942,1:1,5,0.973508,0.854177
sstk_image_1739324942,3:4,3,-1.461668,-1.990515
sstk_image_1739324942,4:3,5,1.098678,1.0886292000000002
sstk_image_1739324942,9:16,5,-5.186476,-9.3051126
sstk_image_1743539924,16:9,5,-2.438946,-2.8112984
sstk_image_1743539924,1:1,5,-5.304777,-6.544260199999999
sstk_image_1743539924,3:4,5,-9.627231,-12.432496
sstk_image_1743539924,4:3,5,-2.023464,-3.5777098
sstk_image_1743539924,9:16,5,-15.123869,-18.0459982
sstk_image_1751602142,16:9,2,-3.333491,-4.0659755
sstk_image_1751602142,1:1,5,-0.820587,-3.2799568
sstk_image_1751602142,3:4,5,-0.868647,-2.1031258
sstk_image_1751602142,4:3,5,-0.777289,-2.6533236
sstk_image_1751602142,9:16,1,-2.175314,-2.175314
sstk_image_1760226062,16:9,5,-0.908553,-1.460134
sstk_image_1760226062,1:1,5,-3.962665,-6.9149068
sstk_image_1760226062,3:4,5,-7.848591,-10.7297724
sstk_image_1760226062,4:3,5,-0.997685,-2.5369136
sstk_image_1760226062,9:16,5,-12.96198,-17.2482066
sstk_image_1762673075,16:9,5,-2.934925,-4.693961799999999
sstk_image_1762673075,1:1,5,-1.180608,-1.5620746
sstk_image_1762673075,3:4,3,-9.398362,-10.448113333333334
sstk_image_1762673075,4:3,5,1.087402,1.0826592
sstk_image_1762673075,9:16,1,-16.685769,-16.685769
sstk_image_1766916080,16:9,3,-27.945987,-31.92907466666667
sstk_image_1766916080,1:1,5,-7.436465,-14.327152000000002
sstk_image_1766916080,3:4,1,-1.723312,-1.723312
sstk_image_1766916080,4:3,5,-17.61486,-22.2578858
sstk_image_1766916080,9:16,2,-2.382764,-2.4410875
sstk_image_1772011034,16:9,5,-22.801116,-26.5923316
sstk_image_1772011034,1:1,5,-1.095937,-2.3275959999999998
sstk_image_1772011034,3:4,5,1.135159,-0.18193920000000002
sstk_image_1772011034,4:3,5,-10.75451,-17.1272288
sstk_image_1772011034,9:16,5,-1.248585,-2.3091014000000003
sstk_image_177881402,16:9,5,1.108005,-0.656884
sstk_image_177881402,1:1,5,1.106656,1.0774367999999999
sstk_image_177881402,3:4,5,1.051602,0.3214042
sstk_image_177881402,4:3,5,1.135383,1.1035816
sstk_image_177881402,9:16,5,-0.890001,-2.654468
sstk_image_1790705057,16:9,5,-0.604449,-1.0032074
sstk_image_1790705057,1:1,5,-1.035152,-2.3392910000000002
sstk_image_1790705057,3:4,2,-4.009534,-5.799985
sstk_image_1790705057,4:3,5,-0.452766,-1.8347664
sstk_image_1790705057,9:16,5,-10.55435,-15.342221
sstk_image_1806427690,16:9,5,-1.028938,-2.118754
sstk_image_1806427690,1:1,5,-3.472219,-7.9729568
sstk_image_1806427690,3:4,5,-7.175404,-11.3707066
sstk_image_1806427690,4:3,5,-0.844647,-2.9912126
sstk_image_1806427690,9:16,5,-12.10409,-17.329321999999998
sstk_image_1816068332,16:9,5,-11.392563,-12.7210142
sstk_image_1816068332,1:1,5,-2.986253,-3.333166
sstk_image_1816068332,3:4,5,-0.81828,-3.4438482
sstk_image_1816068332,4:3,5,-6.629744,-7.9207534
sstk_image_1816068332,9:16,5,-1.229904,-1.6013812
sstk_image_1819231340,16:9,5,-0.880682,-2.3415736
sstk_image_1819231340,1:1,5,-0.87185,-3.6401494
sstk_image_1819231340,3:4,5,-2.842403,-6.6037358
sstk_image_1819231340,4:3,5,-0.843374,-2.1363499999999997
sstk_image_1819231340,9:16,5,-6.392989,-10.708188
sstk_image_1823272121,16:9,5,1.086753,-0.6150138
sstk_image_1823272121,1:1,5,1.10442,-0.4541188
sstk_image_1823272121,3:4,5,1.075129,0.009867999999999988
sstk_image_1823272121,4:3,5,1.117781,-0.20911760000000004
sstk_image_1823272121,9:16,5,0.991077,0.6598364
sstk_image_1836304996,16:9,5,-17.498704,-21.9363222
sstk_image_1836304996,1:1,3,-2.374739,-2.4066153333333333
sstk_image_1836304996,3:4,5,1.090739,1.0759159999999999
sstk_image_1836304996,4:3,5,-6.834917,-11.9225986
sstk_image_1836304996,9:16,5,1.07049,1.054015
sstk_image_1838768437,16:9,5,-0.821597,-3.953532
sstk_image_1838768437,1:1,5,-2.536493,-5.8002536
sstk_image_1838768437,3:4,5,-5.73644,-10.1201628
sstk_image_1838768437,4:3,5,-0.786633,-2.7783118
sstk_image_1838768437,9:16,5,-10.902049,-12.922284200000002
sstk_image_1862107621,16:9,5,1.112981,1.0759582
sstk_image_1862107621,1:1,5,1.079187,1.0609204
sstk_image_1862107621,3:4,5,1.080287,1.0598706
sstk_image_1862107621,4:3,5,1.104585,1.080201
sstk_image_1862107621,9:16,5,1.057655,1.027742
sstk_image_1863068152,16:9,5,-2.404977,-8.6776296
sstk_image_1863068152,1:1,5,-5.130767,-8.042569
sstk_image_1863068152,3:4,5,-9.392663,-14.576058800000002
sstk_image_1863068152,4:3,5,-1.875961,-8.4017966
sstk_image_1863068152,9:16,5,-15.037407,-19.307789200000002
sstk_image_1870234546,16:9,5,-0.878779,-2.7602712
sstk_image_1870234546,1:1,5,-5.419733,-8.261543
sstk_image_1870234546,3:4,5,-9.739671,-13.242328600000002
sstk_image_1870234546,4:3,5,-2.115653,-3.9048591999999998
sstk_image_1870234546,9:16,5,-15.479043,-19.274496199999998
sstk_image_1884210271,16:9,5,-0.531225,-3.1725094
sstk_image_1884210271,1:1,5,1.09951,1.0680302
sstk_image_1884210271,3:4,5,1.127759,1.0887578
sstk_image_1884210271,4:3,5,1.059837,-0.9417481999999999
sstk_image_1884210271,9:16,5,1.122908,1.0567284
sstk_image_1894665262,16:9,4,-32.46814,-37.2870115
sstk_image_1894665262,1:1,5,-8.839678,-14.6351306
sstk_image_1894665262,3:4,5,-4.777815,-5.2712266
sstk_image_1894665262,4:3,5,-17.221762,-26.1211262
sstk_image_1894665262,9:16,5,-2.5337,-2.9478964000000003
sstk_image_1898590015,16:9,5,-3.226798,-4.7930386
sstk_image_1898590015,1:1,5,-1.028383,-1.03105
sstk_image_1898590015,3:4,5,-0.947418,-1.1843005999999998
sstk_image_1898590015,4:3,5,-1.014673,-1.0229659999999998
sstk_image_1898590015,9:16,5,-5.279929,-11.117569
sstk_image_1905756838,16:9,5,1.098044,0.6281426
sstk_image_1905756838,1:1,5,1.091013,1.0846556
sstk_image_1905756838,3:4,5,1.064291,1.0500175999999999
sstk_image_1905756838,4:3,5,1.126815,1.102342
sstk_image_1905756838,9:16,5,0.99363,0.965869
sstk_image_1909520068,16:9,5,1.019498,0.9611414
sstk_image_1909520068,1:1,5,1.018524,0.9747629999999999
sstk_image_1909520068,3:4,5,0.940728,0.9124656
sstk_image_1909520068,4:3,5,1.049925,0.9717384000000001
sstk_image_1909520068,9:16,5,0.925442,0.8947322
sstk_image_1927109969,16:9,5,-3.742889,-4.3062964
sstk_image_1927109969,1:1,5,-0.813606,-0.8233767999999999
sstk_image_1927109969,3:4,5,-0.876268,-2.4707264
sstk_image_1927109969,4:3,5,-1.047667,-1.3687724
sstk_image_1927109969,9:16,5,-0.911579,-5.2060082
sstk_image_1932230714,16:9,5,-5.613887,-7.0242054
sstk_image_1932230714,1:1,5,-0.866574,-2.8514437999999998
sstk_image_1932230714,3:4,5,-3.115718,-4.4011718
sstk_image_1932230714,4:3,5,-2.253398,-2.6805126
sstk_image_1932230714,9:16,5,-6.739082,-8.8261432
sstk_image_1936627990,16:9,5,-0.775372,-5.2033518
sstk_image_1936627990,1:1,5,1.086158,-1.1133554
sstk_image_1936627990,3:4,5,1.040086,-1.0094916
sstk_image_1936627990,4:3,5,1.099968,0.38239399999999996
sstk_image_1936627990,9:16,5,1.005041,-3.8142747999999997
sstk_image_1937094715,16:9,5,1.059242,1.017502
sstk_image_1937094715,1:1,5,1.023492,1.0078412
sstk_image_1937094715,3:4,5,0.973473,0.9640449999999999
sstk_image_1937094715,4:3,5,1.059034,1.0335526
sstk_image_1937094715,9:16,5,0.91871,0.9146894
sstk_image_1941006184,16:9,5,-2.466879,-8.2273058
sstk_image_1941006184,1:1,5,-5.151877,-9.5125148
sstk_image_1941006184,3:4,5,-9.432768,-13.691397599999998
sstk_image_1941006184,4:3,5,-1.897085,-9.8610536
sstk_image_1941006184,9:16,5,-15.062143,-19.3346376
sstk_image_1943619616,16:9,5,-0.907545,-5.022391000000001
sstk_image_1943619616,1:1,5,-0.922082,-4.4709918
sstk_image_1943619616,3:4,5,-0.938722,-2.1150524
sstk_image_1943619616,4:3,5,-0.884495,-4.722893
sstk_image_1943619616,9:16,1,-2.15064,-2.15064
sstk_image_1944153295,16:9,5,-0.862722,-1.9066348000000002
sstk_image_1944153295,1:1,5,-0.912457,-3.153442
sstk_image_1944153295,3:4,5,-2.624953,-5.8472942
sstk_image_1944153295,4:3,5,-0.883439,-1.7453364
sstk_image_1944153295,9:16,5,-6.071864,-10.993191
sstk_image_1948991551,16:9,5,-0.996843,-2.2013582
sstk_image_1948991551,1:1,5,1.077488,-3.0041485999999997
sstk_image_1948991551,3:4,5,-2.494753,-6.6426862
sstk_image_1948991551,4:3,5,1.103914,1.0941114
sstk_image_1948991551,9:16,5,-5.952006,-10.6605402
sstk_image_194997254,16:9,5,-0.930561,-4.028651999999999
sstk_image_194997254,1:1,5,-0.872331,-1.021479
sstk_image_194997254,3:4,5,-0.857194,-2.7328842
sstk_image_194997254,4:3,5,-0.903506,-2.9164832
sstk_image_194997254,9:16,5,-0.899763,-3.6970503999999997
sstk_image_1967838535,16:9,4,-10.587093,-10.91832975
sstk_image_1967838535,1:1,5,-0.855338,-2.0047486
sstk_image_1967838535,3:4,1,-5.753076,-5.753076
sstk_image_1967838535,4:3,5,-1.156474,-1.4959230000000001
sstk_image_1967838535,9:16,5,-14.28221,-17.683398
sstk_image_1976333639,16:9,5,-15.074826,-17.884286
sstk_image_1976333639,1:1,5,-5.163024,-5.937136
sstk_image_1976333639,3:4,5,-1.906715,-2.5192378
sstk_image_1976333639,4:3,5,-9.439874,-11.3857416
sstk_image_1976333639,9:16,5,-2.485041,-2.8996948
sstk_image_197728157,16:9,5,-21.331798,-27.458985000000002
sstk_image_197728157,1:1,5,-6.152076,-12.3088368
sstk_image_197728157,3:4,5,-1.109028,-1.8920608
sstk_image_197728157,4:3,3,-14.151427,-16.789860666666666
sstk_image_197728157,9:16,5,-3.928468,-4.9610852
sstk_image_1977474560,16:9,1,-32.514815,-32.514815
sstk_image_1977474560,1:1,5,-9.213393,-14.553895399999998
sstk_image_1977474560,3:4,3,-1.410442,-2.0658263333333333
sstk_image_1977474560,4:3,5,-19.850116,-25.418072799999997
sstk_image_1977474560,9:16,5,-2.836261,-3.5094462
sstk_image_1991467667,16:9,5,-5.818909,-7.2754774
sstk_image_1991467667,1:1,5,-0.610652,-2.3045744
sstk_image_1991467667,3:4,5,-2.814209,-4.000127
sstk_image_1991467667,4:3,5,-2.394033,-2.7906394
sstk_image_1991467667,9:16,5,-6.343124,-8.4532818
sstk_image_199257929,16:9,5,1.059257,1.021985
sstk_image_199257929,1:1,5,1.069575,0.32846000000000003
sstk_image_199257929,3:4,5,1.034216,0.0517172
sstk_image_199257929,4:3,5,1.089409,1.0212984
sstk_image_199257929,9:16,5,1.016137,0.4961824
sstk_image_200456765,16:9,5,1.008957,-1.8879156000000001
sstk_image_200456765,1:1,5,1.090975,1.046398
sstk_image_200456765,3:4,5,1.059631,0.7140006
sstk_image_200456765,4:3,5,1.055008,0.13955479999999992
sstk_image_200456765,9:16,5,0.983543,-0.727209
sstk_image_2013266234,16:9,5,1.079093,0.993773
sstk_image_2013266234,1:1,5,1.055042,1.0240170000000002
sstk_image_2013266234,3:4,5,1.023981,1.002906
sstk_image_2013266234,4:3,5,1.085104,0.9969376000000001
sstk_image_2013266234,9:16,5,1.000021,0.21167800000000003
sstk_image_201383786,16:9,5,-5.889881,-11.684247
sstk_image_201383786,1:1,5,-0.767588,-1.1524562
sstk_image_201383786,3:4,5,-0.795116,-1.0508482000000001
sstk_image_201383786,4:3,5,-0.951711,-4.7524998
sstk_image_201383786,9:16,5,-2.558347,-3.3013448
sstk_image_2019431144,16:9,5,-1.004848,-1.2396626
sstk_image_2019431144,1:1,5,-0.84148,-1.0302018
sstk_image_2019431144,3:4,5,-0.859615,-0.9755797999999999
sstk_image_2019431144,4:3,5,-0.897672,-1.0387803999999998
sstk_image_2019431144,9:16,5,-0.933879,-0.9427688
sstk_image_2019627236,16:9,5,-0.859129,-2.5323336000000003
sstk_image_2019627236,1:1,5,-0.835129,-3.6422234
sstk_image_2019627236,3:4,5,-3.722756,-6.6150182
sstk_image_2019627236,4:3,5,-0.803975,-2.8879834000000004
sstk_image_2019627236,9:16,5,-7.573263,-11.349086600000001
sstk_image_2037204581,16:9,5,-2.399741,-8.721162000000001
sstk_image_2037204581,1:1,5,-5.113092,-9.4531408
sstk_image_2037204581,3:4,5,-9.386676,-13.650382200000001
sstk_image_2037204581,4:3,5,-1.856905,-8.5611922
sstk_image_2037204581,9:16,5,-15.032767,-19.3250614
sstk_image_2046983237,16:9,5,-14.715632,-18.470734
sstk_image_2046983237,1:1,5,1.087526,0.6748706
sstk_image_2046983237,3:4,5,1.120385,0.282018
sstk_image_2046983237,4:3,1,-2.894589,-2.894589
sstk_image_2046983237,9:16,5,1.065976,-0.9580278
sstk_image_2051559014,16:9,5,-1.455029,-3.194961
sstk_image_2051559014,1:1,5,-0.818533,-4.377914
sstk_image_2051559014,3:4,5,-2.71285,-7.277303399999999
sstk_image_2051559014,4:3,5,-1.069952,-2.3705818
sstk_image_2051559014,9:16,5,-6.218877,-10.5773556
sstk_image_2060791553,16:9,5,-3.437557,-9.6776282
sstk_image_2060791553,1:1,5,-1.396734,-1.9997732
sstk_image_2060791553,3:4,5,-3.45767,-5.8995128
sstk_image_2060791553,4:3,5,-1.362889,-1.3668616
sstk_image_2060791553,9:16,4,-8.371044,-11.903363500000001
sstk_image_2061015101,16:9,5,1.074979,1.0448598
sstk_image_2061015101,1:1,5,1.058143,1.0332712000000002
sstk_image_2061015101,3:4,5,1.024698,0.9972496
sstk_image_2061015101,4:3,5,1.080801,1.0406784
sstk_image_2061015101,9:16,5,0.979718,0.5214994
sstk_image_206812696,16:9,5,-0.811087,-1.5583386000000001
sstk_image_206812696,1:1,5,-0.805367,-3.5994858
sstk_image_206812696,3:4,5,-2.474906,-6.0556316
sstk_image_206812696,4:3,5,-0.775296,-2.1077285999999997
sstk_image_206812696,9:16,5,-9.941719,-12.4522936
sstk_image_2074043969,16:9,5,-0.894354,-2.2365106
sstk_image_2074043969,1:1,5,-0.874157,-2.6745166
sstk_image_2074043969,3:4,5,-0.908977,-4.5027406
sstk_image_2074043969,4:3,5,-0.851351,-1.9334254000000002
sstk_image_2074043969,9:16,5,-0.996348,-2.6366774
sstk_image_2075797507,16:9,5,0.904464,-2.4416034
sstk_image_2075797507,1:1,5,1.029945,0.10194160000000001
sstk_image_2075797507,3:4,5,1.065645,0.6965128
sstk_image_2075797507,4:3,5,0.969447,-1.4566818000000001
sstk_image_2075797507,9:16,5,1.020232,0.9590951999999999
sstk_image_2076606415,16:9,5,-0.808751,-8.5798026
sstk_image_2076606415,1:1,5,-1.263917,-4.448068
sstk_image_2076606415,3:4,5,-4.349424,-8.2362168
sstk_image_2076606415,4:3,5,-0.787997,-7.9590176
sstk_image_2076606415,9:16,5,-10.145192,-13.5444108
sstk_image_2077627717,16:9,5,1.087212,1.0451064
sstk_image_2077627717,1:1,5,1.085111,1.0474518
sstk_image_2077627717,3:4,5,1.054058,1.0252582000000001
sstk_image_2077627717,4:3,5,1.105977,1.0708098
sstk_image_2077627717,9:16,5,1.009637,-0.7209502000000001
sstk_image_2081011675,16:9,5,-23.250783,-31.381917799999997
sstk_image_2081011675,1:1,5,-10.789393,-12.928264000000002
sstk_image_2081011675,3:4,1,-2.115853,-2.115853
sstk_image_2081011675,4:3,3,-21.212513,-24.426559333333334
sstk_image_2081011675,9:16,5,-5.112254,-5.6729928
sstk_image_2087995819,16:9,5,-1.526509,-2.3528334
sstk_image_2087995819,1:1,5,1.082872,1.0716832
sstk_image_2087995819,3:4,5,1.025781,-0.6156488
sstk_image_2087995819,4:3,5,1.112121,0.5665918
sstk_image_2087995819,9:16,5,0.967762,-1.9167915999999998
sstk_image_2090619325,16:9,5,-1.429196,-2.4762758
sstk_image_2090619325,1:1,5,1.077816,0.6455936
sstk_image_2090619325,3:4,5,0.978014,-1.563937
sstk_image_2090619325,4:3,5,1.037808,-0.8561764000000001
sstk_image_2090619325,9:16,5,-2.745667,-6.143045
sstk_image_2101673092,16:9,3,0.989208,0.9707593333333332
sstk_image_2101673092,1:1,2,1.026908,0.981254
sstk_image_2101673092,3:4,3,0.990318,0.958864
sstk_image_2101673092,4:3,5,1.067581,1.0397513999999999
sstk_image_2101673092,9:16,5,-3.045736,-4.1594374
sstk_image_2105808422,16:9,5,-1.884874,-6.819992999999999
sstk_image_2105808422,1:1,5,-5.125997,-9.464943
sstk_image_2105808422,3:4,5,-1.457512,-8.3916912
sstk_image_2105808422,4:3,5,-0.802553,-6.004835
sstk_image_2105808422,9:16,5,-1.432713,-4.1949278
sstk_image_2107450424,16:9,5,-2.273659,-2.7105758
sstk_image_2107450424,1:1,5,-4.894161,-5.7014104
sstk_image_2107450424,3:4,5,-9.085995,-9.881878
sstk_image_2107450424,4:3,5,-1.702438,-2.2893879999999998
sstk_image_2107450424,9:16,5,-14.616012,-15.238386600000002
sstk_image_2107561898,16:9,5,1.058016,-1.2049294
sstk_image_2107561898,1:1,5,-1.013275,-2.471246
sstk_image_2107561898,3:4,5,-4.03717,-7.9210398
sstk_image_2107561898,4:3,5,1.07221,0.7423628000000001
sstk_image_2107561898,9:16,5,-7.942781,-11.699916400000001
sstk_image_211151680,16:9,5,1.084897,1.0433363999999998
sstk_image_211151680,1:1,5,1.057138,1.0291696
sstk_image_211151680,3:4,5,1.048046,-1.6420825999999997
sstk_image_211151680,4:3,5,1.078303,1.0588278
sstk_image_211151680,9:16,5,-0.805903,-2.721965
sstk_image_2113453283,16:9,5,-6.561819,-10.0600058
sstk_image_2113453283,1:1,5,-12.582807,-15.5869778
sstk_image_2113453283,3:4,5,-17.861332,-20.467434
sstk_image_2113453283,4:3,5,-7.179945,-11.4602554
sstk_image_2113453283,9:16,5,-23.584404,-27.596026799999997
sstk_image_2127336140,16:9,5,-1.891165,-2.9740346000000004
sstk_image_2127336140,1:1,5,-0.784183,-1.7854852
sstk_image_2127336140,3:4,1,-3.312699,-3.312699
sstk_image_2127336140,4:3,5,-0.774579,-2.7266794
sstk_image_2127336140,9:16,5,-8.836339,-13.140378799999999
sstk_image_2134845807,16:9,5,-7.84074,-9.0908752
sstk_image_2134845807,1:1,5,-7.73567,-8.7739878
sstk_image_2134845807,3:4,5,-11.552446,-12.480932200000002
sstk_image_2134845807,4:3,5,-0.816333,-1.428498
sstk_image_2134845807,9:16,5,-16.621031,-17.6476326
sstk_image_2146937865,16:9,5,1.020814,0.6475608
sstk_image_2146937865,1:1,5,1.029499,-1.7552184
sstk_image_2146937865,3:4,5,-1.251506,-3.4550908
sstk_image_2146937865,4:3,5,1.056786,0.34218400000000004
sstk_image_2146937865,9:16,5,-4.266103,-6.9755824
sstk_image_2146948015,16:9,5,-1.644839,-5.3729194
sstk_image_2146948015,1:1,5,-0.479454,-4.6313006
sstk_image_2146948015,3:4,5,0.964061,-0.757196
sstk_image_2146948015,4:3,5,-0.553428,-4.3988242
sstk_image_2146948015,9:16,5,0.927834,-2.0665394
sstk_image_2147352633,16:9,3,-4.660294,-4.860353666666667
sstk_image_2147352633,1:1,3,-7.46859,-9.200465666666666
sstk_image_2147352633,3:4,5,-12.657746,-15.585206199999998
sstk_image_2147352633,4:3,5,-0.835922,-0.8380810000000001
sstk_image_2147352633,9:16,5,-16.9607,-23.3271246
sstk_image_2149239627,16:9,5,-4.190062,-13.9318602
sstk_image_2149239627,1:1,5,-1.881643,-1.8859976
sstk_image_2149239627,3:4,3,-1.892297,-2.7195316666666667
sstk_image_2149239627,4:3,5,-1.879529,-2.1608972
sstk_image_2149239627,9:16,1,-2.894661,-2.894661
sstk_image_2152376709,16:9,3,-37.206276,-37.45005166666667
sstk_image_2152376709,1:1,5,-9.111154,-15.707288799999997
sstk_image_2152376709,3:4,3,-0.848169,-1.9207923333333332
sstk_image_2152376709,4:3,1,-19.449972,-19.449972
sstk_image_2152376709,9:16,5,1.054317,-0.8316212000000001
sstk_image_2156411081,16:9,5,-6.58076,-9.2588734
sstk_image_2156411081,1:1,5,-0.810145,-2.007978
sstk_image_2156411081,3:4,5,-2.018534,-2.70319
sstk_image_2156411081,4:3,5,-2.978946,-4.35253
sstk_image_2156411081,9:16,5,-5.296266,-8.4488996
sstk_image_2161643087,16:9,5,-3.342413,-5.560216
sstk_image_2161643087,1:1,5,-3.758906,-7.3123059999999995
sstk_image_2161643087,3:4,5,-7.570417,-11.7254136
sstk_image_2161643087,4:3,5,-1.449133,-4.0331996000000006
sstk_image_2161643087,9:16,5,-12.631668,-18.1555152
sstk_image_2163263543,16:9,5,-3.825653,-6.040236999999999
sstk_image_2163263543,1:1,5,-0.901211,-3.6178678
sstk_image_2163263543,3:4,5,-0.934919,-4.001028
sstk_image_2163263543,4:3,5,-1.263396,-3.0449982
sstk_image_2163263543,9:16,5,-0.982777,-1.4055312
sstk_image_2166664223,16:9,5,-2.469629,-2.8342952
sstk_image_2166664223,1:1,5,-5.168574,-6.719279
sstk_image_2166664223,3:4,5,-9.46306,-12.0943626
sstk_image_2166664223,4:3,5,-1.909417,-2.5572702
sstk_image_2166664223,9:16,5,-15.101391,-18.9392838
sstk_image_2167996463,16:9,5,1.058371,1.0250872
sstk_image_2167996463,1:1,5,1.042579,0.7456425999999999
sstk_image_2167996463,3:4,5,-0.905544,-1.7861737999999998
sstk_image_2167996463,4:3,5,1.051404,1.0190472
sstk_image_2167996463,9:16,5,-3.867743,-4.8834674
sstk_image_2172115067,16:9,5,1.075091,1.0717784
sstk_image_2172115067,1:1,5,1.063526,1.0377648000000002
sstk_image_2172115067,3:4,5,1.001622,-0.7082762
sstk_image_2172115067,4:3,5,1.093699,1.0759812
sstk_image_2172115067,9:16,2,-0.6947,-1.4256835
sstk_image_2181265527,16:9,5,-14.625872,-17.2520242
sstk_image_2181265527,1:1,5,-4.88513,-6.877690799999999
sstk_image_2181265527,3:4,5,-1.833328,-2.9361894
sstk_image_2181265527,4:3,5,-9.090957,-11.084655000000001
sstk_image_2181265527,9:16,5,-2.38282,-2.8124296
sstk_image_2181615013,16:9,5,-2.52091,-3.3742888
sstk_image_2181615013,1:1,5,-5.221365,-6.0070988
sstk_image_2181615013,3:4,5,-9.514675,-12.7308672
sstk_image_2181615013,4:3,5,-1.953363,-2.5446944
sstk_image_2181615013,9:16,5,-15.168058,-17.8267518
sstk_image_218378287,16:9,5,-5.321533,-9.6557344
sstk_image_218378287,1:1,5,-7.188965,-7.6606082
sstk_image_218378287,3:4,1,-17.548463,-17.548463
sstk_image_218378287,4:3,5,-1.92796,-2.3360388
sstk_image_218378287,9:16,5,-23.13975,-26.5661674
sstk_image_2185522819,16:9,5,-0.769854,-3.8066342
sstk_image_2185522819,1:1,5,-5.116937,-7.3028024
sstk_image_2185522819,3:4,5,-9.179185,-11.5305142
sstk_image_2185522819,4:3,5,-1.869695,-2.1850048
sstk_image_2185522819,9:16,5,-14.717347,-16.4232304
sstk_image_2190001559,16:9,4,-4.309061,-7.1849545
sstk_image_2190001559,1:1,5,-2.239057,-8.746445
sstk_image_2190001559,3:4,3,-6.307704,-9.289809666666669
sstk_image_2190001559,4:3,5,-1.161021,-4.4369382
sstk_image_2190001559,9:16,3,-13.962864,-16.083581
sstk_image_2191113363,16:9,5,-0.608868,-0.6346358
sstk_image_2191113363,1:1,3,-12.073153,-17.467526
sstk_image_2191113363,3:4,1,-20.560958,-20.560958
sstk_image_2191113363,4:3,5,-3.067475,-12.7949984
sstk_image_2191113363,9:16,5,-23.004484,-26.8236202
sstk_image_2192952941,16:9,5,1.095164,1.0272418
sstk_image_2192952941,1:1,5,1.063607,1.0404064
sstk_image_2192952941,3:4,5,1.060516,1.0463258
sstk_image_2192952941,4:3,5,1.086893,1.0700346
sstk_image_2192952941,9:16,1,0.909255,0.909255
sstk_image_2196674707,16:9,5,-0.831201,-1.1817693999999999
sstk_image_2196674707,1:1,5,0.904792,0.13311759999999997
sstk_image_2196674707,3:4,5,-1.920887,-2.1398946
sstk_image_2196674707,4:3,5,-0.826749,-0.8688037999999999
sstk_image_2196674707,9:16,5,-8.35067,-10.8954278
sstk_image_2206417759,16:9,5,-0.839327,-4.2384758
sstk_image_2206417759,1:1,5,-5.165393,-8.1087312
sstk_image_2206417759,3:4,5,-9.470209,-13.073007999999998
sstk_image_2206417759,4:3,5,-1.908663,-5.4209119999999995
sstk_image_2206417759,9:16,5,-15.190715,-19.454881
sstk_image_2213946367,16:9,5,1.093346,0.7294105999999999
sstk_image_2213946367,1:1,5,-3.219917,-7.0777068
sstk_image_2213946367,3:4,5,-6.874882,-16.384406
sstk_image_2213946367,4:3,5,-0.440494,-2.0582514
sstk_image_2213946367,9:16,5,-11.71172,-19.633816000000003
sstk_image_2220697817,16:9,5,-1.231281,-3.0450764
sstk_image_2220697817,1:1,5,-2.353872,-5.9128582000000005
sstk_image_2220697817,3:4,5,-5.799699,-11.359618000000001
sstk_image_2220697817,4:3,5,-0.337826,-2.0969116
sstk_image_2220697817,9:16,5,-10.35226,-14.334392200000002
sstk_image_2223969033,16:9,5,1.09467,0.8731745999999999
sstk_image_2223969033,1:1,5,1.080049,1.0425552
sstk_image_2223969033,3:4,5,1.036129,-0.014952799999999922
sstk_image_2223969033,4:3,5,1.108611,0.7282204
sstk_image_2223969033,9:16,5,0.988674,-1.4116435999999999
sstk_image_2226727825,16:9,1,-19.054155,-19.054155
sstk_image_2226727825,1:1,5,-2.831289,-3.4496644000000005
sstk_image_2226727825,3:4,5,-1.375979,-1.4536158000000001
sstk_image_2226727825,4:3,4,-9.52343,-13.22494575
sstk_image_2226727825,9:16,5,-5.578479,-6.2567552
sstk_image_2237546447,16:9,5,-5.814562,-6.655774599999999
sstk_image_2237546447,1:1,5,1.071901,1.0566891999999999
sstk_image_2237546447,3:4,5,1.010247,0.4130424
sstk_image_2237546447,4:3,5,1.089812,1.0820414
sstk_image_2237546447,9:16,5,0.926212,-0.7850706
sstk_image_2238875217,16:9,5,-4.978905,-7.8610556
sstk_image_2238875217,1:1,5,-5.055233,-5.9431728
sstk_image_2238875217,3:4,5,-11.665969,-15.7269136
sstk_image_2238875217,4:3,3,-1.19258,-1.880032
sstk_image_2238875217,9:16,5,-16.467762,-21.1051396
sstk_image_2245805149,16:9,5,1.060958,1.0545506
sstk_image_2245805149,1:1,5,1.060808,1.027993
sstk_image_2245805149,3:4,5,0.996207,-1.6269687999999998
sstk_image_2245805149,4:3,5,1.06409,1.0457706
sstk_image_2245805149,9:16,5,-1.33276,-3.8005736
sstk_image_2249973943,16:9,5,1.08254,0.5054460000000001
sstk_image_2249973943,1:1,5,1.067886,1.0212852
sstk_image_2249973943,3:4,5,1.030786,-0.128837
sstk_image_2249973943,4:3,5,1.090168,0.9926758
sstk_image_2249973943,9:16,5,0.990862,-0.7162208000000001
sstk_image_2256565717,16:9,5,-0.980288,-2.5700642
sstk_image_2256565717,1:1,5,-1.304832,-4.9632432
sstk_image_2256565717,3:4,5,-4.381938,-7.276503199999999
sstk_image_2256565717,4:3,5,-0.831402,-2.6067384000000002
sstk_image_2256565717,9:16,5,-8.412816,-12.4133674
sstk_image_2256628113,16:9,5,1.108791,1.078939
sstk_image_2256628113,1:1,5,1.061677,0.5181464
sstk_image_2256628113,3:4,5,-1.701698,-3.379363
sstk_image_2256628113,4:3,5,1.085047,1.0753894000000002
sstk_image_2256628113,9:16,5,-4.921958,-7.004781800000001
sstk_image_2259178655,16:9,2,-4.275592,-4.5961965
sstk_image_2259178655,1:1,5,-6.133191,-8.159691599999999
sstk_image_2259178655,3:4,5,-11.547939,-14.0967054
sstk_image_2259178655,4:3,3,-0.872324,-0.8953713333333333
sstk_image_2259178655,9:16,5,-17.242203,-20.6002622
sstk_image_2259351075,16:9,5,-4.086884,-10.4614768
sstk_image_2259351075,1:1,5,-0.948972,-1.2587498
sstk_image_2259351075,3:4,5,-0.940378,-2.3131756
sstk_image_2259351075,4:3,5,-1.309981,-1.3179007999999999
sstk_image_2259351075,9:16,1,-2.532976,-2.532976
sstk_image_2266526397,16:9,5,0.988834,0.481501
sstk_image_2266526397,1:1,5,1.021393,0.990414
sstk_image_2266526397,3:4,5,0.954759,0.6316294
sstk_image_2266526397,4:3,5,1.031429,0.9998558
sstk_image_2266526397,9:16,5,-5.624305,-9.9140224
sstk_image_2273871509,16:9,5,-21.940674,-27.0573874
sstk_image_2273871509,1:1,5,-5.700809,-6.5061516
sstk_image_2273871509,3:4,5,-1.670226,-5.7872446
sstk_image_2273871509,4:3,5,-11.067471,-16.360745
sstk_image_2273871509,9:16,5,-2.67804,-5.8991842
sstk_image_2273937099,16:9,5,-1.660265,-5.8166552
sstk_image_2273937099,1:1,5,1.089665,-0.2655724
sstk_image_2273937099,3:4,5,-2.064509,-4.272234
sstk_image_2273937099,4:3,5,1.049157,0.4981396
sstk_image_2273937099,9:16,5,-5.377014,-8.2575262
sstk_image_2280867517,16:9,1,-2.551298,-2.551298
sstk_image_2280867517,1:1,5,-1.583859,-3.0156280000000004
sstk_image_2280867517,3:4,5,-6.947455,-12.1380724
sstk_image_2280867517,4:3,1,-1.104781,-1.104781
sstk_image_2280867517,9:16,2,-17.485618,-18.603476
sstk_image_228560485,16:9,5,-9.88654,-13.281752599999999
sstk_image_228560485,1:1,5,-0.8237,-4.9716144
sstk_image_228560485,3:4,5,-0.777166,-0.8585628
sstk_image_228560485,4:3,5,-4.423142,-9.9792434
sstk_image_228560485,9:16,5,-2.354316,-3.8638394
sstk_image_2290920149,16:9,5,-0.831041,-1.7864362
sstk_image_2290920149,1:1,5,-0.874564,-2.4262006
sstk_image_2290920149,3:4,5,-0.904341,-4.398226800000001
sstk_image_2290920149,4:3,5,-0.831687,-1.7865912000000002
sstk_image_2290920149,9:16,5,-3.634456,-7.5186064
sstk_image_2294237909,16:9,5,-0.873741,-3.0628956
sstk_image_2294237909,1:1,5,-1.06529,-4.0752602
sstk_image_2294237909,3:4,5,-4.068814,-7.4278418
sstk_image_2294237909,4:3,5,-0.85368,-3.1426019999999997
sstk_image_2294237909,9:16,5,-8.011385,-15.394187399999998
sstk_image_229661359,16:9,2,-4.327159,-5.179081
sstk_image_229661359,1:1,2,-1.10796,-2.5270085
sstk_image_229661359,3:4,1,-1.184986,-1.184986
sstk_image_229661359,4:3,5,-1.090382,-2.2663766
sstk_image_229661359,9:16,2,-2.363704,-2.9062225
sstk_image_2315550471,16:9,5,1.080617,0.651252
sstk_image_2315550471,1:1,5,-2.335625,-5.5933242
sstk_image_2315550471,3:4,5,-5.772149,-9.0212454
sstk_image_2315550471,4:3,5,1.079743,-1.2900076
sstk_image_2315550471,9:16,5,-10.24728,-11.9204572
sstk_image_2317883239,16:9,5,-1.881739,-2.2304138
sstk_image_2317883239,1:1,5,-4.665946,-7.4783862
sstk_image_2317883239,3:4,5,-8.815683,-11.3286604
sstk_image_2317883239,4:3,5,-1.523352,-2.1039950000000003
sstk_image_2317883239,9:16,5,-14.250654,-17.345010600000002
sstk_image_2324925683,16:9,5,1.077653,1.024529
sstk_image_2324925683,1:1,5,-0.56185,-2.7852674
sstk_image_2324925683,3:4,5,-3.430053,-6.0157831999999996
sstk_image_2324925683,4:3,5,1.094011,-0.43768720000000005
sstk_image_2324925683,9:16,5,-7.116451,-10.4603904
sstk_image_2327108663,16:9,5,0.962546,0.9034682
sstk_image_2327108663,1:1,5,0.931344,-2.4939386
sstk_image_2327108663,3:4,5,-2.601952,-6.3100094
sstk_image_2327108663,4:3,5,0.967594,0.4953354
sstk_image_2327108663,9:16,5,-1.562459,-9.1887416
sstk_image_2330333565,16:9,5,-0.844029,-2.5156136
sstk_image_2330333565,1:1,5,-3.18649,-3.8955022
sstk_image_2330333565,3:4,5,-5.478084,-8.247989
sstk_image_2330333565,4:3,5,-0.811076,-1.8144202
sstk_image_2330333565,9:16,5,-9.840943,-14.111172199999999
sstk_image_235610446,16:9,5,-2.518402,-3.8912796
sstk_image_235610446,1:1,5,-0.88763,-5.9743222
sstk_image_235610446,3:4,5,-1.170493,-7.0785212
sstk_image_235610446,4:3,5,-0.867458,-1.5364993999999998
sstk_image_235610446,9:16,5,-4.199286,-8.432637
sstk_image_239608159,16:9,5,1.04341,0.9615608
sstk_image_239608159,1:1,5,1.010359,-0.4197024
sstk_image_239608159,3:4,5,0.932783,-1.8404982
sstk_image_239608159,4:3,5,1.049507,0.29656279999999996
sstk_image_239608159,9:16,5,0.909219,-2.259403
sstk_image_240027577,16:9,2,-2.20969,-3.0012499999999998
sstk_image_240027577,1:1,5,-1.552757,-1.9049056
sstk_image_240027577,3:4,5,-11.778162,-14.835564
sstk_image_240027577,4:3,5,-0.823496,-1.1537140000000001
sstk_image_240027577,9:16,5,-16.166015,-19.5250886
sstk_image_244324930,16:9,5,-3.711378,-11.868738
sstk_image_244324930,1:1,5,-1.634606,-1.6396692000000002
sstk_image_244324930,3:4,5,-1.673835,-1.6899438
sstk_image_244324930,4:3,5,-1.606329,-1.6293406000000001
sstk_image_244324930,9:16,5,-1.693252,-2.5086992
sstk_image_255303343,16:9,5,-1.060363,-6.5083786
sstk_image_255303343,1:1,5,0.221956,-1.197737
sstk_image_255303343,3:4,5,1.032642,-0.45829439999999994
sstk_image_255303343,4:3,5,0.2657,0.1602516
sstk_image_255303343,9:16,5,-2.108801,-3.3806642000000005
sstk_image_269125625,16:9,5,-22.945937,-29.832124800000003
sstk_image_269125625,1:1,5,-5.928288,-10.9023476
sstk_image_269125625,3:4,4,-1.429748,-1.8356577500000002
sstk_image_269125625,4:3,5,-12.909182,-19.1832548
sstk_image_269125625,9:16,5,-1.421319,-2.1278394
sstk_image_271793009,16:9,1,-5.7941,-5.7941
sstk_image_271793009,1:1,5,-11.370739,-15.4888398
sstk_image_271793009,3:4,5,-16.002251,-19.0552638
sstk_image_271793009,4:3,5,-7.142526,-8.4760588
sstk_image_271793009,9:16,5,-22.035171,-26.507127000000004
sstk_image_275323250,16:9,5,1.069796,-0.2844696000000001
sstk_image_275323250,1:1,5,-1.243315,-4.3944388
sstk_image_275323250,3:4,5,-4.339099,-8.2268554
sstk_image_275323250,4:3,5,1.07579,-2.6039078
sstk_image_275323250,9:16,5,-8.341913,-12.2737674
sstk_image_276797471,16:9,5,-7.590337,-9.2798732
sstk_image_276797471,1:1,5,-1.380646,-1.4381846
sstk_image_276797471,3:4,5,-3.738389,-4.8673576
sstk_image_276797471,4:3,5,-3.740494,-4.886767
sstk_image_276797471,9:16,5,-7.590591,-9.2660384
sstk_image_283429562,16:9,1,-5.931144,-5.931144
sstk_image_283429562,1:1,5,-0.842131,-1.8914898
sstk_image_283429562,3:4,5,-3.183993,-4.8650756
sstk_image_283429562,4:3,5,-0.812732,-0.8204276
sstk_image_283429562,9:16,5,-6.826028,-9.289938000000001
sstk_image_284555729,16:9,5,-0.860414,-1.7356818
sstk_image_284555729,1:1,5,-0.890344,-1.0316694
sstk_image_284555729,3:4,5,-0.937879,-2.3684350000000003
sstk_image_284555729,4:3,5,-0.863327,-1.3946386
sstk_image_284555729,9:16,5,-0.997193,-1.6775738
sstk_image_288347894,16:9,5,-0.916368,-1.8061326000000002
sstk_image_288347894,1:1,5,-0.876794,-1.0251928
sstk_image_288347894,3:4,5,-0.936749,-1.804755
sstk_image_288347894,4:3,5,-0.848155,-1.4503372
sstk_image_288347894,9:16,5,-0.981785,-1.3334016
sstk_image_310515425,16:9,5,1.050221,-1.0203558
sstk_image_310515425,1:1,5,1.054371,-0.5599774
sstk_image_310515425,3:4,3,-3.32506,-3.728085666666667
sstk_image_310515425,4:3,5,1.081045,1.0708696
sstk_image_310515425,9:16,5,-6.619701,-9.1279296
sstk_image_310780922,16:9,5,-0.623003,-0.9468820000000001
sstk_image_310780922,1:1,5,-0.59001,-1.9734412
sstk_image_310780922,3:4,5,-0.487398,-1.9125062
sstk_image_310780922,4:3,5,-0.641011,-1.1298922
sstk_image_310780922,9:16,5,0.96416,-0.9063448
sstk_image_319469393,16:9,5,-0.921786,-4.5160058
sstk_image_319469393,1:1,5,-1.111889,-1.8956952
sstk_image_319469393,3:4,5,-1.3993,-1.4023424
sstk_image_319469393,4:3,5,-0.873593,-2.4761808
sstk_image_319469393,9:16,1,-1.419151,-1.419151
sstk_image_324732935,16:9,5,-19.466974,-26.8434214
sstk_image_324732935,1:1,5,-6.781603,-11.7205512
sstk_image_324732935,3:4,5,-0.826364,-1.9753618
sstk_image_324732935,4:3,5,-11.881817,-19.4138508
sstk_image_324732935,9:16,5,-0.820714,-0.8768248
sstk_image_329267054,16:9,5,1.07526,1.0469322
sstk_image_329267054,1:1,5,1.060811,1.0425122
sstk_image_329267054,3:4,5,1.0429,0.5975351999999999
sstk_image_329267054,4:3,5,1.070903,1.0484254
sstk_image_329267054,9:16,5,1.033429,-0.05067580000000009
sstk_image_331831370,16:9,5,-7.376986,-11.6003046
sstk_image_331831370,1:1,5,-11.315847,-15.473834399999998
sstk_image_331831370,3:4,5,-17.029736,-20.2763086
sstk_image_331831370,4:3,5,-6.016608,-11.0423056
sstk_image_331831370,9:16,5,-22.291009,-31.5276836
sstk_image_345381233,16:9,5,-0.906515,-7.0083404
sstk_image_345381233,1:1,5,-2.441163,-7.558702800000001
sstk_image_345381233,3:4,5,-5.893865,-8.9274638
sstk_image_345381233,4:3,5,-0.811361,-7.2936154
sstk_image_345381233,9:16,5,-10.411653,-13.6997088
sstk_image_350501519,16:9,5,-1.468219,-17.055791
sstk_image_350501519,1:1,5,-5.128991,-11.9167856
sstk_image_350501519,3:4,5,-1.905093,-8.042418999999999
sstk_image_350501519,4:3,5,-9.430208,-15.266696
sstk_image_350501519,9:16,5,-2.492683,-7.4381224
sstk_image_353199680,16:9,5,-0.491808,-4.4461256
sstk_image_353199680,1:1,5,1.006312,-1.9403320000000002
sstk_image_353199680,3:4,5,-1.341785,-4.5469744
sstk_image_353199680,4:3,5,1.038105,-0.558882
sstk_image_353199680,9:16,5,-4.427517,-9.039521
sstk_image_367241744,16:9,5,-0.8667,-2.5404435999999997
sstk_image_367241744,1:1,5,-1.635684,-4.9105148
sstk_image_367241744,3:4,5,-4.823837,-8.1248556
sstk_image_367241744,4:3,5,-0.830225,-2.4846804
sstk_image_367241744,9:16,5,-8.969349,-13.8438804
sstk_image_375750586,16:9,5,-0.878437,-0.8839442
sstk_image_375750586,1:1,5,-3.119636,-4.5840938
sstk_image_375750586,3:4,5,-6.769807,-9.7205716
sstk_image_375750586,4:3,5,-0.854867,-1.2824508
sstk_image_375750586,9:16,5,-11.547609,-15.432169400000001
sstk_image_378288403,16:9,5,-6.668708,-10.9658784
sstk_image_378288403,1:1,5,-0.872051,-3.6578193999999997
sstk_image_378288403,3:4,5,-0.833817,-2.118799
sstk_image_378288403,4:3,5,-3.035112,-6.352794
sstk_image_378288403,9:16,5,-0.863197,-2.3430218
sstk_image_383878579,16:9,5,-0.607049,-6.2377366
sstk_image_383878579,1:1,5,1.042927,-5.6190108
sstk_image_383878579,3:4,5,-1.513487,-7.469850599999999
sstk_image_383878579,4:3,5,1.054759,-5.6829754
sstk_image_383878579,9:16,5,-1.507613,-3.8248387999999998
sstk_image_386076220,16:9,4,-1.341858,-1.3521732499999999
sstk_image_386076220,1:1,5,-1.386277,-1.3907998
sstk_image_386076220,3:4,5,-1.426596,-1.4275992
sstk_image_386076220,4:3,5,-1.362602,-1.3687184000000001
sstk_image_386076220,9:16,5,-1.459446,-2.351598
sstk_image_389571208,16:9,1,-3.00267,-3.00267
sstk_image_389571208,1:1,3,-0.858407,-1.583582
sstk_image_389571208,3:4,5,-8.816447,-13.933091200000002
sstk_image_389571208,4:3,5,-0.818953,-1.7309709999999998
sstk_image_389571208,9:16,5,-12.638185,-20.231572800000002
sstk_image_392316445,16:9,5,-0.814775,-2.3981778
sstk_image_392316445,1:1,5,-0.855984,-3.5481778000000004
sstk_image_392316445,3:4,5,-2.29917,-6.0294594
sstk_image_392316445,4:3,5,-0.802651,-2.6749105999999996
sstk_image_392316445,9:16,5,-5.666238,-10.5423996
sstk_image_393935044,16:9,5,-2.520196,-3.5004538
sstk_image_393935044,1:1,5,-5.205405,-7.5504102
sstk_image_393935044,3:4,5,-9.486138,-12.219806199999999
sstk_image_393935044,4:3,5,-1.951144,-3.5981768
sstk_image_393935044,9:16,5,-15.128779,-19.0482428
sstk_image_395158177,16:9,5,-0.906284,-2.0988292
sstk_image_395158177,1:1,5,-0.914886,-2.7443505999999998
sstk_image_395158177,3:4,5,-0.945354,-4.3967866
sstk_image_395158177,4:3,5,-0.894704,-1.8588174
sstk_image_395158177,9:16,5,-2.020155,-7.6952646
sstk_image_401922541,16:9,5,1.029516,0.5483462
sstk_image_401922541,1:1,5,1.088856,1.0642322
sstk_image_401922541,3:4,5,1.117396,1.0524806
sstk_image_401922541,4:3,5,1.072853,1.0513948
sstk_image_401922541,9:16,5,1.104699,1.0474172
sstk_image_419317849,16:9,5,-8.691712,-13.7519924
sstk_image_419317849,1:1,5,-9.516002,-11.4726074
sstk_image_419317849,3:4,5,-13.240926,-16.303485799999997
sstk_image_419317849,4:3,1,-1.030731,-1.030731
sstk_image_419317849,9:16,5,-18.14457,-24.128701200000002
sstk_image_421736314,16:9,5,-2.679802,-5.6762854
sstk_image_421736314,1:1,5,-0.80059,-4.4493326
sstk_image_421736314,3:4,5,-1.050686,-6.7952354
sstk_image_421736314,4:3,5,-0.781321,-1.5683758
sstk_image_421736314,9:16,5,-4.182202,-8.3334342
sstk_image_423600652,16:9,2,-5.873937,-6.3771885
sstk_image_423600652,1:1,5,-7.830408,-11.6925854
sstk_image_423600652,3:4,5,-12.89195,-16.2301512
sstk_image_423600652,4:3,4,-0.850615,-0.9368682500000001
sstk_image_423600652,9:16,5,-18.730003,-23.3288062
sstk_image_42562216,16:9,5,-2.529048,-4.9645778
sstk_image_42562216,1:1,5,-3.359356,-5.9602838
sstk_image_42562216,3:4,5,-7.055169,-12.002759000000001
sstk_image_42562216,4:3,5,-0.852161,-3.1583562
sstk_image_42562216,9:16,5,-11.91248,-16.244771
sstk_image_433987747,16:9,5,1.05106,1.0040034
sstk_image_433987747,1:1,5,1.05038,1.0189478
sstk_image_433987747,3:4,5,1.021817,0.9936062
sstk_image_433987747,4:3,5,1.053058,1.0046127999999999
sstk_image_433987747,9:16,5,0.968707,0.4580164
sstk_image_440068195,16:9,5,-2.401933,-2.7861998
sstk_image_440068195,1:1,5,-5.275655,-7.2575142
sstk_image_440068195,3:4,5,-9.587444,-12.3118688
sstk_image_440068195,4:3,5,-1.993269,-2.6221702000000002
sstk_image_440068195,9:16,5,-15.286487,-19.1592786
sstk_image_457959049,16:9,5,1.102847,1.0481837999999999
sstk_image_457959049,1:1,5,1.093519,0.5573736
sstk_image_457959049,3:4,5,1.06696,-0.10389239999999997
sstk_image_457959049,4:3,5,1.121181,1.0378224
sstk_image_457959049,9:16,5,0.999038,-1.4638274000000002
sstk_image_473924605,16:9,5,-2.301873,-2.6771822
sstk_image_473924605,1:1,5,-5.204423,-7.8088766
sstk_image_473924605,3:4,5,-9.503424,-12.0635666
sstk_image_473924605,4:3,5,-1.937928,-2.4899184
sstk_image_473924605,9:16,5,-15.169131,-19.363111
sstk_image_482365609,16:9,5,1.040627,1.014128
sstk_image_482365609,1:1,5,1.035954,1.0156086
sstk_image_482365609,3:4,5,1.005377,0.9830386000000001
sstk_image_482365609,4:3,5,1.045639,1.0246918
sstk_image_482365609,9:16,5,0.974874,0.33775260000000007
sstk_image_492457327,16:9,5,-0.882437,-2.5513034
sstk_image_492457327,1:1,5,-0.831002,-3.0817304
sstk_image_492457327,3:4,5,-0.930721,-4.8255989999999995
sstk_image_492457327,4:3,5,-0.835265,-2.145893
sstk_image_492457327,9:16,5,-0.989063,-3.0058368
sstk_image_498932281,16:9,5,-7.295247,-11.509405
sstk_image_498932281,1:1,5,-9.87734,-12.38784
sstk_image_498932281,3:4,5,-15.142563,-18.6163706
sstk_image_498932281,4:3,5,-6.186146,-6.8779094
sstk_image_498932281,9:16,5,-22.659462,-26.604707400000002
sstk_image_499637044,16:9,5,-2.478078,-2.9118863999999998
sstk_image_499637044,1:1,5,-5.182377,-7.018574800000001
sstk_image_499637044,3:4,5,-9.510495,-12.233999800000001
sstk_image_499637044,4:3,5,-1.921506,-3.5710673999999996
sstk_image_499637044,9:16,5,-15.156813,-19.0734854
sstk_image_50137285,16:9,5,-2.71829,-3.4743848
sstk_image_50137285,1:1,5,1.062583,0.6924395999999999
sstk_image_50137285,3:4,5,1.010169,-2.532016
sstk_image_50137285,4:3,5,1.05633,-0.5565036
sstk_image_50137285,9:16,5,-2.127831,-4.8355722
sstk_image_504561433,16:9,5,-3.171234,-9.570414
sstk_image_504561433,1:1,5,-2.000343,-3.4978214000000003
sstk_image_504561433,3:4,1,-7.661619,-7.661619
sstk_image_504561433,4:3,5,0.685,-0.5510590000000001
sstk_image_504561433,9:16,5,-15.936661,-19.0262024
sstk_image_505126018,16:9,5,-15.139913,-17.197543200000002
sstk_image_505126018,1:1,5,-5.19556,-5.7138492
sstk_image_505126018,3:4,5,-1.935828,-2.5198816
sstk_image_505126018,4:3,5,-9.511599,-10.481349
sstk_image_505126018,9:16,5,-2.499424,-2.9388916
sstk_image_505773664,16:9,5,-0.821927,-3.3155394
sstk_image_505773664,1:1,5,-4.014223,-6.419838400000001
sstk_image_505773664,3:4,5,-7.908601,-10.5355776
sstk_image_505773664,4:3,5,-1.030815,-4.3027806
sstk_image_505773664,9:16,5,-13.127825,-16.7293784
sstk_image_511142845,16:9,5,-2.471313,-7.724261799999999
sstk_image_511142845,1:1,5,-5.125542,-9.5017602
sstk_image_511142845,3:4,5,-9.383804,-13.042345599999999
sstk_image_511142845,4:3,5,-1.873971,-8.0448852
sstk_image_511142845,9:16,5,-15.017859,-19.851899600000003
sstk_image_52118122,16:9,5,-0.890641,-1.211609
sstk_image_52118122,1:1,5,-6.513728,-12.776035400000001
sstk_image_52118122,3:4,2,-14.175408,-16.540216
sstk_image_52118122,4:3,5,-0.931756,-1.9961220000000002
sstk_image_52118122,9:16,5,-19.540566,-23.627663599999998
sstk_image_52319896,16:9,5,-27.137597,-33.0712794
sstk_image_52319896,1:1,5,-9.320798,-13.941813
sstk_image_52319896,3:4,1,-1.375437,-1.375437
sstk_image_52319896,4:3,5,-18.569987,-23.477691
sstk_image_52319896,9:16,5,-1.342312,-1.3535038
sstk_image_530406508,16:9,5,-0.922255,-1.3066584
sstk_image_530406508,1:1,5,1.081985,-0.17171160000000002
sstk_image_530406508,3:4,5,-0.752179,-3.4391233999999997
sstk_image_530406508,4:3,5,1.111376,0.7256104
sstk_image_530406508,9:16,5,-3.654199,-8.896651199999999
sstk_image_532880902,16:9,5,-0.851888,-2.0535784
sstk_image_532880902,1:1,5,-0.843162,-1.2785834
sstk_image_532880902,3:4,5,-0.903168,-1.3160232
sstk_image_532880902,4:3,5,-0.82009,-1.2749549999999998
sstk_image_532880902,9:16,5,-0.955377,-1.3497002
sstk_image_539427937,16:9,3,-33.2093,-33.216345
sstk_image_539427937,1:1,5,-7.180016,-12.3277824
sstk_image_539427937,3:4,5,-2.089583,-7.5140154
sstk_image_539427937,4:3,1,-15.901707,-15.901707
sstk_image_539427937,9:16,5,-0.687169,-0.7042526
sstk_image_544799479,16:9,5,1.04747,-0.3159374
sstk_image_544799479,1:1,5,1.018038,-1.110153
sstk_image_544799479,3:4,5,0.937547,-3.155163
sstk_image_544799479,4:3,5,1.053052,-1.6159247999999997
sstk_image_544799479,9:16,5,-3.047205,-7.069597400000001
sstk_image_548134252,16:9,5,1.061311,0.7359812
sstk_image_548134252,1:1,5,1.041554,1.0201648
sstk_image_548134252,3:4,5,1.039478,1.0125418
sstk_image_548134252,4:3,5,1.067114,1.0338166
sstk_image_548134252,9:16,5,1.003136,0.3956744
sstk_image_555881695,16:9,5,-0.854726,-1.7611834000000002
sstk_image_555881695,1:1,5,-3.166335,-6.2397165999999995
sstk_image_555881695,3:4,5,-6.760624,-10.5629686
sstk_image_555881695,4:3,5,-0.932429,-2.9708378
sstk_image_555881695,9:16,5,-11.549763,-15.0187804
sstk_image_557100514,16:9,5,-1.802885,-2.8428408
sstk_image_557100514,1:1,5,-0.992974,-9.588669200000002
sstk_image_557100514,3:4,5,-3.96059,-9.999963600000001
sstk_image_557100514,4:3,5,-0.85918,-1.7098802
sstk_image_557100514,9:16,5,-1.617277,-7.5931342
sstk_image_558228739,16:9,1,-5.911844,-5.911844
sstk_image_558228739,1:1,5,-1.08403,-1.0868358
sstk_image_558228739,3:4,5,-1.008663,-1.0485624
sstk_image_558228739,4:3,5,-1.063194,-1.0766974
sstk_image_558228739,9:16,5,-2.904462,-5.146437799999999
sstk_image_558709444,16:9,5,1.050657,1.02255
sstk_image_558709444,1:1,5,1.040531,-1.3075672
sstk_image_558709444,3:4,5,-2.171077,-4.7154706
sstk_image_558709444,4:3,5,1.079656,0.6424605999999999
sstk_image_558709444,9:16,5,-5.511617,-8.4458284
sstk_image_565897402,16:9,5,-0.831562,-1.360671
sstk_image_565897402,1:1,5,-0.874467,-1.4650408
sstk_image_565897402,3:4,5,-0.967223,-2.7763508000000003
sstk_image_565897402,4:3,5,-0.838909,-1.449155
sstk_image_565897402,9:16,5,-1.02167,-3.0468882
sstk_image_568388461,16:9,5,-0.86732,-3.7656365999999997
sstk_image_568388461,1:1,5,-5.659782,-14.516892000000002
sstk_image_568388461,3:4,2,-14.723225,-16.562692499999997
sstk_image_568388461,4:3,5,-0.835902,-6.2375402
sstk_image_568388461,9:16,3,-31.449676,-31.466712333333334
sstk_image_56902966,16:9,5,1.056356,1.0157802
sstk_image_56902966,1:1,5,1.032166,0.5719014
sstk_image_56902966,3:4,5,0.975958,-0.9504484
sstk_image_56902966,4:3,5,1.065939,1.0076392
sstk_image_56902966,9:16,5,0.902419,-3.1826004
sstk_image_571080694,16:9,5,-2.434647,-2.9117433999999998
sstk_image_571080694,1:1,5,-4.845758,-5.2566026
sstk_image_571080694,3:4,5,-9.030678,-9.5045512
sstk_image_571080694,4:3,5,-1.801531,-2.0767894
sstk_image_571080694,9:16,5,-14.544144,-15.1216822
sstk_image_577867813,16:9,5,1.116986,0.35915779999999997
sstk_image_577867813,1:1,5,1.111011,1.0807094
sstk_image_577867813,3:4,5,1.08214,1.0337834000000001
sstk_image_577867813,4:3,5,1.124185,1.0941248
sstk_image_577867813,9:16,5,1.004071,0.6398734
sstk_image_581983456,16:9,5,-15.609052,-21.5343772
sstk_image_581983456,1:1,1,-2.223534,-2.223534
sstk_image_581983456,3:4,5,-5.363982,-6.2951876
sstk_image_581983456,4:3,5,-10.954962,-16.883383000000002
sstk_image_581983456,9:16,5,-14.088329,-16.6506786
sstk_image_592973876,16:9,5,1.039815,1.0144246000000001
sstk_image_592973876,1:1,5,1.0581,1.0224410000000002
sstk_image_592973876,3:4,5,1.013648,0.9821376
sstk_image_592973876,4:3,5,1.066999,1.0223866000000001
sstk_image_592973876,9:16,5,0.963956,0.1490314
sstk_image_594885824,16:9,5,0.957112,-0.8421082
sstk_image_594885824,1:1,5,0.98362,-1.0515408000000002
sstk_image_594885824,3:4,5,0.939043,-2.1086556
sstk_image_594885824,4:3,5,1.0101,-0.05520780000000001
sstk_image_594885824,9:16,5,-2.907381,-6.0124148
sstk_image_596033150,16:9,5,1.06373,1.0267994
sstk_image_596033150,1:1,5,1.036639,1.0221438
sstk_image_596033150,3:4,5,1.017653,0.6837072
sstk_image_596033150,4:3,5,1.065049,1.0328818
sstk_image_596033150,9:16,5,1.021327,0.7006412000000001
sstk_image_596038367,16:9,5,1.067259,-2.3141564000000003
sstk_image_596038367,1:1,5,0.973708,-3.5405792
sstk_image_596038367,3:4,5,-2.338421,-6.597692
sstk_image_596038367,4:3,5,0.999574,-2.6736708
sstk_image_596038367,9:16,5,-5.652414,-13.0932286
sstk_image_596598524,16:9,5,-6.861885,-7.561279799999999
sstk_image_596598524,1:1,2,-5.302769,-5.5450955
sstk_image_596598524,3:4,5,-9.472621,-12.8759206
sstk_image_596598524,4:3,5,-0.687333,-1.0735009999999998
sstk_image_596598524,9:16,5,-14.591115,-18.284312
sstk_image_606295559,16:9,5,-8.827504,-12.072264200000001
sstk_image_606295559,1:1,5,-1.842416,-5.187909599999999
sstk_image_606295559,3:4,5,-1.106081,-3.6714282
sstk_image_606295559,4:3,5,-5.092026,-7.167473199999999
sstk_image_606295559,9:16,5,-3.649793,-7.219949199999999
sstk_image_621317567,16:9,5,-1.831606,-3.4923704
sstk_image_621317567,1:1,5,-0.893816,-1.8187276
sstk_image_621317567,3:4,5,-0.933767,-3.5063807999999996
sstk_image_621317567,4:3,5,-0.856752,-1.1112584
sstk_image_621317567,9:16,5,-1.987606,-5.2993102
sstk_image_623719328,16:9,4,-3.89202,-4.53358325
sstk_image_623719328,1:1,5,-1.076532,-1.7432566
sstk_image_623719328,3:4,5,-9.051693,-13.0840346
sstk_image_623719328,4:3,5,-1.031419,-1.0392592
sstk_image_623719328,9:16,5,-14.221921,-18.4521276
sstk_image_628725542,16:9,5,1.113062,1.064756
sstk_image_628725542,1:1,5,1.080987,0.768044
sstk_image_628725542,3:4,5,1.045792,0.17490600000000006
sstk_image_628725542,4:3,5,1.102888,1.0541118
sstk_image_628725542,9:16,5,0.995669,-2.4853084
sstk_image_631869536,16:9,2,-7.733307,-11.393721
sstk_image_631869536,1:1,5,-7.850216,-10.835919
sstk_image_631869536,3:4,5,-12.782029,-17.326311999999998
sstk_image_631869536,4:3,5,-1.118852,-1.8356168
sstk_image_631869536,9:16,5,-18.202146,-22.484333
sstk_image_635478968,16:9,5,1.054033,1.046219
sstk_image_635478968,1:1,5,-3.881455,-5.757524399999999
sstk_image_635478968,3:4,5,-7.768696,-11.119363799999999
sstk_image_635478968,4:3,5,-0.924421,-1.4333726
sstk_image_635478968,9:16,5,-12.888383,-16.9099122
sstk_image_652820224,16:9,5,0.967683,0.4090216
sstk_image_652820224,1:1,5,1.006956,0.9819164
sstk_image_652820224,3:4,5,1.020262,0.9897522000000001
sstk_image_652820224,4:3,5,1.005476,0.6231316
sstk_image_652820224,9:16,5,1.04298,0.9985990000000001
sstk_image_655292473,16:9,5,-8.721096,-13.416205199999998
sstk_image_655292473,1:1,5,-0.5293,-2.7795812
sstk_image_655292473,3:4,5,-3.505171,-4.5013072
sstk_image_655292473,4:3,5,-1.594183,-2.026888
sstk_image_655292473,9:16,1,-11.714121,-11.714121
sstk_image_662823373,16:9,5,-4.625648,-4.8747842
sstk_image_662823373,1:1,1,-10.49768,-10.49768
sstk_image_662823373,3:4,5,-11.962225,-15.6429218
sstk_image_662823373,4:3,2,-2.277864,-3.276133
sstk_image_662823373,9:16,5,-18.093205,-22.585904199999998
sstk_image_672381601,16:9,5,-20.447626,-24.6200404
sstk_image_672381601,1:1,4,-10.380502,-15.190415250000001
sstk_image_672381601,3:4,2,-1.757938,-1.851312
sstk_image_672381601,4:3,2,-20.206903,-22.182731500000003
sstk_image_672381601,9:16,2,-1.579311,-1.9435585
sstk_image_688883812,16:9,5,-2.354134,-9.5585032
sstk_image_688883812,1:1,5,-5.231806,-9.579832999999999
sstk_image_688883812,3:4,5,-9.540713,-13.775367600000001
sstk_image_688883812,4:3,5,-1.952973,-7.2167794
sstk_image_688883812,9:16,5,-15.226123,-19.479165799999997
sstk_image_694129027,16:9,5,-2.487189,-4.118915400000001
sstk_image_694129027,1:1,5,-5.183511,-7.8546186
sstk_image_694129027,3:4,5,-9.481089,-12.2166674
sstk_image_694129027,4:3,5,-1.918535,-2.6234578
sstk_image_694129027,9:16,5,-15.153164,-19.091922
sstk_image_695317549,16:9,5,-0.857087,-1.2144168
sstk_image_695317549,1:1,5,-0.875582,-2.6797794
sstk_image_695317549,3:4,5,-0.92864,-2.2357218000000003
sstk_image_695317549,4:3,5,-0.846538,-1.4509136
sstk_image_695317549,9:16,5,-1.011856,-1.4095582
sstk_image_709647808,16:9,5,-8.01889,-9.323400000000001
sstk_image_709647808,1:1,5,-1.021985,-2.8679894
sstk_image_709647808,3:4,5,1.077552,0.6149768
sstk_image_709647808,4:3,5,-4.056063,-5.191308
sstk_image_709647808,9:16,5,1.048701,0.6379112000000001
sstk_image_710926222,16:9,1,-5.398736,-5.398736
sstk_image_710926222,1:1,5,-11.123976,-15.123451800000002
sstk_image_710926222,3:4,5,-16.770798,-19.7107572
sstk_image_710926222,4:3,1,-1.67358,-1.67358
sstk_image_710926222,9:16,5,-21.988591,-26.195612399999998
sstk_image_712424092,16:9,5,-1.378851,-1.6501038000000001
sstk_image_712424092,1:1,5,-0.699364,-2.0497115999999997
sstk_image_712424092,3:4,5,-5.842279,-6.8353155999999995
sstk_image_712424092,4:3,5,1.050834,0.39825619999999995
sstk_image_712424092,9:16,5,-14.052918,-20.0557272
sstk_image_713624152,16:9,5,1.109716,1.0995865999999999
sstk_image_713624152,1:1,5,1.074356,-1.9176057999999998
sstk_image_713624152,3:4,5,-1.732633,-4.40854
sstk_image_713624152,4:3,5,1.121072,0.7025874
sstk_image_713624152,9:16,5,-4.951757,-8.605584400000001
sstk_image_715668874,16:9,5,1.098041,1.087408
sstk_image_715668874,1:1,5,1.072875,1.0652344
sstk_image_715668874,3:4,5,1.040087,1.0250492
sstk_image_715668874,4:3,5,1.100059,1.0781852
sstk_image_715668874,9:16,5,0.976334,-0.03512460000000002
sstk_image_716361730,16:9,5,-1.417885,-4.1688994
sstk_image_716361730,1:1,5,-1.408717,-5.7795764
sstk_image_716361730,3:4,5,-1.858293,-8.107951199999999
sstk_image_716361730,4:3,5,-1.387184,-5.1821154
sstk_image_716361730,9:16,5,-2.477657,-8.0656178
sstk_image_717375877,16:9,5,-3.749023,-4.3999718
sstk_image_717375877,1:1,5,-3.399497,-4.60646
sstk_image_717375877,3:4,5,-7.159384,-8.637644400000001
sstk_image_717375877,4:3,5,-0.928152,-1.2539152
sstk_image_717375877,9:16,5,-12.08589,-15.472021799999998
sstk_image_718774711,16:9,5,1.124027,0.17445080000000007
sstk_image_718774711,1:1,5,1.118151,0.5762807999999999
sstk_image_718774711,3:4,5,1.083003,0.6255674
sstk_image_718774711,4:3,5,1.118078,1.096426
sstk_image_718774711,9:16,5,1.069903,-1.8291398
sstk_image_727244851,16:9,5,-2.53617,-2.974398
sstk_image_727244851,1:1,5,-5.19999,-5.5770576
sstk_image_727244851,3:4,5,-9.482829,-10.4879604
sstk_image_727244851,4:3,5,-1.940576,-2.542551
sstk_image_727244851,9:16,5,-15.165938,-17.1781976
sstk_image_730919800,16:9,5,1.136181,1.1259176
sstk_image_730919800,1:1,5,1.142901,1.1227578
sstk_image_730919800,3:4,5,1.126348,1.1073705999999999
sstk_image_730919800,4:3,5,1.140829,1.1341138000000002
sstk_image_730919800,9:16,5,1.092269,0.37203739999999996
sstk_image_731468185,16:9,5,-22.893702,-28.311885999999998
sstk_image_731468185,1:1,5,-10.345053,-16.4840676
sstk_image_731468185,3:4,5,-6.078809,-7.1114071999999995
sstk_image_731468185,4:3,5,-15.174367,-22.602770800000002
sstk_image_731468185,9:16,5,-7.285664,-7.5662986000000005
sstk_image_736725859,16:9,5,1.08889,1.0519736
sstk_image_736725859,1:1,5,1.072296,-1.281071
sstk_image_736725859,3:4,5,-1.629878,-4.4460956
sstk_image_736725859,4:3,5,1.097457,0.7068422
sstk_image_736725859,9:16,5,-4.866748,-8.2657436
sstk_image_736911976,16:9,5,-2.519451,-5.617673999999999
sstk_image_736911976,1:1,5,-5.218264,-7.7456024
sstk_image_736911976,3:4,5,-9.495889,-12.817742800000001
sstk_image_736911976,4:3,5,-1.96225,-4.786204
sstk_image_736911976,9:16,5,-15.148097,-19.053913
sstk_image_737438290,16:9,5,-0.513001,-2.5228444
sstk_image_737438290,1:1,5,1.058757,0.6030188000000001
sstk_image_737438290,3:4,5,1.001128,-1.1259544000000001
sstk_image_737438290,4:3,5,1.069464,-0.5492082
sstk_image_737438290,9:16,5,-1.077223,-4.4108778
sstk_image_750443452,16:9,5,-0.856586,-6.3040596
sstk_image_750443452,1:1,5,-2.884013,-6.2056987999999995
sstk_image_750443452,3:4,5,-7.557463,-10.8808936
sstk_image_750443452,4:3,5,-1.072501,-3.6409
sstk_image_750443452,9:16,5,-11.174784,-14.529175400000003
sstk_image_751818739,16:9,5,-15.085843,-17.829837
sstk_image_751818739,1:1,5,-5.154617,-8.926844
sstk_image_751818739,3:4,5,-1.884471,-7.862955199999999
sstk_image_751818739,4:3,5,-9.423922,-15.0328592
sstk_image_751818739,9:16,5,-2.424993,-7.3661411999999995
sstk_image_754630714,16:9,5,-0.629284,-4.6149478
sstk_image_754630714,1:1,5,-2.097035,-7.5489006000000005
sstk_image_754630714,3:4,5,-4.546387,-9.916345
sstk_image_754630714,4:3,5,-0.627843,-4.6960712000000004
sstk_image_754630714,9:16,5,-6.088831,-10.4146892
sstk_image_780871396,16:9,5,-3.971026,-8.8475504
sstk_image_780871396,1:1,5,1.001556,-2.2777254
sstk_image_780871396,3:4,5,1.024923,-5.3232452
sstk_image_780871396,4:3,5,-1.003048,-3.5922446
sstk_image_780871396,9:16,5,1.016933,-8.805952600000001
sstk_image_78270664,16:9,5,1.021935,0.206779
sstk_image_78270664,1:1,5,1.007875,-0.30055419999999994
sstk_image_78270664,3:4,5,0.957955,-0.8016052
sstk_image_78270664,4:3,5,1.032129,0.25743780000000005
sstk_image_78270664,9:16,5,0.908697,-0.5421623999999999
sstk_image_791108359,16:9,5,1.044108,0.28584280000000006
sstk_image_791108359,1:1,5,1.036779,-1.6605476
sstk_image_791108359,3:4,5,-2.288086,-4.931005000000001
sstk_image_791108359,4:3,5,1.059566,1.0362452000000002
sstk_image_791108359,9:16,5,-5.617829,-9.338673400000001
sstk_image_7978291,16:9,5,-0.837925,-5.319793
sstk_image_7978291,1:1,5,-5.177097,-8.0846064
sstk_image_7978291,3:4,5,-9.432039,-13.0230546
sstk_image_7978291,4:3,5,-1.920969,-5.3594078
sstk_image_7978291,9:16,5,-15.102197,-19.916031
sstk_image_87183,16:9,5,1.053192,0.9929292000000001
sstk_image_87183,1:1,5,1.072405,0.6581492
sstk_image_87183,3:4,5,1.012152,0.03246539999999998
sstk_image_87183,4:3,5,1.057574,1.0004484
sstk_image_87183,9:16,5,0.96107,-1.5317148
