source_image_id,image_route_name_no_placement,image_v16_summary_mode_aux,image_flat_route_class_aux,image_route_family_v2,image_person_shot_type,image_context_intent,image_routing_confidence,positive_total,ar_mode_group_count,shown_crop_count,review_image,source_image,mode_counts_json,target_ar_counts_json,routing_v2_counts_json,flat_route_counts_json
sstk_image_1828217024,person_group,person_group,person_group|na|center|balanced|feasible,person_group,,balanced,0.99,12,10,10,data/SSTK/PhaseA_PhotoPrimary_10K_SigLIP2_v5_20260529/artifacts/training_labels_multimode/260609_v17_routing_v2_precompute_native_nofood_petstrict_cropstrict_nms_v5/crop_review_routing_v2_v17_precompute_native/panels_unified_220/panels/review_sstk_image_1828217024.jpg,data/SSTK/PhaseA_PhotoPrimary_10K_SigLIP2_v5_20260529/images/sstk_image_1828217024.jpg,"{""person_group_center"": 4, ""person_single_face_headshot_center"": 5, ""person_single_upper_half_body_center"": 2, ""scene_center"": 1}","{""16:9"": 1, ""1:1"": 3, ""3:4"": 3, ""4:3"": 1, ""9:16"": 1, ""FREE"": 3}","{""person_group/na/center/balanced/feasible"": 4, ""person_single/face_headshot/center/tight_subject/feasible"": 5, ""person_single/upper_half_body/center/balanced/feasible"": 2, ""scene/na/center/balanced/feasible"": 1}","{""person_group|na|center|balanced|feasible"": 4, ""person_single|face_headshot|center|tight_subject|feasible"": 5, ""person_single|upper_half_body|center|balanced|feasible"": 2, ""scene|na|center|balanced|feasible"": 1}"
pond5_image_134416372,person_group,person_group,person_group|na|center|balanced|feasible,person_group,,balanced,0.99,16,16,12,data/SSTK/PhaseA_PhotoPrimary_10K_SigLIP2_v5_20260529/artifacts/training_labels_multimode/260609_v17_routing_v2_precompute_native_nofood_petstrict_cropstrict_nms_v5/crop_review_routing_v2_v17_precompute_native/panels_unified_220/panels/review_pond5_image_134416372.jpg,data/SSTK/PhaseA_PhotoPrimary_10K_SigLIP2_v5_20260529/images/pond5_image_134416372.jpg,"{""person_group_center"": 4, ""person_group_rot"": 3, ""person_single_face_headshot_center"": 2, ""person_single_full_body_center"": 3, ""person_single_full_body_rot"": 2, ""scene_center"": 2}","{""16:9"": 2, ""1:1"": 4, ""3:4"": 2, ""4:3"": 3, ""9:16"": 1, ""FREE"": 4}","{""person_group/na/center/balanced/feasible"": 4, ""person_group/na/rot/balanced/feasible"": 3, ""person_single/face_headshot/center/tight_subject/feasible"": 2, ""person_single/full_body/center/balanced/feasible"": 3, ""person_single/full_body/rot/balanced/feasible"": 2, ""scene/na/center/balanced/feasible"": 2}","{""person_group|na|center|balanced|feasible"": 4, ""person_group|na|rot|balanced|feasible"": 3, ""person_single|face_headshot|center|tight_subject|feasible"": 2, ""person_single|full_body|center|balanced|feasible"": 3, ""person_single|full_body|rot|balanced|feasible"": 2, ""scene|na|center|balanced|feasible"": 2}"
bigstock_image_171246869,person_group,person_group,person_group|na|center|balanced|feasible,person_group,,balanced,0.99,17,17,12,data/SSTK/PhaseA_PhotoPrimary_10K_SigLIP2_v5_20260529/artifacts/training_labels_multimode/260609_v17_routing_v2_precompute_native_nofood_petstrict_cropstrict_nms_v5/crop_review_routing_v2_v17_precompute_native/panels_unified_220/panels/review_bigstock_image_171246869.jpg,data/SSTK/PhaseA_PhotoPrimary_10K_SigLIP2_v5_20260529/images/bigstock_image_171246869.jpg,"{""person_group_center"": 6, ""person_group_rot"": 5, ""person_single_full_body_center"": 3, ""person_single_full_body_rot"": 1, ""scene_center"": 2}","{""16:9"": 3, ""1:1"": 2, ""3:4"": 2, ""4:3"": 4, ""9:16"": 1, ""FREE"": 5}","{""person_group/na/center/balanced/feasible"": 6, ""person_group/na/rot/balanced/feasible"": 5, ""person_single/full_body/center/balanced/feasible"": 3, ""person_single/full_body/rot/balanced/feasible"": 1, ""scene/na/center/balanced/feasible"": 2}","{""person_group|na|center|balanced|feasible"": 6, ""person_group|na|rot|balanced|feasible"": 5, ""person_single|full_body|center|balanced|feasible"": 3, ""person_single|full_body|rot|balanced|feasible"": 1, ""scene|na|center|balanced|feasible"": 2}"
sstk_image_1469762474,person_group,person_group,person_group|na|center|balanced|feasible,person_group,,balanced,0.99,37,29,12,data/SSTK/PhaseA_PhotoPrimary_10K_SigLIP2_v5_20260529/artifacts/training_labels_multimode/260609_v17_routing_v2_precompute_native_nofood_petstrict_cropstrict_nms_v5/crop_review_routing_v2_v17_precompute_native/panels_unified_220/panels/review_sstk_image_1469762474.jpg,data/SSTK/PhaseA_PhotoPrimary_10K_SigLIP2_v5_20260529/images/sstk_image_1469762474.jpg,"{""person_group_center"": 4, ""person_single_face_headshot_center"": 12, ""person_single_full_body_center"": 4, ""person_single_full_body_rot"": 5, ""pet_dogcat_center"": 5, ""pet_dogcat_rot"": 6, ""scene_center"": 1}","{""16:9"": 3, ""1:1"": 7, ""3:4"": 9, ""4:3"": 4, ""9:16"": 6, ""FREE"": 8}","{""person_group/na/center/balanced/feasible"": 4, ""person_single/face_headshot/center/tight_subject/feasible"": 12, ""person_single/full_body/center/balanced/feasible"": 4, ""person_single/full_body/rot/balanced/feasible"": 5, ""pet_dogcat/na/center/tight_subject/feasible"": 5, ""pet_dogcat/na/rot/balanced/feasible"": 6, ""scene/na/center/balanced/feasible"": 1}","{""person_group|na|center|balanced|feasible"": 4, ""person_single|face_headshot|center|tight_subject|feasible"": 12, ""person_single|full_body|center|balanced|feasible"": 4, ""person_single|full_body|rot|balanced|feasible"": 5, ""pet_dogcat|na|center|tight_subject|feasible"": 5, ""pet_dogcat|na|rot|balanced|feasible"": 6, ""scene|na|center|balanced|feasible"": 1}"
bigstock_image_247678465,person_group,person_group,person_group|na|center|balanced|feasible,person_group,,balanced,0.99,10,10,10,data/SSTK/PhaseA_PhotoPrimary_10K_SigLIP2_v5_20260529/artifacts/training_labels_multimode/260609_v17_routing_v2_precompute_native_nofood_petstrict_cropstrict_nms_v5/crop_review_routing_v2_v17_precompute_native/panels_unified_220/panels/review_bigstock_image_247678465.jpg,data/SSTK/PhaseA_PhotoPrimary_10K_SigLIP2_v5_20260529/images/bigstock_image_247678465.jpg,"{""person_group_center"": 4, ""person_single_face_headshot_center"": 3, ""scene_center"": 3}","{""16:9"": 2, ""1:1"": 2, ""3:4"": 1, ""4:3"": 2, ""9:16"": 1, ""FREE"": 2}","{""person_group/na/center/balanced/feasible"": 4, ""person_single/face_headshot/center/tight_subject/feasible"": 3, ""scene/na/center/balanced/feasible"": 3}","{""person_group|na|center|balanced|feasible"": 4, ""person_single|face_headshot|center|tight_subject|feasible"": 3, ""scene|na|center|balanced|feasible"": 3}"
sstk_image_1868890951,person_group,person_group,person_group|na|center|balanced|feasible,person_group,,balanced,0.99,19,19,12,data/SSTK/PhaseA_PhotoPrimary_10K_SigLIP2_v5_20260529/artifacts/training_labels_multimode/260609_v17_routing_v2_precompute_native_nofood_petstrict_cropstrict_nms_v5/crop_review_routing_v2_v17_precompute_native/panels_unified_220/panels/review_sstk_image_1868890951.jpg,data/SSTK/PhaseA_PhotoPrimary_10K_SigLIP2_v5_20260529/images/sstk_image_1868890951.jpg,"{""person_group_center"": 5, ""person_group_rot"": 4, ""person_single_face_headshot_center"": 2, ""person_single_full_body_center"": 3, ""person_single_full_body_rot"": 3, ""scene_center"": 2}","{""16:9"": 4, ""1:1"": 3, ""3:4"": 2, ""4:3"": 5, ""FREE"": 5}","{""person_group/na/center/balanced/feasible"": 5, ""person_group/na/rot/balanced/feasible"": 4, ""person_single/face_headshot/center/tight_subject/feasible"": 2, ""person_single/full_body/center/balanced/feasible"": 3, ""person_single/full_body/rot/balanced/feasible"": 3, ""scene/na/center/balanced/feasible"": 2}","{""person_group|na|center|balanced|feasible"": 5, ""person_group|na|rot|balanced|feasible"": 4, ""person_single|face_headshot|center|tight_subject|feasible"": 2, ""person_single|full_body|center|balanced|feasible"": 3, ""person_single|full_body|rot|balanced|feasible"": 3, ""scene|na|center|balanced|feasible"": 2}"
sstk_image_183318698,person_group,person_group,person_group|na|center|balanced|feasible,person_group,,balanced,0.99,24,24,12,data/SSTK/PhaseA_PhotoPrimary_10K_SigLIP2_v5_20260529/artifacts/training_labels_multimode/260609_v17_routing_v2_precompute_native_nofood_petstrict_cropstrict_nms_v5/crop_review_routing_v2_v17_precompute_native/panels_unified_220/panels/review_sstk_image_183318698.jpg,data/SSTK/PhaseA_PhotoPrimary_10K_SigLIP2_v5_20260529/images/sstk_image_183318698.jpg,"{""person_group_center"": 6, ""person_group_rot"": 6, ""person_single_full_body_center"": 5, ""person_single_full_body_rot"": 5, ""scene_center"": 2}","{""16:9"": 4, ""1:1"": 4, ""3:4"": 4, ""4:3"": 5, ""9:16"": 2, ""FREE"": 5}","{""person_group/na/center/balanced/feasible"": 6, ""person_group/na/rot/balanced/feasible"": 6, ""person_single/full_body/center/balanced/feasible"": 5, ""person_single/full_body/rot/balanced/feasible"": 5, ""scene/na/center/balanced/feasible"": 2}","{""person_group|na|center|balanced|feasible"": 6, ""person_group|na|rot|balanced|feasible"": 6, ""person_single|full_body|center|balanced|feasible"": 5, ""person_single|full_body|rot|balanced|feasible"": 5, ""scene|na|center|balanced|feasible"": 2}"
sstk_image_758094478,person_group,person_group,person_group|na|center|balanced|feasible,person_group,,balanced,0.99,18,18,12,data/SSTK/PhaseA_PhotoPrimary_10K_SigLIP2_v5_20260529/artifacts/training_labels_multimode/260609_v17_routing_v2_precompute_native_nofood_petstrict_cropstrict_nms_v5/crop_review_routing_v2_v17_precompute_native/panels_unified_220/panels/review_sstk_image_758094478.jpg,data/SSTK/PhaseA_PhotoPrimary_10K_SigLIP2_v5_20260529/images/sstk_image_758094478.jpg,"{""person_group_center"": 6, ""person_group_rot"": 4, ""person_single_face_headshot_center"": 2, ""scene_center"": 6}","{""16:9"": 3, ""1:1"": 4, ""3:4"": 3, ""4:3"": 3, ""9:16"": 2, ""FREE"": 3}","{""person_group/na/center/balanced/feasible"": 6, ""person_group/na/rot/balanced/feasible"": 4, ""person_single/face_headshot/center/tight_subject/feasible"": 2, ""scene/na/center/balanced/feasible"": 6}","{""person_group|na|center|balanced|feasible"": 6, ""person_group|na|rot|balanced|feasible"": 4, ""person_single|face_headshot|center|tight_subject|feasible"": 2, ""scene|na|center|balanced|feasible"": 6}"
sstk_image_789389968,person_group,person_group,person_group|na|center|balanced|feasible,person_group,,balanced,0.99,16,16,12,data/SSTK/PhaseA_PhotoPrimary_10K_SigLIP2_v5_20260529/artifacts/training_labels_multimode/260609_v17_routing_v2_precompute_native_nofood_petstrict_cropstrict_nms_v5/crop_review_routing_v2_v17_precompute_native/panels_unified_220/panels/review_sstk_image_789389968.jpg,data/SSTK/PhaseA_PhotoPrimary_10K_SigLIP2_v5_20260529/images/sstk_image_789389968.jpg,"{""person_group_center"": 4, ""person_group_rot"": 4, ""person_single_upper_half_body_center"": 4, ""person_single_upper_half_body_rot"": 4}","{""1:1"": 4, ""3:4"": 4, ""9:16"": 4, ""FREE"": 4}","{""person_group/na/center/balanced/feasible"": 4, ""person_group/na/rot/balanced/feasible"": 4, ""person_single/upper_half_body/center/balanced/feasible"": 4, ""person_single/upper_half_body/rot/balanced/feasible"": 4}","{""person_group|na|center|balanced|feasible"": 4, ""person_group|na|rot|balanced|feasible"": 4, ""person_single|upper_half_body|center|balanced|feasible"": 4, ""person_single|upper_half_body|rot|balanced|feasible"": 4}"
pond5_image_89334168,person_group,person_group,person_group|na|center|balanced|feasible,person_group,,balanced,0.99,24,21,12,data/SSTK/PhaseA_PhotoPrimary_10K_SigLIP2_v5_20260529/artifacts/training_labels_multimode/260609_v17_routing_v2_precompute_native_nofood_petstrict_cropstrict_nms_v5/crop_review_routing_v2_v17_precompute_native/panels_unified_220/panels/review_pond5_image_89334168.jpg,data/SSTK/PhaseA_PhotoPrimary_10K_SigLIP2_v5_20260529/images/pond5_image_89334168.jpg,"{""person_group_center"": 4, ""person_group_rot"": 4, ""person_single_face_headshot_center"": 3, ""person_single_full_body_center"": 7, ""person_single_full_body_rot"": 4, ""scene_center"": 2}","{""1:1"": 5, ""3:4"": 7, ""9:16"": 5, ""FREE"": 7}","{""person_group/na/center/balanced/feasible"": 4, ""person_group/na/rot/balanced/feasible"": 4, ""person_single/face_headshot/center/tight_subject/feasible"": 3, ""person_single/full_body/center/balanced/feasible"": 7, ""person_single/full_body/rot/balanced/feasible"": 4, ""scene/na/center/balanced/feasible"": 2}","{""person_group|na|center|balanced|feasible"": 4, ""person_group|na|rot|balanced|feasible"": 4, ""person_single|face_headshot|center|tight_subject|feasible"": 3, ""person_single|full_body|center|balanced|feasible"": 7, ""person_single|full_body|rot|balanced|feasible"": 4, ""scene|na|center|balanced|feasible"": 2}"
bigstock_image_249893989,person_single_upper_half_body,person_single_upper_half_body,person_single|upper_half_body|center|balanced|feasible,person_single,upper_half_body,balanced,0.95,7,7,7,data/SSTK/PhaseA_PhotoPrimary_10K_SigLIP2_v5_20260529/artifacts/training_labels_multimode/260609_v17_routing_v2_precompute_native_nofood_petstrict_cropstrict_nms_v5/crop_review_routing_v2_v17_precompute_native/panels_unified_220/panels/review_bigstock_image_249893989.jpg,data/SSTK/PhaseA_PhotoPrimary_10K_SigLIP2_v5_20260529/images/bigstock_image_249893989.jpg,"{""person_single_face_headshot_center"": 5, ""scene_center"": 2}","{""16:9"": 1, ""1:1"": 1, ""3:4"": 1, ""4:3"": 1, ""9:16"": 1, ""FREE"": 2}","{""person_single/face_headshot/center/tight_subject/feasible"": 5, ""scene/na/center/balanced/feasible"": 2}","{""person_single|face_headshot|center|tight_subject|feasible"": 5, ""scene|na|center|balanced|feasible"": 2}"
sstk_image_322792556,person_single_upper_half_body,person_single_upper_half_body,person_single|upper_half_body|center|balanced|feasible,person_single,upper_half_body,balanced,0.83,10,10,10,data/SSTK/PhaseA_PhotoPrimary_10K_SigLIP2_v5_20260529/artifacts/training_labels_multimode/260609_v17_routing_v2_precompute_native_nofood_petstrict_cropstrict_nms_v5/crop_review_routing_v2_v17_precompute_native/panels_unified_220/panels/review_sstk_image_322792556.jpg,data/SSTK/PhaseA_PhotoPrimary_10K_SigLIP2_v5_20260529/images/sstk_image_322792556.jpg,"{""person_single_face_headshot_center"": 5, ""person_single_upper_half_body_center"": 2, ""scene_center"": 3}","{""16:9"": 1, ""1:1"": 1, ""3:4"": 3, ""4:3"": 1, ""9:16"": 1, ""FREE"": 3}","{""person_single/face_headshot/center/tight_subject/feasible"": 5, ""person_single/upper_half_body/center/balanced/feasible"": 2, ""scene/na/center/balanced/feasible"": 3}","{""person_single|face_headshot|center|tight_subject|feasible"": 5, ""person_single|upper_half_body|center|balanced|feasible"": 2, ""scene|na|center|balanced|feasible"": 3}"
bigstock_image_406393328,person_single_upper_half_body,person_single_upper_half_body,person_single|upper_half_body|center|balanced|feasible,person_single,upper_half_body,balanced,0.95,11,11,11,data/SSTK/PhaseA_PhotoPrimary_10K_SigLIP2_v5_20260529/artifacts/training_labels_multimode/260609_v17_routing_v2_precompute_native_nofood_petstrict_cropstrict_nms_v5/crop_review_routing_v2_v17_precompute_native/panels_unified_220/panels/review_bigstock_image_406393328.jpg,data/SSTK/PhaseA_PhotoPrimary_10K_SigLIP2_v5_20260529/images/bigstock_image_406393328.jpg,"{""person_single_face_headshot_center"": 6, ""person_single_upper_half_body_center"": 2, ""person_single_upper_half_body_rot"": 1, ""scene_center"": 2}","{""16:9"": 1, ""1:1"": 1, ""3:4"": 3, ""4:3"": 1, ""9:16"": 1, ""FREE"": 4}","{""person_single/face_headshot/center/tight_subject/feasible"": 6, ""person_single/upper_half_body/center/balanced/feasible"": 2, ""person_single/upper_half_body/rot/balanced/feasible"": 1, ""scene/na/center/balanced/feasible"": 2}","{""person_single|face_headshot|center|tight_subject|feasible"": 6, ""person_single|upper_half_body|center|balanced|feasible"": 2, ""person_single|upper_half_body|rot|balanced|feasible"": 1, ""scene|na|center|balanced|feasible"": 2}"
pond5_image_132742379,person_single_upper_half_body,person_single_upper_half_body,person_single|upper_half_body|center|balanced|feasible,person_single,upper_half_body,balanced,0.95,8,8,8,data/SSTK/PhaseA_PhotoPrimary_10K_SigLIP2_v5_20260529/artifacts/training_labels_multimode/260609_v17_routing_v2_precompute_native_nofood_petstrict_cropstrict_nms_v5/crop_review_routing_v2_v17_precompute_native/panels_unified_220/panels/review_pond5_image_132742379.jpg,data/SSTK/PhaseA_PhotoPrimary_10K_SigLIP2_v5_20260529/images/pond5_image_132742379.jpg,"{""person_single_face_headshot_center"": 6, ""scene_center"": 2}","{""16:9"": 1, ""1:1"": 1, ""3:4"": 2, ""4:3"": 1, ""9:16"": 1, ""FREE"": 2}","{""person_single/face_headshot/center/tight_subject/feasible"": 6, ""scene/na/center/balanced/feasible"": 2}","{""person_single|face_headshot|center|tight_subject|feasible"": 6, ""scene|na|center|balanced|feasible"": 2}"
bigstock_image_85050737,person_group,person_group,person_group|na|center|balanced|feasible,person_group,,balanced,0.99,8,8,8,data/SSTK/PhaseA_PhotoPrimary_10K_SigLIP2_v5_20260529/artifacts/training_labels_multimode/260609_v17_routing_v2_precompute_native_nofood_petstrict_cropstrict_nms_v5/crop_review_routing_v2_v17_precompute_native/panels_unified_220/panels/review_bigstock_image_85050737.jpg,data/SSTK/PhaseA_PhotoPrimary_10K_SigLIP2_v5_20260529/images/bigstock_image_85050737.jpg,"{""person_single_face_headshot_center"": 6, ""scene_center"": 2}","{""16:9"": 1, ""1:1"": 1, ""3:4"": 1, ""4:3"": 2, ""9:16"": 1, ""FREE"": 2}","{""person_single/face_headshot/center/tight_subject/feasible"": 6, ""scene/na/center/balanced/feasible"": 2}","{""person_single|face_headshot|center|tight_subject|feasible"": 6, ""scene|na|center|balanced|feasible"": 2}"
pond5_image_32016262,person_single_full_body,person_single_full_body,person_single|full_body|center|environmental|feasible,person_single,full_body,environmental,0.99,27,27,12,data/SSTK/PhaseA_PhotoPrimary_10K_SigLIP2_v5_20260529/artifacts/training_labels_multimode/260609_v17_routing_v2_precompute_native_nofood_petstrict_cropstrict_nms_v5/crop_review_routing_v2_v17_precompute_native/panels_unified_220/panels/review_pond5_image_32016262.jpg,data/SSTK/PhaseA_PhotoPrimary_10K_SigLIP2_v5_20260529/images/pond5_image_32016262.jpg,"{""person_single_face_headshot_center"": 3, ""person_single_full_body_center"": 6, ""person_single_full_body_rot"": 5, ""person_single_upper_half_body_center"": 4, ""person_single_upper_half_body_rot"": 4, ""scene_center"": 5}","{""16:9"": 5, ""1:1"": 5, ""3:4"": 5, ""4:3"": 5, ""9:16"": 2, ""FREE"": 5}","{""person_single/face_headshot/center/tight_subject/feasible"": 3, ""person_single/full_body/center/balanced/feasible"": 6, ""person_single/full_body/rot/balanced/feasible"": 5, ""person_single/upper_half_body/center/balanced/feasible"": 4, ""person_single/upper_half_body/rot/balanced/feasible"": 4, ""scene/na/center/balanced/feasible"": 5}","{""person_single|face_headshot|center|tight_subject|feasible"": 3, ""person_single|full_body|center|balanced|feasible"": 6, ""person_single|full_body|rot|balanced|feasible"": 5, ""person_single|upper_half_body|center|balanced|feasible"": 4, ""person_single|upper_half_body|rot|balanced|feasible"": 4, ""scene|na|center|balanced|feasible"": 5}"
sstk_image_1214980858,person_group,person_group,person_group|na|center|balanced|feasible,person_group,,balanced,0.99,16,16,12,data/SSTK/PhaseA_PhotoPrimary_10K_SigLIP2_v5_20260529/artifacts/training_labels_multimode/260609_v17_routing_v2_precompute_native_nofood_petstrict_cropstrict_nms_v5/crop_review_routing_v2_v17_precompute_native/panels_unified_220/panels/review_sstk_image_1214980858.jpg,data/SSTK/PhaseA_PhotoPrimary_10K_SigLIP2_v5_20260529/images/sstk_image_1214980858.jpg,"{""person_group_center"": 3, ""person_group_rot"": 3, ""person_single_full_body_center"": 3, ""person_single_full_body_rot"": 2, ""person_single_upper_half_body_center"": 3, ""person_single_upper_half_body_rot"": 1, ""scene_center"": 1}","{""3:4"": 6, ""9:16"": 4, ""FREE"": 6}","{""person_group/na/center/balanced/feasible"": 3, ""person_group/na/rot/balanced/feasible"": 3, ""person_single/full_body/center/balanced/feasible"": 3, ""person_single/full_body/rot/balanced/feasible"": 2, ""person_single/upper_half_body/center/balanced/feasible"": 3, ""person_single/upper_half_body/rot/balanced/feasible"": 1, ""scene/na/center/balanced/feasible"": 1}","{""person_group|na|center|balanced|feasible"": 3, ""person_group|na|rot|balanced|feasible"": 3, ""person_single|full_body|center|balanced|feasible"": 3, ""person_single|full_body|rot|balanced|feasible"": 2, ""person_single|upper_half_body|center|balanced|feasible"": 3, ""person_single|upper_half_body|rot|balanced|feasible"": 1, ""scene|na|center|balanced|feasible"": 1}"
sstk_image_80436817,pet_dogcat,pet_dogcat,pet_dogcat|na|center|tight_subject|feasible,pet_dogcat,,tight_subject,0.732978,14,14,12,data/SSTK/PhaseA_PhotoPrimary_10K_SigLIP2_v5_20260529/artifacts/training_labels_multimode/260609_v17_routing_v2_precompute_native_nofood_petstrict_cropstrict_nms_v5/crop_review_routing_v2_v17_precompute_native/panels_unified_220/panels/review_sstk_image_80436817.jpg,data/SSTK/PhaseA_PhotoPrimary_10K_SigLIP2_v5_20260529/images/sstk_image_80436817.jpg,"{""person_single_face_headshot_center"": 3, ""person_single_full_body_center"": 5, ""person_single_full_body_rot"": 4, ""scene_center"": 2}","{""16:9"": 1, ""1:1"": 3, ""3:4"": 3, ""4:3"": 3, ""9:16"": 1, ""FREE"": 3}","{""person_single/face_headshot/center/tight_subject/feasible"": 3, ""person_single/full_body/center/balanced/feasible"": 5, ""person_single/full_body/rot/balanced/feasible"": 4, ""scene/na/center/balanced/feasible"": 2}","{""person_single|face_headshot|center|tight_subject|feasible"": 3, ""person_single|full_body|center|balanced|feasible"": 5, ""person_single|full_body|rot|balanced|feasible"": 4, ""scene|na|center|balanced|feasible"": 2}"
pond5_image_154713039,person_single_full_body,person_single_full_body,person_single|full_body|center|environmental|feasible,person_single,full_body,environmental,0.99,11,11,11,data/SSTK/PhaseA_PhotoPrimary_10K_SigLIP2_v5_20260529/artifacts/training_labels_multimode/260609_v17_routing_v2_precompute_native_nofood_petstrict_cropstrict_nms_v5/crop_review_routing_v2_v17_precompute_native/panels_unified_220/panels/review_pond5_image_154713039.jpg,data/SSTK/PhaseA_PhotoPrimary_10K_SigLIP2_v5_20260529/images/pond5_image_154713039.jpg,"{""person_single_face_headshot_center"": 3, ""person_single_full_body_center"": 3, ""person_single_full_body_rot"": 3, ""scene_center"": 2}","{""1:1"": 1, ""3:4"": 4, ""9:16"": 2, ""FREE"": 4}","{""person_single/face_headshot/center/tight_subject/feasible"": 3, ""person_single/full_body/center/balanced/feasible"": 3, ""person_single/full_body/rot/balanced/feasible"": 3, ""scene/na/center/balanced/feasible"": 2}","{""person_single|face_headshot|center|tight_subject|feasible"": 3, ""person_single|full_body|center|balanced|feasible"": 3, ""person_single|full_body|rot|balanced|feasible"": 3, ""scene|na|center|balanced|feasible"": 2}"
sstk_image_2038199129,person_group,person_group,person_group|na|center|balanced|feasible,person_group,,balanced,0.99,17,14,12,data/SSTK/PhaseA_PhotoPrimary_10K_SigLIP2_v5_20260529/artifacts/training_labels_multimode/260609_v17_routing_v2_precompute_native_nofood_petstrict_cropstrict_nms_v5/crop_review_routing_v2_v17_precompute_native/panels_unified_220/panels/review_sstk_image_2038199129.jpg,data/SSTK/PhaseA_PhotoPrimary_10K_SigLIP2_v5_20260529/images/sstk_image_2038199129.jpg,"{""person_group_center"": 3, ""person_single_face_headshot_center"": 4, ""person_single_full_body_center"": 5, ""person_single_full_body_rot"": 4, ""scene_center"": 1}","{""1:1"": 1, ""3:4"": 4, ""9:16"": 6, ""FREE"": 6}","{""person_group/na/center/balanced/feasible"": 3, ""person_single/face_headshot/center/tight_subject/feasible"": 4, ""person_single/full_body/center/balanced/feasible"": 5, ""person_single/full_body/rot/balanced/feasible"": 4, ""scene/na/center/balanced/feasible"": 1}","{""person_group|na|center|balanced|feasible"": 3, ""person_single|face_headshot|center|tight_subject|feasible"": 4, ""person_single|full_body|center|balanced|feasible"": 5, ""person_single|full_body|rot|balanced|feasible"": 4, ""scene|na|center|balanced|feasible"": 1}"
sstk_image_1926075149,person_group,person_group,person_group|na|center|balanced|feasible,person_group,,balanced,0.99,19,19,12,data/SSTK/PhaseA_PhotoPrimary_10K_SigLIP2_v5_20260529/artifacts/training_labels_multimode/260609_v17_routing_v2_precompute_native_nofood_petstrict_cropstrict_nms_v5/crop_review_routing_v2_v17_precompute_native/panels_unified_220/panels/review_sstk_image_1926075149.jpg,data/SSTK/PhaseA_PhotoPrimary_10K_SigLIP2_v5_20260529/images/sstk_image_1926075149.jpg,"{""person_single_face_headshot_center"": 2, ""person_single_full_body_center"": 5, ""person_single_full_body_rot"": 5, ""person_single_upper_half_body_center"": 1, ""person_single_upper_half_body_rot"": 1, ""scene_center"": 5}","{""16:9"": 3, ""1:1"": 4, ""3:4"": 4, ""4:3"": 5, ""FREE"": 3}","{""person_single/face_headshot/center/tight_subject/feasible"": 2, ""person_single/full_body/center/balanced/feasible"": 5, ""person_single/full_body/rot/balanced/feasible"": 5, ""person_single/upper_half_body/center/balanced/feasible"": 1, ""person_single/upper_half_body/rot/balanced/feasible"": 1, ""scene/na/center/balanced/feasible"": 5}","{""person_single|face_headshot|center|tight_subject|feasible"": 2, ""person_single|full_body|center|balanced|feasible"": 5, ""person_single|full_body|rot|balanced|feasible"": 5, ""person_single|upper_half_body|center|balanced|feasible"": 1, ""person_single|upper_half_body|rot|balanced|feasible"": 1, ""scene|na|center|balanced|feasible"": 5}"
sstk_image_691013635,scene,scene,scene|na|center|balanced|feasible,scene,,balanced,0.6,17,17,12,data/SSTK/PhaseA_PhotoPrimary_10K_SigLIP2_v5_20260529/artifacts/training_labels_multimode/260609_v17_routing_v2_precompute_native_nofood_petstrict_cropstrict_nms_v5/crop_review_routing_v2_v17_precompute_native/panels_unified_220/panels/review_sstk_image_691013635.jpg,data/SSTK/PhaseA_PhotoPrimary_10K_SigLIP2_v5_20260529/images/sstk_image_691013635.jpg,"{""person_single_face_headshot_center"": 2, ""person_single_full_body_center"": 3, ""person_single_full_body_rot"": 6, ""scene_center"": 6}","{""16:9"": 2, ""1:1"": 4, ""3:4"": 3, ""4:3"": 3, ""9:16"": 2, ""FREE"": 3}","{""person_single/face_headshot/center/tight_subject/feasible"": 2, ""person_single/full_body/center/balanced/feasible"": 3, ""person_single/full_body/rot/balanced/feasible"": 6, ""scene/na/center/balanced/feasible"": 6}","{""person_single|face_headshot|center|tight_subject|feasible"": 2, ""person_single|full_body|center|balanced|feasible"": 3, ""person_single|full_body|rot|balanced|feasible"": 6, ""scene|na|center|balanced|feasible"": 6}"
sstk_image_2231373703,person_single_full_body,person_single_full_body,person_single|full_body|center|environmental|feasible,person_single,full_body,environmental,0.99,20,20,12,data/SSTK/PhaseA_PhotoPrimary_10K_SigLIP2_v5_20260529/artifacts/training_labels_multimode/260609_v17_routing_v2_precompute_native_nofood_petstrict_cropstrict_nms_v5/crop_review_routing_v2_v17_precompute_native/panels_unified_220/panels/review_sstk_image_2231373703.jpg,data/SSTK/PhaseA_PhotoPrimary_10K_SigLIP2_v5_20260529/images/sstk_image_2231373703.jpg,"{""person_single_face_headshot_center"": 3, ""person_single_full_body_center"": 5, ""person_single_full_body_rot"": 6, ""scene_center"": 6}","{""16:9"": 3, ""1:1"": 4, ""3:4"": 4, ""4:3"": 3, ""9:16"": 3, ""FREE"": 3}","{""person_single/face_headshot/center/tight_subject/feasible"": 3, ""person_single/full_body/center/balanced/feasible"": 5, ""person_single/full_body/rot/balanced/feasible"": 6, ""scene/na/center/balanced/feasible"": 6}","{""person_single|face_headshot|center|tight_subject|feasible"": 3, ""person_single|full_body|center|balanced|feasible"": 5, ""person_single|full_body|rot|balanced|feasible"": 6, ""scene|na|center|balanced|feasible"": 6}"
pond5_image_93483498,person_single_full_body,person_single_full_body,person_single|full_body|center|environmental|feasible,person_single,full_body,environmental,0.99,14,14,12,data/SSTK/PhaseA_PhotoPrimary_10K_SigLIP2_v5_20260529/artifacts/training_labels_multimode/260609_v17_routing_v2_precompute_native_nofood_petstrict_cropstrict_nms_v5/crop_review_routing_v2_v17_precompute_native/panels_unified_220/panels/review_pond5_image_93483498.jpg,data/SSTK/PhaseA_PhotoPrimary_10K_SigLIP2_v5_20260529/images/pond5_image_93483498.jpg,"{""person_single_face_headshot_center"": 3, ""person_single_full_body_center"": 3, ""person_single_full_body_rot"": 5, ""scene_center"": 3}","{""16:9"": 3, ""1:1"": 2, ""3:4"": 2, ""4:3"": 3, ""9:16"": 1, ""FREE"": 3}","{""person_single/face_headshot/center/tight_subject/feasible"": 3, ""person_single/full_body/center/balanced/feasible"": 3, ""person_single/full_body/rot/balanced/feasible"": 5, ""scene/na/center/balanced/feasible"": 3}","{""person_single|face_headshot|center|tight_subject|feasible"": 3, ""person_single|full_body|center|balanced|feasible"": 3, ""person_single|full_body|rot|balanced|feasible"": 5, ""scene|na|center|balanced|feasible"": 3}"
bigstock_image_205164628,person_single_full_body,person_single_full_body,person_single|full_body|center|environmental|feasible,person_single,full_body,environmental,0.99,12,12,12,data/SSTK/PhaseA_PhotoPrimary_10K_SigLIP2_v5_20260529/artifacts/training_labels_multimode/260609_v17_routing_v2_precompute_native_nofood_petstrict_cropstrict_nms_v5/crop_review_routing_v2_v17_precompute_native/panels_unified_220/panels/review_bigstock_image_205164628.jpg,data/SSTK/PhaseA_PhotoPrimary_10K_SigLIP2_v5_20260529/images/bigstock_image_205164628.jpg,"{""person_single_face_headshot_center"": 3, ""person_single_full_body_center"": 4, ""person_single_full_body_rot"": 3, ""scene_center"": 2}","{""1:1"": 2, ""3:4"": 3, ""4:3"": 1, ""9:16"": 3, ""FREE"": 3}","{""person_single/face_headshot/center/tight_subject/feasible"": 3, ""person_single/full_body/center/balanced/feasible"": 4, ""person_single/full_body/rot/balanced/feasible"": 3, ""scene/na/center/balanced/feasible"": 2}","{""person_single|face_headshot|center|tight_subject|feasible"": 3, ""person_single|full_body|center|balanced|feasible"": 4, ""person_single|full_body|rot|balanced|feasible"": 3, ""scene|na|center|balanced|feasible"": 2}"
pond5_image_150434183,person_single_upper_half_body,person_single_upper_half_body,person_single|upper_half_body|center|environmental|feasible,person_single,upper_half_body,environmental,0.99,18,18,12,data/SSTK/PhaseA_PhotoPrimary_10K_SigLIP2_v5_20260529/artifacts/training_labels_multimode/260609_v17_routing_v2_precompute_native_nofood_petstrict_cropstrict_nms_v5/crop_review_routing_v2_v17_precompute_native/panels_unified_220/panels/review_pond5_image_150434183.jpg,data/SSTK/PhaseA_PhotoPrimary_10K_SigLIP2_v5_20260529/images/pond5_image_150434183.jpg,"{""person_single_face_headshot_center"": 3, ""person_single_upper_half_body_center"": 5, ""person_single_upper_half_body_rot"": 4, ""scene_center"": 6}","{""16:9"": 1, ""1:1"": 4, ""3:4"": 4, ""4:3"": 2, ""9:16"": 3, ""FREE"": 4}","{""person_single/face_headshot/center/tight_subject/feasible"": 3, ""person_single/upper_half_body/center/balanced/feasible"": 5, ""person_single/upper_half_body/rot/balanced/feasible"": 4, ""scene/na/center/balanced/feasible"": 6}","{""person_single|face_headshot|center|tight_subject|feasible"": 3, ""person_single|upper_half_body|center|balanced|feasible"": 5, ""person_single|upper_half_body|rot|balanced|feasible"": 4, ""scene|na|center|balanced|feasible"": 6}"
sstk_image_2003868074,person_single_upper_half_body,person_single_upper_half_body,person_single|upper_half_body|center|environmental|feasible,person_single,upper_half_body,environmental,0.99,14,14,12,data/SSTK/PhaseA_PhotoPrimary_10K_SigLIP2_v5_20260529/artifacts/training_labels_multimode/260609_v17_routing_v2_precompute_native_nofood_petstrict_cropstrict_nms_v5/crop_review_routing_v2_v17_precompute_native/panels_unified_220/panels/review_sstk_image_2003868074.jpg,data/SSTK/PhaseA_PhotoPrimary_10K_SigLIP2_v5_20260529/images/sstk_image_2003868074.jpg,"{""person_single_face_headshot_center"": 6, ""person_single_upper_half_body_center"": 4, ""person_single_upper_half_body_rot"": 3, ""scene_center"": 1}","{""16:9"": 1, ""1:1"": 2, ""3:4"": 3, ""4:3"": 1, ""9:16"": 3, ""FREE"": 4}","{""person_single/face_headshot/center/tight_subject/feasible"": 6, ""person_single/upper_half_body/center/balanced/feasible"": 4, ""person_single/upper_half_body/rot/balanced/feasible"": 3, ""scene/na/center/balanced/feasible"": 1}","{""person_single|face_headshot|center|tight_subject|feasible"": 6, ""person_single|upper_half_body|center|balanced|feasible"": 4, ""person_single|upper_half_body|rot|balanced|feasible"": 3, ""scene|na|center|balanced|feasible"": 1}"
bigstock_image_452973083,person_single_face_headshot,person_single_face_headshot,person_single|face_headshot|center|tight_subject|feasible,person_single,face_headshot,tight_subject,0.83,14,14,12,data/SSTK/PhaseA_PhotoPrimary_10K_SigLIP2_v5_20260529/artifacts/training_labels_multimode/260609_v17_routing_v2_precompute_native_nofood_petstrict_cropstrict_nms_v5/crop_review_routing_v2_v17_precompute_native/panels_unified_220/panels/review_bigstock_image_452973083.jpg,data/SSTK/PhaseA_PhotoPrimary_10K_SigLIP2_v5_20260529/images/bigstock_image_452973083.jpg,"{""person_single_face_headshot_center"": 5, ""person_single_upper_half_body_center"": 4, ""person_single_upper_half_body_rot"": 3, ""scene_center"": 2}","{""16:9"": 2, ""1:1"": 3, ""3:4"": 1, ""4:3"": 4, ""FREE"": 4}","{""person_single/face_headshot/center/tight_subject/feasible"": 5, ""person_single/upper_half_body/center/balanced/feasible"": 4, ""person_single/upper_half_body/rot/balanced/feasible"": 3, ""scene/na/center/balanced/feasible"": 2}","{""person_single|face_headshot|center|tight_subject|feasible"": 5, ""person_single|upper_half_body|center|balanced|feasible"": 4, ""person_single|upper_half_body|rot|balanced|feasible"": 3, ""scene|na|center|balanced|feasible"": 2}"
sstk_image_2171225873,person_single_face_headshot,person_single_face_headshot,person_single|face_headshot|center|tight_subject|feasible,person_single,face_headshot,tight_subject,0.83,17,17,12,data/SSTK/PhaseA_PhotoPrimary_10K_SigLIP2_v5_20260529/artifacts/training_labels_multimode/260609_v17_routing_v2_precompute_native_nofood_petstrict_cropstrict_nms_v5/crop_review_routing_v2_v17_precompute_native/panels_unified_220/panels/review_sstk_image_2171225873.jpg,data/SSTK/PhaseA_PhotoPrimary_10K_SigLIP2_v5_20260529/images/sstk_image_2171225873.jpg,"{""person_single_face_headshot_center"": 6, ""person_single_upper_half_body_center"": 5, ""person_single_upper_half_body_rot"": 4, ""scene_center"": 2}","{""16:9"": 2, ""1:1"": 3, ""3:4"": 3, ""4:3"": 4, ""9:16"": 1, ""FREE"": 4}","{""person_single/face_headshot/center/tight_subject/feasible"": 6, ""person_single/upper_half_body/center/balanced/feasible"": 5, ""person_single/upper_half_body/rot/balanced/feasible"": 4, ""scene/na/center/balanced/feasible"": 2}","{""person_single|face_headshot|center|tight_subject|feasible"": 6, ""person_single|upper_half_body|center|balanced|feasible"": 5, ""person_single|upper_half_body|rot|balanced|feasible"": 4, ""scene|na|center|balanced|feasible"": 2}"
pond5_image_139971557,person_single_face_headshot,person_single_face_headshot,person_single|face_headshot|center|tight_subject|feasible,person_single,face_headshot,tight_subject,0.91,13,13,12,data/SSTK/PhaseA_PhotoPrimary_10K_SigLIP2_v5_20260529/artifacts/training_labels_multimode/260609_v17_routing_v2_precompute_native_nofood_petstrict_cropstrict_nms_v5/crop_review_routing_v2_v17_precompute_native/panels_unified_220/panels/review_pond5_image_139971557.jpg,data/SSTK/PhaseA_PhotoPrimary_10K_SigLIP2_v5_20260529/images/pond5_image_139971557.jpg,"{""person_single_face_headshot_center"": 5, ""person_single_upper_half_body_center"": 2, ""person_single_upper_half_body_rot"": 3, ""scene_center"": 3}","{""16:9"": 2, ""1:1"": 2, ""3:4"": 1, ""4:3"": 4, ""FREE"": 4}","{""person_single/face_headshot/center/tight_subject/feasible"": 5, ""person_single/upper_half_body/center/balanced/feasible"": 2, ""person_single/upper_half_body/rot/balanced/feasible"": 3, ""scene/na/center/balanced/feasible"": 3}","{""person_single|face_headshot|center|tight_subject|feasible"": 5, ""person_single|upper_half_body|center|balanced|feasible"": 2, ""person_single|upper_half_body|rot|balanced|feasible"": 3, ""scene|na|center|balanced|feasible"": 3}"
sstk_image_612256517,person_single_upper_half_body,person_single_upper_half_body,person_single|upper_half_body|center|balanced|feasible,person_single,upper_half_body,balanced,0.83,16,16,12,data/SSTK/PhaseA_PhotoPrimary_10K_SigLIP2_v5_20260529/artifacts/training_labels_multimode/260609_v17_routing_v2_precompute_native_nofood_petstrict_cropstrict_nms_v5/crop_review_routing_v2_v17_precompute_native/panels_unified_220/panels/review_sstk_image_612256517.jpg,data/SSTK/PhaseA_PhotoPrimary_10K_SigLIP2_v5_20260529/images/sstk_image_612256517.jpg,"{""person_single_face_headshot_center"": 4, ""person_single_upper_half_body_center"": 5, ""person_single_upper_half_body_rot"": 4, ""scene_center"": 3}","{""16:9"": 3, ""1:1"": 3, ""3:4"": 3, ""4:3"": 4, ""FREE"": 3}","{""person_single/face_headshot/center/tight_subject/feasible"": 4, ""person_single/upper_half_body/center/balanced/feasible"": 5, ""person_single/upper_half_body/rot/balanced/feasible"": 4, ""scene/na/center/balanced/feasible"": 3}","{""person_single|face_headshot|center|tight_subject|feasible"": 4, ""person_single|upper_half_body|center|balanced|feasible"": 5, ""person_single|upper_half_body|rot|balanced|feasible"": 4, ""scene|na|center|balanced|feasible"": 3}"
bigstock_image_185099542,person_single_full_body,person_single_full_body,person_single|full_body|center|environmental|feasible,person_single,full_body,environmental,0.99,16,16,12,data/SSTK/PhaseA_PhotoPrimary_10K_SigLIP2_v5_20260529/artifacts/training_labels_multimode/260609_v17_routing_v2_precompute_native_nofood_petstrict_cropstrict_nms_v5/crop_review_routing_v2_v17_precompute_native/panels_unified_220/panels/review_bigstock_image_185099542.jpg,data/SSTK/PhaseA_PhotoPrimary_10K_SigLIP2_v5_20260529/images/bigstock_image_185099542.jpg,"{""person_single_face_headshot_center"": 2, ""person_single_upper_half_body_center"": 3, ""person_single_upper_half_body_rot"": 5, ""scene_center"": 6}","{""16:9"": 1, ""1:1"": 4, ""3:4"": 4, ""4:3"": 2, ""9:16"": 3, ""FREE"": 2}","{""person_single/face_headshot/center/tight_subject/feasible"": 2, ""person_single/upper_half_body/center/balanced/feasible"": 3, ""person_single/upper_half_body/rot/balanced/feasible"": 5, ""scene/na/center/balanced/feasible"": 6}","{""person_single|face_headshot|center|tight_subject|feasible"": 2, ""person_single|upper_half_body|center|balanced|feasible"": 3, ""person_single|upper_half_body|rot|balanced|feasible"": 5, ""scene|na|center|balanced|feasible"": 6}"
bigstock_image_306278578,person_single_upper_half_body,person_single_upper_half_body,person_single|upper_half_body|center|environmental|feasible,person_single,upper_half_body,environmental,0.99,21,21,12,data/SSTK/PhaseA_PhotoPrimary_10K_SigLIP2_v5_20260529/artifacts/training_labels_multimode/260609_v17_routing_v2_precompute_native_nofood_petstrict_cropstrict_nms_v5/crop_review_routing_v2_v17_precompute_native/panels_unified_220/panels/review_bigstock_image_306278578.jpg,data/SSTK/PhaseA_PhotoPrimary_10K_SigLIP2_v5_20260529/images/bigstock_image_306278578.jpg,"{""person_single_face_headshot_center"": 6, ""person_single_upper_half_body_center"": 5, ""person_single_upper_half_body_rot"": 6, ""scene_center"": 4}","{""16:9"": 4, ""1:1"": 4, ""3:4"": 3, ""4:3"": 4, ""9:16"": 2, ""FREE"": 4}","{""person_single/face_headshot/center/tight_subject/feasible"": 6, ""person_single/upper_half_body/center/balanced/feasible"": 5, ""person_single/upper_half_body/rot/balanced/feasible"": 6, ""scene/na/center/balanced/feasible"": 4}","{""person_single|face_headshot|center|tight_subject|feasible"": 6, ""person_single|upper_half_body|center|balanced|feasible"": 5, ""person_single|upper_half_body|rot|balanced|feasible"": 6, ""scene|na|center|balanced|feasible"": 4}"
sstk_image_1762576721,person_single_face_headshot,person_single_face_headshot,person_single|face_headshot|center|tight_subject|feasible,person_single,face_headshot,tight_subject,0.83,17,17,12,data/SSTK/PhaseA_PhotoPrimary_10K_SigLIP2_v5_20260529/artifacts/training_labels_multimode/260609_v17_routing_v2_precompute_native_nofood_petstrict_cropstrict_nms_v5/crop_review_routing_v2_v17_precompute_native/panels_unified_220/panels/review_sstk_image_1762576721.jpg,data/SSTK/PhaseA_PhotoPrimary_10K_SigLIP2_v5_20260529/images/sstk_image_1762576721.jpg,"{""person_single_face_headshot_center"": 6, ""person_single_upper_half_body_center"": 4, ""person_single_upper_half_body_rot"": 4, ""scene_center"": 3}","{""16:9"": 3, ""1:1"": 3, ""3:4"": 2, ""4:3"": 4, ""9:16"": 1, ""FREE"": 4}","{""person_single/face_headshot/center/tight_subject/feasible"": 6, ""person_single/upper_half_body/center/balanced/feasible"": 4, ""person_single/upper_half_body/rot/balanced/feasible"": 4, ""scene/na/center/balanced/feasible"": 3}","{""person_single|face_headshot|center|tight_subject|feasible"": 6, ""person_single|upper_half_body|center|balanced|feasible"": 4, ""person_single|upper_half_body|rot|balanced|feasible"": 4, ""scene|na|center|balanced|feasible"": 3}"
sstk_image_1513529543,person_single_upper_half_body,person_single_upper_half_body,person_single|upper_half_body|center|environmental|feasible,person_single,upper_half_body,environmental,0.99,16,16,12,data/SSTK/PhaseA_PhotoPrimary_10K_SigLIP2_v5_20260529/artifacts/training_labels_multimode/260609_v17_routing_v2_precompute_native_nofood_petstrict_cropstrict_nms_v5/crop_review_routing_v2_v17_precompute_native/panels_unified_220/panels/review_sstk_image_1513529543.jpg,data/SSTK/PhaseA_PhotoPrimary_10K_SigLIP2_v5_20260529/images/sstk_image_1513529543.jpg,"{""person_single_face_headshot_center"": 5, ""person_single_upper_half_body_center"": 4, ""person_single_upper_half_body_rot"": 5, ""scene_center"": 2}","{""16:9"": 2, ""1:1"": 3, ""3:4"": 3, ""4:3"": 4, ""FREE"": 4}","{""person_single/face_headshot/center/tight_subject/feasible"": 5, ""person_single/upper_half_body/center/balanced/feasible"": 4, ""person_single/upper_half_body/rot/balanced/feasible"": 5, ""scene/na/center/balanced/feasible"": 2}","{""person_single|face_headshot|center|tight_subject|feasible"": 5, ""person_single|upper_half_body|center|balanced|feasible"": 4, ""person_single|upper_half_body|rot|balanced|feasible"": 5, ""scene|na|center|balanced|feasible"": 2}"
sstk_image_2296230993,pet_dogcat,pet_dogcat,pet_dogcat|na|center|tight_subject|feasible,pet_dogcat,,tight_subject,0.717947,15,9,9,data/SSTK/PhaseA_PhotoPrimary_10K_SigLIP2_v5_20260529/artifacts/training_labels_multimode/260609_v17_routing_v2_precompute_native_nofood_petstrict_cropstrict_nms_v5/crop_review_routing_v2_v17_precompute_native/panels_unified_220/panels/review_sstk_image_2296230993.jpg,data/SSTK/PhaseA_PhotoPrimary_10K_SigLIP2_v5_20260529/images/sstk_image_2296230993.jpg,"{""pet_dogcat_center"": 7, ""pet_dogcat_rot"": 6, ""scene_center"": 2}","{""1:1"": 1, ""3:4"": 5, ""9:16"": 4, ""FREE"": 5}","{""pet_dogcat/na/center/tight_subject/feasible"": 7, ""pet_dogcat/na/rot/balanced/feasible"": 6, ""scene/na/center/balanced/feasible"": 2}","{""pet_dogcat|na|center|tight_subject|feasible"": 7, ""pet_dogcat|na|rot|balanced|feasible"": 6, ""scene|na|center|balanced|feasible"": 2}"
sstk_image_1441249697,pet_dogcat,pet_dogcat,pet_dogcat|na|center|tight_subject|feasible,pet_dogcat,,tight_subject,0.716978,22,14,12,data/SSTK/PhaseA_PhotoPrimary_10K_SigLIP2_v5_20260529/artifacts/training_labels_multimode/260609_v17_routing_v2_precompute_native_nofood_petstrict_cropstrict_nms_v5/crop_review_routing_v2_v17_precompute_native/panels_unified_220/panels/review_sstk_image_1441249697.jpg,data/SSTK/PhaseA_PhotoPrimary_10K_SigLIP2_v5_20260529/images/sstk_image_1441249697.jpg,"{""pet_dogcat_center"": 8, ""pet_dogcat_rot"": 8, ""scene_center"": 6}","{""16:9"": 5, ""1:1"": 5, ""3:4"": 1, ""4:3"": 5, ""9:16"": 1, ""FREE"": 5}","{""pet_dogcat/na/center/tight_subject/feasible"": 8, ""pet_dogcat/na/rot/balanced/feasible"": 8, ""scene/na/center/balanced/feasible"": 6}","{""pet_dogcat|na|center|tight_subject|feasible"": 8, ""pet_dogcat|na|rot|balanced|feasible"": 8, ""scene|na|center|balanced|feasible"": 6}"
bigstock_image_52051075,pet_dogcat,pet_dogcat,pet_dogcat|na|center|tight_subject|feasible,pet_dogcat,,tight_subject,0.720887,12,12,12,data/SSTK/PhaseA_PhotoPrimary_10K_SigLIP2_v5_20260529/artifacts/training_labels_multimode/260609_v17_routing_v2_precompute_native_nofood_petstrict_cropstrict_nms_v5/crop_review_routing_v2_v17_precompute_native/panels_unified_220/panels/review_bigstock_image_52051075.jpg,data/SSTK/PhaseA_PhotoPrimary_10K_SigLIP2_v5_20260529/images/bigstock_image_52051075.jpg,"{""pet_dogcat_center"": 5, ""pet_dogcat_rot"": 4, ""scene_center"": 3}","{""16:9"": 2, ""1:1"": 2, ""3:4"": 2, ""4:3"": 3, ""FREE"": 3}","{""pet_dogcat/na/center/tight_subject/feasible"": 5, ""pet_dogcat/na/rot/balanced/feasible"": 4, ""scene/na/center/balanced/feasible"": 3}","{""pet_dogcat|na|center|tight_subject|feasible"": 5, ""pet_dogcat|na|rot|balanced|feasible"": 4, ""scene|na|center|balanced|feasible"": 3}"
sstk_image_1707402604,pet_dogcat,pet_dogcat,pet_dogcat|na|center|tight_subject|feasible,pet_dogcat,,tight_subject,0.75299,33,13,12,data/SSTK/PhaseA_PhotoPrimary_10K_SigLIP2_v5_20260529/artifacts/training_labels_multimode/260609_v17_routing_v2_precompute_native_nofood_petstrict_cropstrict_nms_v5/crop_review_routing_v2_v17_precompute_native/panels_unified_220/panels/review_sstk_image_1707402604.jpg,data/SSTK/PhaseA_PhotoPrimary_10K_SigLIP2_v5_20260529/images/sstk_image_1707402604.jpg,"{""pet_dogcat_center"": 17, ""pet_dogcat_rot"": 15, ""scene_center"": 1}","{""16:9"": 4, ""1:1"": 6, ""3:4"": 6, ""4:3"": 7, ""9:16"": 4, ""FREE"": 6}","{""pet_dogcat/na/center/tight_subject/feasible"": 17, ""pet_dogcat/na/rot/balanced/feasible"": 15, ""scene/na/center/balanced/feasible"": 1}","{""pet_dogcat|na|center|tight_subject|feasible"": 17, ""pet_dogcat|na|rot|balanced|feasible"": 15, ""scene|na|center|balanced|feasible"": 1}"
sstk_image_1120072079,pet_dogcat,pet_dogcat,pet_dogcat|na|center|tight_subject|feasible,pet_dogcat,,tight_subject,0.728723,9,9,9,data/SSTK/PhaseA_PhotoPrimary_10K_SigLIP2_v5_20260529/artifacts/training_labels_multimode/260609_v17_routing_v2_precompute_native_nofood_petstrict_cropstrict_nms_v5/crop_review_routing_v2_v17_precompute_native/panels_unified_220/panels/review_sstk_image_1120072079.jpg,data/SSTK/PhaseA_PhotoPrimary_10K_SigLIP2_v5_20260529/images/sstk_image_1120072079.jpg,"{""pet_dogcat_center"": 3, ""pet_dogcat_rot"": 3, ""scene_center"": 3}","{""16:9"": 1, ""1:1"": 2, ""4:3"": 3, ""FREE"": 3}","{""pet_dogcat/na/center/tight_subject/feasible"": 3, ""pet_dogcat/na/rot/balanced/feasible"": 3, ""scene/na/center/balanced/feasible"": 3}","{""pet_dogcat|na|center|tight_subject|feasible"": 3, ""pet_dogcat|na|rot|balanced|feasible"": 3, ""scene|na|center|balanced|feasible"": 3}"
sstk_image_2247758887,pet_dogcat,pet_dogcat,pet_dogcat|na|center|tight_subject|feasible,pet_dogcat,,tight_subject,0.685799,16,16,12,data/SSTK/PhaseA_PhotoPrimary_10K_SigLIP2_v5_20260529/artifacts/training_labels_multimode/260609_v17_routing_v2_precompute_native_nofood_petstrict_cropstrict_nms_v5/crop_review_routing_v2_v17_precompute_native/panels_unified_220/panels/review_sstk_image_2247758887.jpg,data/SSTK/PhaseA_PhotoPrimary_10K_SigLIP2_v5_20260529/images/sstk_image_2247758887.jpg,"{""pet_dogcat_center"": 5, ""pet_dogcat_rot"": 5, ""scene_center"": 6}","{""16:9"": 3, ""1:1"": 3, ""3:4"": 3, ""4:3"": 3, ""9:16"": 1, ""FREE"": 3}","{""pet_dogcat/na/center/tight_subject/feasible"": 5, ""pet_dogcat/na/rot/balanced/feasible"": 5, ""scene/na/center/balanced/feasible"": 6}","{""pet_dogcat|na|center|tight_subject|feasible"": 5, ""pet_dogcat|na|rot|balanced|feasible"": 5, ""scene|na|center|balanced|feasible"": 6}"
sstk_image_77362057,pet_dogcat,pet_dogcat,pet_dogcat|na|center|tight_subject|feasible,pet_dogcat,,tight_subject,0.704889,14,14,12,data/SSTK/PhaseA_PhotoPrimary_10K_SigLIP2_v5_20260529/artifacts/training_labels_multimode/260609_v17_routing_v2_precompute_native_nofood_petstrict_cropstrict_nms_v5/crop_review_routing_v2_v17_precompute_native/panels_unified_220/panels/review_sstk_image_77362057.jpg,data/SSTK/PhaseA_PhotoPrimary_10K_SigLIP2_v5_20260529/images/sstk_image_77362057.jpg,"{""pet_dogcat_center"": 5, ""pet_dogcat_rot"": 5, ""scene_center"": 4}","{""16:9"": 3, ""1:1"": 3, ""3:4"": 2, ""4:3"": 3, ""FREE"": 3}","{""pet_dogcat/na/center/tight_subject/feasible"": 5, ""pet_dogcat/na/rot/balanced/feasible"": 5, ""scene/na/center/balanced/feasible"": 4}","{""pet_dogcat|na|center|tight_subject|feasible"": 5, ""pet_dogcat|na|rot|balanced|feasible"": 5, ""scene|na|center|balanced|feasible"": 4}"
sstk_image_1535274815,pet_dogcat,pet_dogcat,pet_dogcat|na|center|tight_subject|feasible,pet_dogcat,,tight_subject,0.725851,9,9,9,data/SSTK/PhaseA_PhotoPrimary_10K_SigLIP2_v5_20260529/artifacts/training_labels_multimode/260609_v17_routing_v2_precompute_native_nofood_petstrict_cropstrict_nms_v5/crop_review_routing_v2_v17_precompute_native/panels_unified_220/panels/review_sstk_image_1535274815.jpg,data/SSTK/PhaseA_PhotoPrimary_10K_SigLIP2_v5_20260529/images/sstk_image_1535274815.jpg,"{""pet_dogcat_center"": 4, ""pet_dogcat_rot"": 4, ""scene_center"": 1}","{""1:1"": 2, ""3:4"": 2, ""4:3"": 2, ""FREE"": 3}","{""pet_dogcat/na/center/tight_subject/feasible"": 4, ""pet_dogcat/na/rot/balanced/feasible"": 4, ""scene/na/center/balanced/feasible"": 1}","{""pet_dogcat|na|center|tight_subject|feasible"": 4, ""pet_dogcat|na|rot|balanced|feasible"": 4, ""scene|na|center|balanced|feasible"": 1}"
sstk_image_1162744189,pet_dogcat,pet_dogcat,pet_dogcat|na|center|tight_subject|feasible,pet_dogcat,,tight_subject,0.74707,19,13,12,data/SSTK/PhaseA_PhotoPrimary_10K_SigLIP2_v5_20260529/artifacts/training_labels_multimode/260609_v17_routing_v2_precompute_native_nofood_petstrict_cropstrict_nms_v5/crop_review_routing_v2_v17_precompute_native/panels_unified_220/panels/review_sstk_image_1162744189.jpg,data/SSTK/PhaseA_PhotoPrimary_10K_SigLIP2_v5_20260529/images/sstk_image_1162744189.jpg,"{""pet_dogcat_center"": 9, ""pet_dogcat_rot"": 8, ""scene_center"": 2}","{""16:9"": 4, ""1:1"": 2, ""3:4"": 2, ""4:3"": 5, ""9:16"": 1, ""FREE"": 5}","{""pet_dogcat/na/center/tight_subject/feasible"": 9, ""pet_dogcat/na/rot/balanced/feasible"": 8, ""scene/na/center/balanced/feasible"": 2}","{""pet_dogcat|na|center|tight_subject|feasible"": 9, ""pet_dogcat|na|rot|balanced|feasible"": 8, ""scene|na|center|balanced|feasible"": 2}"
sstk_image_2056194884,pet_dogcat,pet_dogcat,pet_dogcat|na|center|tight_subject|feasible,pet_dogcat,,tight_subject,0.707937,9,9,9,data/SSTK/PhaseA_PhotoPrimary_10K_SigLIP2_v5_20260529/artifacts/training_labels_multimode/260609_v17_routing_v2_precompute_native_nofood_petstrict_cropstrict_nms_v5/crop_review_routing_v2_v17_precompute_native/panels_unified_220/panels/review_sstk_image_2056194884.jpg,data/SSTK/PhaseA_PhotoPrimary_10K_SigLIP2_v5_20260529/images/sstk_image_2056194884.jpg,"{""pet_dogcat_center"": 5, ""pet_dogcat_rot"": 4}","{""1:1"": 2, ""3:4"": 2, ""4:3"": 1, ""9:16"": 2, ""FREE"": 2}","{""pet_dogcat/na/center/tight_subject/feasible"": 5, ""pet_dogcat/na/rot/balanced/feasible"": 4}","{""pet_dogcat|na|center|tight_subject|feasible"": 5, ""pet_dogcat|na|rot|balanced|feasible"": 4}"
sstk_image_153624914,person_group,person_group,person_group|na|center|balanced|feasible,person_group,,balanced,0.96,2,2,2,data/SSTK/PhaseA_PhotoPrimary_10K_SigLIP2_v5_20260529/artifacts/training_labels_multimode/260609_v17_routing_v2_precompute_native_nofood_petstrict_cropstrict_nms_v5/crop_review_routing_v2_v17_precompute_native/panels_unified_220/panels/review_sstk_image_153624914.jpg,data/SSTK/PhaseA_PhotoPrimary_10K_SigLIP2_v5_20260529/images/sstk_image_153624914.jpg,"{""scene_center"": 2}","{""4:3"": 1, ""FREE"": 1}","{""scene/na/center/balanced/feasible"": 2}","{""scene|na|center|balanced|feasible"": 2}"
pond5_image_46215298,person_group,person_group,person_group|na|center|balanced|feasible,person_group,,balanced,0.99,6,6,6,data/SSTK/PhaseA_PhotoPrimary_10K_SigLIP2_v5_20260529/artifacts/training_labels_multimode/260609_v17_routing_v2_precompute_native_nofood_petstrict_cropstrict_nms_v5/crop_review_routing_v2_v17_precompute_native/panels_unified_220/panels/review_pond5_image_46215298.jpg,data/SSTK/PhaseA_PhotoPrimary_10K_SigLIP2_v5_20260529/images/pond5_image_46215298.jpg,"{""person_group_center"": 3, ""scene_center"": 3}","{""16:9"": 2, ""4:3"": 2, ""FREE"": 2}","{""person_group/na/center/balanced/feasible"": 3, ""scene/na/center/balanced/feasible"": 3}","{""person_group|na|center|balanced|feasible"": 3, ""scene|na|center|balanced|feasible"": 3}"
bigstock_image_41702452,person_group,person_group,person_group|na|center|balanced|feasible,person_group,,balanced,0.99,10,10,10,data/SSTK/PhaseA_PhotoPrimary_10K_SigLIP2_v5_20260529/artifacts/training_labels_multimode/260609_v17_routing_v2_precompute_native_nofood_petstrict_cropstrict_nms_v5/crop_review_routing_v2_v17_precompute_native/panels_unified_220/panels/review_bigstock_image_41702452.jpg,data/SSTK/PhaseA_PhotoPrimary_10K_SigLIP2_v5_20260529/images/bigstock_image_41702452.jpg,"{""person_group_center"": 3, ""person_single_face_headshot_center"": 3, ""scene_center"": 4}","{""16:9"": 2, ""1:1"": 2, ""3:4"": 1, ""4:3"": 2, ""FREE"": 3}","{""person_group/na/center/balanced/feasible"": 3, ""person_single/face_headshot/center/tight_subject/feasible"": 3, ""scene/na/center/balanced/feasible"": 4}","{""person_group|na|center|balanced|feasible"": 3, ""person_single|face_headshot|center|tight_subject|feasible"": 3, ""scene|na|center|balanced|feasible"": 4}"
sstk_image_704306776,person_single_upper_half_body,person_single_upper_half_body,person_single|upper_half_body|center|balanced|feasible,person_single,upper_half_body,balanced,0.95,9,9,9,data/SSTK/PhaseA_PhotoPrimary_10K_SigLIP2_v5_20260529/artifacts/training_labels_multimode/260609_v17_routing_v2_precompute_native_nofood_petstrict_cropstrict_nms_v5/crop_review_routing_v2_v17_precompute_native/panels_unified_220/panels/review_sstk_image_704306776.jpg,data/SSTK/PhaseA_PhotoPrimary_10K_SigLIP2_v5_20260529/images/sstk_image_704306776.jpg,"{""person_single_face_headshot_center"": 6, ""scene_center"": 3}","{""16:9"": 2, ""1:1"": 1, ""3:4"": 1, ""4:3"": 2, ""9:16"": 1, ""FREE"": 2}","{""person_single/face_headshot/center/tight_subject/feasible"": 6, ""scene/na/center/balanced/feasible"": 3}","{""person_single|face_headshot|center|tight_subject|feasible"": 6, ""scene|na|center|balanced|feasible"": 3}"
pond5_image_93799763,person_group,person_group,person_group|na|center|balanced|feasible,person_group,,balanced,0.99,12,9,9,data/SSTK/PhaseA_PhotoPrimary_10K_SigLIP2_v5_20260529/artifacts/training_labels_multimode/260609_v17_routing_v2_precompute_native_nofood_petstrict_cropstrict_nms_v5/crop_review_routing_v2_v17_precompute_native/panels_unified_220/panels/review_pond5_image_93799763.jpg,data/SSTK/PhaseA_PhotoPrimary_10K_SigLIP2_v5_20260529/images/pond5_image_93799763.jpg,"{""person_group_center"": 2, ""person_single_face_headshot_center"": 7, ""scene_center"": 3}","{""1:1"": 4, ""3:4"": 2, ""4:3"": 1, ""9:16"": 1, ""FREE"": 4}","{""person_group/na/center/balanced/feasible"": 2, ""person_single/face_headshot/center/tight_subject/feasible"": 7, ""scene/na/center/balanced/feasible"": 3}","{""person_group|na|center|balanced|feasible"": 2, ""person_single|face_headshot|center|tight_subject|feasible"": 7, ""scene|na|center|balanced|feasible"": 3}"
sstk_image_1707007756,person_group,person_group,person_group|na|center|balanced|feasible,person_group,,balanced,0.99,20,19,12,data/SSTK/PhaseA_PhotoPrimary_10K_SigLIP2_v5_20260529/artifacts/training_labels_multimode/260609_v17_routing_v2_precompute_native_nofood_petstrict_cropstrict_nms_v5/crop_review_routing_v2_v17_precompute_native/panels_unified_220/panels/review_sstk_image_1707007756.jpg,data/SSTK/PhaseA_PhotoPrimary_10K_SigLIP2_v5_20260529/images/sstk_image_1707007756.jpg,"{""person_group_center"": 6, ""person_group_rot"": 4, ""person_single_face_headshot_center"": 2, ""person_single_full_body_center"": 1, ""person_single_full_body_rot"": 5, ""scene_center"": 2}","{""16:9"": 5, ""1:1"": 3, ""3:4"": 2, ""4:3"": 4, ""9:16"": 2, ""FREE"": 4}","{""person_group/na/center/balanced/feasible"": 6, ""person_group/na/rot/balanced/feasible"": 4, ""person_single/face_headshot/center/tight_subject/feasible"": 2, ""person_single/full_body/center/balanced/feasible"": 1, ""person_single/full_body/rot/balanced/feasible"": 5, ""scene/na/center/balanced/feasible"": 2}","{""person_group|na|center|balanced|feasible"": 6, ""person_group|na|rot|balanced|feasible"": 4, ""person_single|face_headshot|center|tight_subject|feasible"": 2, ""person_single|full_body|center|balanced|feasible"": 1, ""person_single|full_body|rot|balanced|feasible"": 5, ""scene|na|center|balanced|feasible"": 2}"
bigstock_image_97607294,person_group,person_group,person_group|na|center|balanced|feasible,person_group,,balanced,0.99,37,31,12,data/SSTK/PhaseA_PhotoPrimary_10K_SigLIP2_v5_20260529/artifacts/training_labels_multimode/260609_v17_routing_v2_precompute_native_nofood_petstrict_cropstrict_nms_v5/crop_review_routing_v2_v17_precompute_native/panels_unified_220/panels/review_bigstock_image_97607294.jpg,data/SSTK/PhaseA_PhotoPrimary_10K_SigLIP2_v5_20260529/images/bigstock_image_97607294.jpg,"{""person_group_center"": 6, ""person_group_rot"": 5, ""person_single_face_headshot_center"": 3, ""person_single_full_body_center"": 10, ""person_single_full_body_rot"": 8, ""scene_center"": 5}","{""16:9"": 5, ""1:1"": 8, ""3:4"": 7, ""4:3"": 7, ""9:16"": 5, ""FREE"": 5}","{""person_group/na/center/balanced/feasible"": 6, ""person_group/na/rot/balanced/feasible"": 5, ""person_single/face_headshot/center/tight_subject/feasible"": 3, ""person_single/full_body/center/balanced/feasible"": 10, ""person_single/full_body/rot/balanced/feasible"": 8, ""scene/na/center/balanced/feasible"": 5}","{""person_group|na|center|balanced|feasible"": 6, ""person_group|na|rot|balanced|feasible"": 5, ""person_single|face_headshot|center|tight_subject|feasible"": 3, ""person_single|full_body|center|balanced|feasible"": 10, ""person_single|full_body|rot|balanced|feasible"": 8, ""scene|na|center|balanced|feasible"": 5}"
bigstock_image_115747316,person_group,person_group,person_group|na|center|balanced|feasible,person_group,,balanced,0.99,18,18,12,data/SSTK/PhaseA_PhotoPrimary_10K_SigLIP2_v5_20260529/artifacts/training_labels_multimode/260609_v17_routing_v2_precompute_native_nofood_petstrict_cropstrict_nms_v5/crop_review_routing_v2_v17_precompute_native/panels_unified_220/panels/review_bigstock_image_115747316.jpg,data/SSTK/PhaseA_PhotoPrimary_10K_SigLIP2_v5_20260529/images/bigstock_image_115747316.jpg,"{""person_group_center"": 6, ""person_group_rot"": 4, ""person_single_face_headshot_center"": 2, ""person_single_full_body_rot"": 3, ""scene_center"": 3}","{""16:9"": 2, ""1:1"": 4, ""3:4"": 4, ""4:3"": 3, ""9:16"": 2, ""FREE"": 3}","{""person_group/na/center/balanced/feasible"": 6, ""person_group/na/rot/balanced/feasible"": 4, ""person_single/face_headshot/center/tight_subject/feasible"": 2, ""person_single/full_body/rot/balanced/feasible"": 3, ""scene/na/center/balanced/feasible"": 3}","{""person_group|na|center|balanced|feasible"": 6, ""person_group|na|rot|balanced|feasible"": 4, ""person_single|face_headshot|center|tight_subject|feasible"": 2, ""person_single|full_body|rot|balanced|feasible"": 3, ""scene|na|center|balanced|feasible"": 3}"
sstk_image_1484424443,person_group,person_group,person_group|na|center|balanced|feasible,person_group,,balanced,0.99,26,26,12,data/SSTK/PhaseA_PhotoPrimary_10K_SigLIP2_v5_20260529/artifacts/training_labels_multimode/260609_v17_routing_v2_precompute_native_nofood_petstrict_cropstrict_nms_v5/crop_review_routing_v2_v17_precompute_native/panels_unified_220/panels/review_sstk_image_1484424443.jpg,data/SSTK/PhaseA_PhotoPrimary_10K_SigLIP2_v5_20260529/images/sstk_image_1484424443.jpg,"{""person_group_center"": 6, ""person_group_rot"": 5, ""person_single_face_headshot_center"": 2, ""person_single_full_body_center"": 5, ""person_single_full_body_rot"": 5, ""scene_center"": 3}","{""16:9"": 5, ""1:1"": 4, ""3:4"": 5, ""4:3"": 5, ""9:16"": 2, ""FREE"": 5}","{""person_group/na/center/balanced/feasible"": 6, ""person_group/na/rot/balanced/feasible"": 5, ""person_single/face_headshot/center/tight_subject/feasible"": 2, ""person_single/full_body/center/balanced/feasible"": 5, ""person_single/full_body/rot/balanced/feasible"": 5, ""scene/na/center/balanced/feasible"": 3}","{""person_group|na|center|balanced|feasible"": 6, ""person_group|na|rot|balanced|feasible"": 5, ""person_single|face_headshot|center|tight_subject|feasible"": 2, ""person_single|full_body|center|balanced|feasible"": 5, ""person_single|full_body|rot|balanced|feasible"": 5, ""scene|na|center|balanced|feasible"": 3}"
sstk_image_158900711,person_group,person_group,person_group|na|center|balanced|feasible,person_group,,balanced,0.99,32,29,12,data/SSTK/PhaseA_PhotoPrimary_10K_SigLIP2_v5_20260529/artifacts/training_labels_multimode/260609_v17_routing_v2_precompute_native_nofood_petstrict_cropstrict_nms_v5/crop_review_routing_v2_v17_precompute_native/panels_unified_220/panels/review_sstk_image_158900711.jpg,data/SSTK/PhaseA_PhotoPrimary_10K_SigLIP2_v5_20260529/images/sstk_image_158900711.jpg,"{""person_group_center"": 6, ""person_group_rot"": 5, ""person_single_face_headshot_center"": 3, ""person_single_full_body_center"": 4, ""person_single_full_body_rot"": 8, ""scene_center"": 6}","{""16:9"": 2, ""1:1"": 6, ""3:4"": 7, ""4:3"": 4, ""9:16"": 6, ""FREE"": 7}","{""person_group/na/center/balanced/feasible"": 6, ""person_group/na/rot/balanced/feasible"": 5, ""person_single/face_headshot/center/tight_subject/feasible"": 3, ""person_single/full_body/center/balanced/feasible"": 4, ""person_single/full_body/rot/balanced/feasible"": 8, ""scene/na/center/balanced/feasible"": 6}","{""person_group|na|center|balanced|feasible"": 6, ""person_group|na|rot|balanced|feasible"": 5, ""person_single|face_headshot|center|tight_subject|feasible"": 3, ""person_single|full_body|center|balanced|feasible"": 4, ""person_single|full_body|rot|balanced|feasible"": 8, ""scene|na|center|balanced|feasible"": 6}"
sstk_image_1182622657,person_group,person_group,person_group|na|center|balanced|feasible,person_group,,balanced,0.99,16,16,12,data/SSTK/PhaseA_PhotoPrimary_10K_SigLIP2_v5_20260529/artifacts/training_labels_multimode/260609_v17_routing_v2_precompute_native_nofood_petstrict_cropstrict_nms_v5/crop_review_routing_v2_v17_precompute_native/panels_unified_220/panels/review_sstk_image_1182622657.jpg,data/SSTK/PhaseA_PhotoPrimary_10K_SigLIP2_v5_20260529/images/sstk_image_1182622657.jpg,"{""person_group_center"": 4, ""person_group_rot"": 4, ""person_single_face_headshot_center"": 2, ""person_single_full_body_center"": 1, ""person_single_full_body_rot"": 3, ""scene_center"": 2}","{""16:9"": 2, ""1:1"": 4, ""3:4"": 3, ""4:3"": 2, ""9:16"": 3, ""FREE"": 2}","{""person_group/na/center/balanced/feasible"": 4, ""person_group/na/rot/balanced/feasible"": 4, ""person_single/face_headshot/center/tight_subject/feasible"": 2, ""person_single/full_body/center/balanced/feasible"": 1, ""person_single/full_body/rot/balanced/feasible"": 3, ""scene/na/center/balanced/feasible"": 2}","{""person_group|na|center|balanced|feasible"": 4, ""person_group|na|rot|balanced|feasible"": 4, ""person_single|face_headshot|center|tight_subject|feasible"": 2, ""person_single|full_body|center|balanced|feasible"": 1, ""person_single|full_body|rot|balanced|feasible"": 3, ""scene|na|center|balanced|feasible"": 2}"
pond5_image_128935973,person_group,person_group,person_group|na|center|balanced|feasible,person_group,,balanced,0.99,20,20,12,data/SSTK/PhaseA_PhotoPrimary_10K_SigLIP2_v5_20260529/artifacts/training_labels_multimode/260609_v17_routing_v2_precompute_native_nofood_petstrict_cropstrict_nms_v5/crop_review_routing_v2_v17_precompute_native/panels_unified_220/panels/review_pond5_image_128935973.jpg,data/SSTK/PhaseA_PhotoPrimary_10K_SigLIP2_v5_20260529/images/pond5_image_128935973.jpg,"{""person_group_center"": 5, ""person_group_rot"": 5, ""person_single_full_body_center"": 5, ""person_single_full_body_rot"": 4, ""scene_center"": 1}","{""1:1"": 4, ""3:4"": 4, ""4:3"": 3, ""9:16"": 4, ""FREE"": 5}","{""person_group/na/center/balanced/feasible"": 5, ""person_group/na/rot/balanced/feasible"": 5, ""person_single/full_body/center/balanced/feasible"": 5, ""person_single/full_body/rot/balanced/feasible"": 4, ""scene/na/center/balanced/feasible"": 1}","{""person_group|na|center|balanced|feasible"": 5, ""person_group|na|rot|balanced|feasible"": 5, ""person_single|full_body|center|balanced|feasible"": 5, ""person_single|full_body|rot|balanced|feasible"": 4, ""scene|na|center|balanced|feasible"": 1}"
sstk_image_601812863,person_group,person_group,person_group|na|center|balanced|feasible,person_group,,balanced,0.99,27,27,12,data/SSTK/PhaseA_PhotoPrimary_10K_SigLIP2_v5_20260529/artifacts/training_labels_multimode/260609_v17_routing_v2_precompute_native_nofood_petstrict_cropstrict_nms_v5/crop_review_routing_v2_v17_precompute_native/panels_unified_220/panels/review_sstk_image_601812863.jpg,data/SSTK/PhaseA_PhotoPrimary_10K_SigLIP2_v5_20260529/images/sstk_image_601812863.jpg,"{""person_group_center"": 6, ""person_group_rot"": 5, ""person_single_face_headshot_center"": 2, ""person_single_full_body_center"": 5, ""person_single_full_body_rot"": 6, ""scene_center"": 3}","{""16:9"": 3, ""1:1"": 5, ""3:4"": 5, ""4:3"": 5, ""9:16"": 4, ""FREE"": 5}","{""person_group/na/center/balanced/feasible"": 6, ""person_group/na/rot/balanced/feasible"": 5, ""person_single/face_headshot/center/tight_subject/feasible"": 2, ""person_single/full_body/center/balanced/feasible"": 5, ""person_single/full_body/rot/balanced/feasible"": 6, ""scene/na/center/balanced/feasible"": 3}","{""person_group|na|center|balanced|feasible"": 6, ""person_group|na|rot|balanced|feasible"": 5, ""person_single|face_headshot|center|tight_subject|feasible"": 2, ""person_single|full_body|center|balanced|feasible"": 5, ""person_single|full_body|rot|balanced|feasible"": 6, ""scene|na|center|balanced|feasible"": 3}"
sstk_image_1855355065,person_group,person_group,person_group|na|center|balanced|feasible,person_group,,balanced,0.99,13,13,12,data/SSTK/PhaseA_PhotoPrimary_10K_SigLIP2_v5_20260529/artifacts/training_labels_multimode/260609_v17_routing_v2_precompute_native_nofood_petstrict_cropstrict_nms_v5/crop_review_routing_v2_v17_precompute_native/panels_unified_220/panels/review_sstk_image_1855355065.jpg,data/SSTK/PhaseA_PhotoPrimary_10K_SigLIP2_v5_20260529/images/sstk_image_1855355065.jpg,"{""person_group_center"": 4, ""person_group_rot"": 4, ""person_single_face_headshot_center"": 2, ""scene_center"": 3}","{""16:9"": 2, ""1:1"": 3, ""3:4"": 2, ""4:3"": 3, ""FREE"": 3}","{""person_group/na/center/balanced/feasible"": 4, ""person_group/na/rot/balanced/feasible"": 4, ""person_single/face_headshot/center/tight_subject/feasible"": 2, ""scene/na/center/balanced/feasible"": 3}","{""person_group|na|center|balanced|feasible"": 4, ""person_group|na|rot|balanced|feasible"": 4, ""person_single|face_headshot|center|tight_subject|feasible"": 2, ""scene|na|center|balanced|feasible"": 3}"
sstk_image_595694645,person_group,person_group,person_group|na|center|balanced|feasible,person_group,,balanced,0.99,27,27,12,data/SSTK/PhaseA_PhotoPrimary_10K_SigLIP2_v5_20260529/artifacts/training_labels_multimode/260609_v17_routing_v2_precompute_native_nofood_petstrict_cropstrict_nms_v5/crop_review_routing_v2_v17_precompute_native/panels_unified_220/panels/review_sstk_image_595694645.jpg,data/SSTK/PhaseA_PhotoPrimary_10K_SigLIP2_v5_20260529/images/sstk_image_595694645.jpg,"{""person_group_center"": 6, ""person_group_rot"": 6, ""person_single_face_headshot_center"": 2, ""person_single_upper_half_body_center"": 4, ""person_single_upper_half_body_rot"": 6, ""scene_center"": 3}","{""16:9"": 5, ""1:1"": 5, ""3:4"": 4, ""4:3"": 5, ""9:16"": 3, ""FREE"": 5}","{""person_group/na/center/balanced/feasible"": 6, ""person_group/na/rot/balanced/feasible"": 6, ""person_single/face_headshot/center/tight_subject/feasible"": 2, ""person_single/upper_half_body/center/balanced/feasible"": 4, ""person_single/upper_half_body/rot/balanced/feasible"": 6, ""scene/na/center/balanced/feasible"": 3}","{""person_group|na|center|balanced|feasible"": 6, ""person_group|na|rot|balanced|feasible"": 6, ""person_single|face_headshot|center|tight_subject|feasible"": 2, ""person_single|upper_half_body|center|balanced|feasible"": 4, ""person_single|upper_half_body|rot|balanced|feasible"": 6, ""scene|na|center|balanced|feasible"": 3}"
sstk_image_1855921036,person_single_upper_half_body,person_single_upper_half_body,person_single|upper_half_body|center|balanced|feasible,person_single,upper_half_body,balanced,0.95,8,8,8,data/SSTK/PhaseA_PhotoPrimary_10K_SigLIP2_v5_20260529/artifacts/training_labels_multimode/260609_v17_routing_v2_precompute_native_nofood_petstrict_cropstrict_nms_v5/crop_review_routing_v2_v17_precompute_native/panels_unified_220/panels/review_sstk_image_1855921036.jpg,data/SSTK/PhaseA_PhotoPrimary_10K_SigLIP2_v5_20260529/images/sstk_image_1855921036.jpg,"{""person_single_face_headshot_center"": 6, ""scene_center"": 2}","{""16:9"": 1, ""1:1"": 1, ""3:4"": 1, ""4:3"": 2, ""9:16"": 1, ""FREE"": 2}","{""person_single/face_headshot/center/tight_subject/feasible"": 6, ""scene/na/center/balanced/feasible"": 2}","{""person_single|face_headshot|center|tight_subject|feasible"": 6, ""scene|na|center|balanced|feasible"": 2}"
sstk_image_417324376,person_single_upper_half_body,person_single_upper_half_body,person_single|upper_half_body|center|balanced|feasible,person_single,upper_half_body,balanced,0.83,9,9,9,data/SSTK/PhaseA_PhotoPrimary_10K_SigLIP2_v5_20260529/artifacts/training_labels_multimode/260609_v17_routing_v2_precompute_native_nofood_petstrict_cropstrict_nms_v5/crop_review_routing_v2_v17_precompute_native/panels_unified_220/panels/review_sstk_image_417324376.jpg,data/SSTK/PhaseA_PhotoPrimary_10K_SigLIP2_v5_20260529/images/sstk_image_417324376.jpg,"{""person_single_face_headshot_center"": 6, ""person_single_upper_half_body_rot"": 1, ""scene_center"": 2}","{""16:9"": 1, ""1:1"": 1, ""3:4"": 1, ""4:3"": 2, ""9:16"": 1, ""FREE"": 3}","{""person_single/face_headshot/center/tight_subject/feasible"": 6, ""person_single/upper_half_body/rot/balanced/feasible"": 1, ""scene/na/center/balanced/feasible"": 2}","{""person_single|face_headshot|center|tight_subject|feasible"": 6, ""person_single|upper_half_body|rot|balanced|feasible"": 1, ""scene|na|center|balanced|feasible"": 2}"
sstk_image_2034076559,person_single_upper_half_body,person_single_upper_half_body,person_single|upper_half_body|center|balanced|feasible,person_single,upper_half_body,balanced,0.99,7,7,7,data/SSTK/PhaseA_PhotoPrimary_10K_SigLIP2_v5_20260529/artifacts/training_labels_multimode/260609_v17_routing_v2_precompute_native_nofood_petstrict_cropstrict_nms_v5/crop_review_routing_v2_v17_precompute_native/panels_unified_220/panels/review_sstk_image_2034076559.jpg,data/SSTK/PhaseA_PhotoPrimary_10K_SigLIP2_v5_20260529/images/sstk_image_2034076559.jpg,"{""person_single_face_headshot_center"": 6, ""scene_center"": 1}","{""16:9"": 1, ""1:1"": 1, ""3:4"": 1, ""4:3"": 1, ""9:16"": 1, ""FREE"": 2}","{""person_single/face_headshot/center/tight_subject/feasible"": 6, ""scene/na/center/balanced/feasible"": 1}","{""person_single|face_headshot|center|tight_subject|feasible"": 6, ""scene|na|center|balanced|feasible"": 1}"
bigstock_image_213923140,person_single_upper_half_body,person_single_upper_half_body,person_single|upper_half_body|center|balanced|feasible,person_single,upper_half_body,balanced,0.95,8,8,8,data/SSTK/PhaseA_PhotoPrimary_10K_SigLIP2_v5_20260529/artifacts/training_labels_multimode/260609_v17_routing_v2_precompute_native_nofood_petstrict_cropstrict_nms_v5/crop_review_routing_v2_v17_precompute_native/panels_unified_220/panels/review_bigstock_image_213923140.jpg,data/SSTK/PhaseA_PhotoPrimary_10K_SigLIP2_v5_20260529/images/bigstock_image_213923140.jpg,"{""person_single_face_headshot_center"": 6, ""scene_center"": 2}","{""16:9"": 1, ""1:1"": 1, ""3:4"": 2, ""4:3"": 1, ""9:16"": 1, ""FREE"": 2}","{""person_single/face_headshot/center/tight_subject/feasible"": 6, ""scene/na/center/balanced/feasible"": 2}","{""person_single|face_headshot|center|tight_subject|feasible"": 6, ""scene|na|center|balanced|feasible"": 2}"
sstk_image_402991660,person_single_face_headshot,person_single_face_headshot,person_single|face_headshot|center|tight_subject|feasible,person_single,face_headshot,tight_subject,0.95,12,12,12,data/SSTK/PhaseA_PhotoPrimary_10K_SigLIP2_v5_20260529/artifacts/training_labels_multimode/260609_v17_routing_v2_precompute_native_nofood_petstrict_cropstrict_nms_v5/crop_review_routing_v2_v17_precompute_native/panels_unified_220/panels/review_sstk_image_402991660.jpg,data/SSTK/PhaseA_PhotoPrimary_10K_SigLIP2_v5_20260529/images/sstk_image_402991660.jpg,"{""person_single_face_headshot_center"": 4, ""person_single_upper_half_body_rot"": 2, ""scene_center"": 6}","{""16:9"": 2, ""1:1"": 2, ""3:4"": 3, ""4:3"": 2, ""9:16"": 1, ""FREE"": 2}","{""person_single/face_headshot/center/tight_subject/feasible"": 4, ""person_single/upper_half_body/rot/balanced/feasible"": 2, ""scene/na/center/balanced/feasible"": 6}","{""person_single|face_headshot|center|tight_subject|feasible"": 4, ""person_single|upper_half_body|rot|balanced|feasible"": 2, ""scene|na|center|balanced|feasible"": 6}"
sstk_image_1503573446,person_single_full_body,person_single_full_body,person_single|full_body|center|environmental|feasible,person_single,full_body,environmental,0.99,18,18,12,data/SSTK/PhaseA_PhotoPrimary_10K_SigLIP2_v5_20260529/artifacts/training_labels_multimode/260609_v17_routing_v2_precompute_native_nofood_petstrict_cropstrict_nms_v5/crop_review_routing_v2_v17_precompute_native/panels_unified_220/panels/review_sstk_image_1503573446.jpg,data/SSTK/PhaseA_PhotoPrimary_10K_SigLIP2_v5_20260529/images/sstk_image_1503573446.jpg,"{""person_single_face_headshot_center"": 3, ""person_single_full_body_center"": 5, ""person_single_full_body_rot"": 4, ""scene_center"": 6}","{""16:9"": 1, ""1:1"": 4, ""3:4"": 4, ""4:3"": 2, ""9:16"": 3, ""FREE"": 4}","{""person_single/face_headshot/center/tight_subject/feasible"": 3, ""person_single/full_body/center/balanced/feasible"": 5, ""person_single/full_body/rot/balanced/feasible"": 4, ""scene/na/center/balanced/feasible"": 6}","{""person_single|face_headshot|center|tight_subject|feasible"": 3, ""person_single|full_body|center|balanced|feasible"": 5, ""person_single|full_body|rot|balanced|feasible"": 4, ""scene|na|center|balanced|feasible"": 6}"
pond5_image_237101375,scene,scene,scene|na|center|balanced|feasible,scene,,balanced,0.6,18,18,12,data/SSTK/PhaseA_PhotoPrimary_10K_SigLIP2_v5_20260529/artifacts/training_labels_multimode/260609_v17_routing_v2_precompute_native_nofood_petstrict_cropstrict_nms_v5/crop_review_routing_v2_v17_precompute_native/panels_unified_220/panels/review_pond5_image_237101375.jpg,data/SSTK/PhaseA_PhotoPrimary_10K_SigLIP2_v5_20260529/images/pond5_image_237101375.jpg,"{""person_single_face_headshot_center"": 3, ""person_single_full_body_center"": 5, ""person_single_full_body_rot"": 4, ""scene_center"": 6}","{""16:9"": 1, ""1:1"": 3, ""3:4"": 4, ""4:3"": 2, ""9:16"": 4, ""FREE"": 4}","{""person_single/face_headshot/center/tight_subject/feasible"": 3, ""person_single/full_body/center/balanced/feasible"": 5, ""person_single/full_body/rot/balanced/feasible"": 4, ""scene/na/center/balanced/feasible"": 6}","{""person_single|face_headshot|center|tight_subject|feasible"": 3, ""person_single|full_body|center|balanced|feasible"": 5, ""person_single|full_body|rot|balanced|feasible"": 4, ""scene|na|center|balanced|feasible"": 6}"
pond5_image_165698633,person_single_full_body,person_single_full_body,person_single|full_body|center|balanced|feasible,person_single,full_body,balanced,0.99,32,32,12,data/SSTK/PhaseA_PhotoPrimary_10K_SigLIP2_v5_20260529/artifacts/training_labels_multimode/260609_v17_routing_v2_precompute_native_nofood_petstrict_cropstrict_nms_v5/crop_review_routing_v2_v17_precompute_native/panels_unified_220/panels/review_pond5_image_165698633.jpg,data/SSTK/PhaseA_PhotoPrimary_10K_SigLIP2_v5_20260529/images/pond5_image_165698633.jpg,"{""person_single_face_headshot_center"": 2, ""person_single_full_body_center"": 6, ""person_single_full_body_rot"": 6, ""person_single_upper_half_body_center"": 6, ""person_single_upper_half_body_rot"": 6, ""scene_center"": 6}","{""16:9"": 5, ""1:1"": 6, ""3:4"": 6, ""4:3"": 5, ""9:16"": 5, ""FREE"": 5}","{""person_single/face_headshot/center/tight_subject/feasible"": 2, ""person_single/full_body/center/balanced/feasible"": 6, ""person_single/full_body/rot/balanced/feasible"": 6, ""person_single/upper_half_body/center/balanced/feasible"": 6, ""person_single/upper_half_body/rot/balanced/feasible"": 6, ""scene/na/center/balanced/feasible"": 6}","{""person_single|face_headshot|center|tight_subject|feasible"": 2, ""person_single|full_body|center|balanced|feasible"": 6, ""person_single|full_body|rot|balanced|feasible"": 6, ""person_single|upper_half_body|center|balanced|feasible"": 6, ""person_single|upper_half_body|rot|balanced|feasible"": 6, ""scene|na|center|balanced|feasible"": 6}"
pond5_image_231824244,person_single_full_body,person_single_full_body,person_single|full_body|center|environmental|feasible,person_single,full_body,environmental,0.99,15,15,12,data/SSTK/PhaseA_PhotoPrimary_10K_SigLIP2_v5_20260529/artifacts/training_labels_multimode/260609_v17_routing_v2_precompute_native_nofood_petstrict_cropstrict_nms_v5/crop_review_routing_v2_v17_precompute_native/panels_unified_220/panels/review_pond5_image_231824244.jpg,data/SSTK/PhaseA_PhotoPrimary_10K_SigLIP2_v5_20260529/images/pond5_image_231824244.jpg,"{""person_single_face_headshot_center"": 3, ""person_single_full_body_center"": 4, ""person_single_full_body_rot"": 4, ""scene_center"": 4}","{""1:1"": 4, ""3:4"": 4, ""9:16"": 3, ""FREE"": 4}","{""person_single/face_headshot/center/tight_subject/feasible"": 3, ""person_single/full_body/center/balanced/feasible"": 4, ""person_single/full_body/rot/balanced/feasible"": 4, ""scene/na/center/balanced/feasible"": 4}","{""person_single|face_headshot|center|tight_subject|feasible"": 3, ""person_single|full_body|center|balanced|feasible"": 4, ""person_single|full_body|rot|balanced|feasible"": 4, ""scene|na|center|balanced|feasible"": 4}"
pond5_image_143273930,person_group,person_group,person_group|na|center|balanced|feasible,person_group,,balanced,0.99,28,25,12,data/SSTK/PhaseA_PhotoPrimary_10K_SigLIP2_v5_20260529/artifacts/training_labels_multimode/260609_v17_routing_v2_precompute_native_nofood_petstrict_cropstrict_nms_v5/crop_review_routing_v2_v17_precompute_native/panels_unified_220/panels/review_pond5_image_143273930.jpg,data/SSTK/PhaseA_PhotoPrimary_10K_SigLIP2_v5_20260529/images/pond5_image_143273930.jpg,"{""person_single_face_headshot_center"": 6, ""person_single_full_body_center"": 4, ""person_single_full_body_rot"": 3, ""person_single_upper_half_body_center"": 6, ""person_single_upper_half_body_rot"": 5, ""scene_center"": 4}","{""16:9"": 1, ""1:1"": 6, ""3:4"": 7, ""4:3"": 2, ""9:16"": 5, ""FREE"": 7}","{""person_single/face_headshot/center/tight_subject/feasible"": 6, ""person_single/full_body/center/balanced/feasible"": 4, ""person_single/full_body/rot/balanced/feasible"": 3, ""person_single/upper_half_body/center/balanced/feasible"": 6, ""person_single/upper_half_body/rot/balanced/feasible"": 5, ""scene/na/center/balanced/feasible"": 4}","{""person_single|face_headshot|center|tight_subject|feasible"": 6, ""person_single|full_body|center|balanced|feasible"": 4, ""person_single|full_body|rot|balanced|feasible"": 3, ""person_single|upper_half_body|center|balanced|feasible"": 6, ""person_single|upper_half_body|rot|balanced|feasible"": 5, ""scene|na|center|balanced|feasible"": 4}"
pond5_image_120403442,scene,scene,scene|na|center|balanced|feasible,scene,,balanced,0.6,15,15,12,data/SSTK/PhaseA_PhotoPrimary_10K_SigLIP2_v5_20260529/artifacts/training_labels_multimode/260609_v17_routing_v2_precompute_native_nofood_petstrict_cropstrict_nms_v5/crop_review_routing_v2_v17_precompute_native/panels_unified_220/panels/review_pond5_image_120403442.jpg,data/SSTK/PhaseA_PhotoPrimary_10K_SigLIP2_v5_20260529/images/pond5_image_120403442.jpg,"{""person_single_face_headshot_center"": 2, ""person_single_full_body_center"": 5, ""person_single_full_body_rot"": 5, ""scene_center"": 3}","{""16:9"": 3, ""1:1"": 2, ""3:4"": 3, ""4:3"": 3, ""9:16"": 1, ""FREE"": 3}","{""person_single/face_headshot/center/tight_subject/feasible"": 2, ""person_single/full_body/center/balanced/feasible"": 5, ""person_single/full_body/rot/balanced/feasible"": 5, ""scene/na/center/balanced/feasible"": 3}","{""person_single|face_headshot|center|tight_subject|feasible"": 2, ""person_single|full_body|center|balanced|feasible"": 5, ""person_single|full_body|rot|balanced|feasible"": 5, ""scene|na|center|balanced|feasible"": 3}"
pond5_image_138967119,person_single_full_body,person_single_full_body,person_single|full_body|center|environmental|feasible,person_single,full_body,environmental,0.99,15,15,12,data/SSTK/PhaseA_PhotoPrimary_10K_SigLIP2_v5_20260529/artifacts/training_labels_multimode/260609_v17_routing_v2_precompute_native_nofood_petstrict_cropstrict_nms_v5/crop_review_routing_v2_v17_precompute_native/panels_unified_220/panels/review_pond5_image_138967119.jpg,data/SSTK/PhaseA_PhotoPrimary_10K_SigLIP2_v5_20260529/images/pond5_image_138967119.jpg,"{""person_single_face_headshot_center"": 2, ""person_single_full_body_center"": 5, ""person_single_full_body_rot"": 6, ""scene_center"": 2}","{""16:9"": 2, ""1:1"": 2, ""3:4"": 3, ""4:3"": 3, ""9:16"": 2, ""FREE"": 3}","{""person_single/face_headshot/center/tight_subject/feasible"": 2, ""person_single/full_body/center/balanced/feasible"": 5, ""person_single/full_body/rot/balanced/feasible"": 6, ""scene/na/center/balanced/feasible"": 2}","{""person_single|face_headshot|center|tight_subject|feasible"": 2, ""person_single|full_body|center|balanced|feasible"": 5, ""person_single|full_body|rot|balanced|feasible"": 6, ""scene|na|center|balanced|feasible"": 2}"
sstk_image_561424501,person_group,person_group,person_group|na|center|balanced|feasible,person_group,,balanced,0.99,13,13,12,data/SSTK/PhaseA_PhotoPrimary_10K_SigLIP2_v5_20260529/artifacts/training_labels_multimode/260609_v17_routing_v2_precompute_native_nofood_petstrict_cropstrict_nms_v5/crop_review_routing_v2_v17_precompute_native/panels_unified_220/panels/review_sstk_image_561424501.jpg,data/SSTK/PhaseA_PhotoPrimary_10K_SigLIP2_v5_20260529/images/sstk_image_561424501.jpg,"{""person_single_face_headshot_center"": 2, ""person_single_full_body_center"": 4, ""person_single_full_body_rot"": 6, ""scene_center"": 1}","{""16:9"": 2, ""1:1"": 3, ""3:4"": 3, ""4:3"": 1, ""9:16"": 2, ""FREE"": 2}","{""person_single/face_headshot/center/tight_subject/feasible"": 2, ""person_single/full_body/center/balanced/feasible"": 4, ""person_single/full_body/rot/balanced/feasible"": 6, ""scene/na/center/balanced/feasible"": 1}","{""person_single|face_headshot|center|tight_subject|feasible"": 2, ""person_single|full_body|center|balanced|feasible"": 4, ""person_single|full_body|rot|balanced|feasible"": 6, ""scene|na|center|balanced|feasible"": 1}"
sstk_image_2313375719,person_group,person_group,person_group|na|center|balanced|feasible,person_group,,balanced,0.99,17,17,12,data/SSTK/PhaseA_PhotoPrimary_10K_SigLIP2_v5_20260529/artifacts/training_labels_multimode/260609_v17_routing_v2_precompute_native_nofood_petstrict_cropstrict_nms_v5/crop_review_routing_v2_v17_precompute_native/panels_unified_220/panels/review_sstk_image_2313375719.jpg,data/SSTK/PhaseA_PhotoPrimary_10K_SigLIP2_v5_20260529/images/sstk_image_2313375719.jpg,"{""person_single_face_headshot_center"": 2, ""person_single_full_body_center"": 6, ""person_single_full_body_rot"": 6, ""scene_center"": 3}","{""16:9"": 3, ""1:1"": 3, ""3:4"": 3, ""4:3"": 3, ""9:16"": 2, ""FREE"": 3}","{""person_single/face_headshot/center/tight_subject/feasible"": 2, ""person_single/full_body/center/balanced/feasible"": 6, ""person_single/full_body/rot/balanced/feasible"": 6, ""scene/na/center/balanced/feasible"": 3}","{""person_single|face_headshot|center|tight_subject|feasible"": 2, ""person_single|full_body|center|balanced|feasible"": 6, ""person_single|full_body|rot|balanced|feasible"": 6, ""scene|na|center|balanced|feasible"": 3}"
bigstock_image_331127821,person_single_full_body,person_single_full_body,person_single|full_body|center|environmental|feasible,person_single,full_body,environmental,0.99,12,12,12,data/SSTK/PhaseA_PhotoPrimary_10K_SigLIP2_v5_20260529/artifacts/training_labels_multimode/260609_v17_routing_v2_precompute_native_nofood_petstrict_cropstrict_nms_v5/crop_review_routing_v2_v17_precompute_native/panels_unified_220/panels/review_bigstock_image_331127821.jpg,data/SSTK/PhaseA_PhotoPrimary_10K_SigLIP2_v5_20260529/images/bigstock_image_331127821.jpg,"{""person_single_face_headshot_center"": 3, ""person_single_full_body_center"": 4, ""person_single_full_body_rot"": 3, ""scene_center"": 2}","{""1:1"": 3, ""3:4"": 4, ""9:16"": 1, ""FREE"": 4}","{""person_single/face_headshot/center/tight_subject/feasible"": 3, ""person_single/full_body/center/balanced/feasible"": 4, ""person_single/full_body/rot/balanced/feasible"": 3, ""scene/na/center/balanced/feasible"": 2}","{""person_single|face_headshot|center|tight_subject|feasible"": 3, ""person_single|full_body|center|balanced|feasible"": 4, ""person_single|full_body|rot|balanced|feasible"": 3, ""scene|na|center|balanced|feasible"": 2}"
bigstock_image_472091019,scene,scene,scene|na|center|balanced|feasible,scene,,balanced,0.6,17,17,12,data/SSTK/PhaseA_PhotoPrimary_10K_SigLIP2_v5_20260529/artifacts/training_labels_multimode/260609_v17_routing_v2_precompute_native_nofood_petstrict_cropstrict_nms_v5/crop_review_routing_v2_v17_precompute_native/panels_unified_220/panels/review_bigstock_image_472091019.jpg,data/SSTK/PhaseA_PhotoPrimary_10K_SigLIP2_v5_20260529/images/bigstock_image_472091019.jpg,"{""person_single_upper_half_body_center"": 6, ""person_single_upper_half_body_rot"": 5, ""scene_center"": 6}","{""16:9"": 3, ""1:1"": 3, ""3:4"": 3, ""4:3"": 3, ""9:16"": 2, ""FREE"": 3}","{""person_single/upper_half_body/center/balanced/feasible"": 6, ""person_single/upper_half_body/rot/balanced/feasible"": 5, ""scene/na/center/balanced/feasible"": 6}","{""person_single|upper_half_body|center|balanced|feasible"": 6, ""person_single|upper_half_body|rot|balanced|feasible"": 5, ""scene|na|center|balanced|feasible"": 6}"
sstk_image_1991759228,person_single_upper_half_body,person_single_upper_half_body,person_single|upper_half_body|center|environmental|feasible,person_single,upper_half_body,environmental,0.99,15,15,12,data/SSTK/PhaseA_PhotoPrimary_10K_SigLIP2_v5_20260529/artifacts/training_labels_multimode/260609_v17_routing_v2_precompute_native_nofood_petstrict_cropstrict_nms_v5/crop_review_routing_v2_v17_precompute_native/panels_unified_220/panels/review_sstk_image_1991759228.jpg,data/SSTK/PhaseA_PhotoPrimary_10K_SigLIP2_v5_20260529/images/sstk_image_1991759228.jpg,"{""person_single_face_headshot_center"": 3, ""person_single_upper_half_body_center"": 4, ""person_single_upper_half_body_rot"": 3, ""scene_center"": 5}","{""1:1"": 2, ""3:4"": 4, ""4:3"": 1, ""9:16"": 4, ""FREE"": 4}","{""person_single/face_headshot/center/tight_subject/feasible"": 3, ""person_single/upper_half_body/center/balanced/feasible"": 4, ""person_single/upper_half_body/rot/balanced/feasible"": 3, ""scene/na/center/balanced/feasible"": 5}","{""person_single|face_headshot|center|tight_subject|feasible"": 3, ""person_single|upper_half_body|center|balanced|feasible"": 4, ""person_single|upper_half_body|rot|balanced|feasible"": 3, ""scene|na|center|balanced|feasible"": 5}"
pond5_image_143683670,scene,scene,scene|na|center|balanced|feasible,scene,,balanced,0.6,17,17,12,data/SSTK/PhaseA_PhotoPrimary_10K_SigLIP2_v5_20260529/artifacts/training_labels_multimode/260609_v17_routing_v2_precompute_native_nofood_petstrict_cropstrict_nms_v5/crop_review_routing_v2_v17_precompute_native/panels_unified_220/panels/review_pond5_image_143683670.jpg,data/SSTK/PhaseA_PhotoPrimary_10K_SigLIP2_v5_20260529/images/pond5_image_143683670.jpg,"{""person_single_face_headshot_center"": 4, ""person_single_upper_half_body_center"": 6, ""person_single_upper_half_body_rot"": 5, ""scene_center"": 2}","{""16:9"": 3, ""1:1"": 3, ""3:4"": 3, ""4:3"": 4, ""9:16"": 1, ""FREE"": 3}","{""person_single/face_headshot/center/tight_subject/feasible"": 4, ""person_single/upper_half_body/center/balanced/feasible"": 6, ""person_single/upper_half_body/rot/balanced/feasible"": 5, ""scene/na/center/balanced/feasible"": 2}","{""person_single|face_headshot|center|tight_subject|feasible"": 4, ""person_single|upper_half_body|center|balanced|feasible"": 6, ""person_single|upper_half_body|rot|balanced|feasible"": 5, ""scene|na|center|balanced|feasible"": 2}"
sstk_image_1959976369,person_single_full_body,person_single_full_body,person_single|full_body|center|environmental|feasible,person_single,full_body,environmental,0.99,18,18,12,data/SSTK/PhaseA_PhotoPrimary_10K_SigLIP2_v5_20260529/artifacts/training_labels_multimode/260609_v17_routing_v2_precompute_native_nofood_petstrict_cropstrict_nms_v5/crop_review_routing_v2_v17_precompute_native/panels_unified_220/panels/review_sstk_image_1959976369.jpg,data/SSTK/PhaseA_PhotoPrimary_10K_SigLIP2_v5_20260529/images/sstk_image_1959976369.jpg,"{""person_single_face_headshot_center"": 3, ""person_single_upper_half_body_center"": 5, ""person_single_upper_half_body_rot"": 4, ""scene_center"": 6}","{""16:9"": 1, ""1:1"": 4, ""3:4"": 4, ""4:3"": 2, ""9:16"": 3, ""FREE"": 4}","{""person_single/face_headshot/center/tight_subject/feasible"": 3, ""person_single/upper_half_body/center/balanced/feasible"": 5, ""person_single/upper_half_body/rot/balanced/feasible"": 4, ""scene/na/center/balanced/feasible"": 6}","{""person_single|face_headshot|center|tight_subject|feasible"": 3, ""person_single|upper_half_body|center|balanced|feasible"": 5, ""person_single|upper_half_body|rot|balanced|feasible"": 4, ""scene|na|center|balanced|feasible"": 6}"
sstk_image_1551601076,person_single_upper_half_body,person_single_upper_half_body,person_single|upper_half_body|center|balanced|feasible,person_single,upper_half_body,balanced,0.95,22,22,12,data/SSTK/PhaseA_PhotoPrimary_10K_SigLIP2_v5_20260529/artifacts/training_labels_multimode/260609_v17_routing_v2_precompute_native_nofood_petstrict_cropstrict_nms_v5/crop_review_routing_v2_v17_precompute_native/panels_unified_220/panels/review_sstk_image_1551601076.jpg,data/SSTK/PhaseA_PhotoPrimary_10K_SigLIP2_v5_20260529/images/sstk_image_1551601076.jpg,"{""person_group_center"": 6, ""person_group_rot"": 5, ""person_single_upper_half_body_center"": 5, ""person_single_upper_half_body_rot"": 4, ""scene_center"": 2}","{""16:9"": 3, ""1:1"": 4, ""3:4"": 4, ""4:3"": 4, ""9:16"": 3, ""FREE"": 4}","{""person_group/na/center/balanced/feasible"": 6, ""person_group/na/rot/balanced/feasible"": 5, ""person_single/upper_half_body/center/balanced/feasible"": 5, ""person_single/upper_half_body/rot/balanced/feasible"": 4, ""scene/na/center/balanced/feasible"": 2}","{""person_group|na|center|balanced|feasible"": 6, ""person_group|na|rot|balanced|feasible"": 5, ""person_single|upper_half_body|center|balanced|feasible"": 5, ""person_single|upper_half_body|rot|balanced|feasible"": 4, ""scene|na|center|balanced|feasible"": 2}"
sstk_image_1674086284,person_group,person_group,person_group|na|center|balanced|feasible,person_group,,balanced,0.99,25,21,12,data/SSTK/PhaseA_PhotoPrimary_10K_SigLIP2_v5_20260529/artifacts/training_labels_multimode/260609_v17_routing_v2_precompute_native_nofood_petstrict_cropstrict_nms_v5/crop_review_routing_v2_v17_precompute_native/panels_unified_220/panels/review_sstk_image_1674086284.jpg,data/SSTK/PhaseA_PhotoPrimary_10K_SigLIP2_v5_20260529/images/sstk_image_1674086284.jpg,"{""person_group_center"": 4, ""person_single_face_headshot_center"": 8, ""person_single_full_body_center"": 3, ""person_single_upper_half_body_center"": 4, ""person_single_upper_half_body_rot"": 4, ""scene_center"": 2}","{""1:1"": 6, ""3:4"": 7, ""9:16"": 5, ""FREE"": 7}","{""person_group/na/center/balanced/feasible"": 4, ""person_single/face_headshot/center/tight_subject/feasible"": 8, ""person_single/full_body/center/balanced/feasible"": 3, ""person_single/upper_half_body/center/balanced/feasible"": 4, ""person_single/upper_half_body/rot/balanced/feasible"": 4, ""scene/na/center/balanced/feasible"": 2}","{""person_group|na|center|balanced|feasible"": 4, ""person_single|face_headshot|center|tight_subject|feasible"": 8, ""person_single|full_body|center|balanced|feasible"": 3, ""person_single|upper_half_body|center|balanced|feasible"": 4, ""person_single|upper_half_body|rot|balanced|feasible"": 4, ""scene|na|center|balanced|feasible"": 2}"
bigstock_image_342747205,person_single_full_body,person_single_full_body,person_single|full_body|center|environmental|feasible,person_single,full_body,environmental,0.99,15,15,12,data/SSTK/PhaseA_PhotoPrimary_10K_SigLIP2_v5_20260529/artifacts/training_labels_multimode/260609_v17_routing_v2_precompute_native_nofood_petstrict_cropstrict_nms_v5/crop_review_routing_v2_v17_precompute_native/panels_unified_220/panels/review_bigstock_image_342747205.jpg,data/SSTK/PhaseA_PhotoPrimary_10K_SigLIP2_v5_20260529/images/bigstock_image_342747205.jpg,"{""person_single_face_headshot_center"": 2, ""person_single_upper_half_body_center"": 4, ""person_single_upper_half_body_rot"": 6, ""scene_center"": 3}","{""16:9"": 2, ""1:1"": 3, ""3:4"": 3, ""4:3"": 2, ""9:16"": 2, ""FREE"": 3}","{""person_single/face_headshot/center/tight_subject/feasible"": 2, ""person_single/upper_half_body/center/balanced/feasible"": 4, ""person_single/upper_half_body/rot/balanced/feasible"": 6, ""scene/na/center/balanced/feasible"": 3}","{""person_single|face_headshot|center|tight_subject|feasible"": 2, ""person_single|upper_half_body|center|balanced|feasible"": 4, ""person_single|upper_half_body|rot|balanced|feasible"": 6, ""scene|na|center|balanced|feasible"": 3}"
pond5_image_144387333,person_single_face_headshot,person_single_face_headshot,person_single|face_headshot|center|tight_subject|feasible,person_single,face_headshot,tight_subject,0.95,11,11,11,data/SSTK/PhaseA_PhotoPrimary_10K_SigLIP2_v5_20260529/artifacts/training_labels_multimode/260609_v17_routing_v2_precompute_native_nofood_petstrict_cropstrict_nms_v5/crop_review_routing_v2_v17_precompute_native/panels_unified_220/panels/review_pond5_image_144387333.jpg,data/SSTK/PhaseA_PhotoPrimary_10K_SigLIP2_v5_20260529/images/pond5_image_144387333.jpg,"{""person_single_face_headshot_center"": 2, ""person_single_upper_half_body_center"": 4, ""person_single_upper_half_body_rot"": 5}","{""1:1"": 2, ""3:4"": 3, ""4:3"": 1, ""9:16"": 3, ""FREE"": 2}","{""person_single/face_headshot/center/tight_subject/feasible"": 2, ""person_single/upper_half_body/center/balanced/feasible"": 4, ""person_single/upper_half_body/rot/balanced/feasible"": 5}","{""person_single|face_headshot|center|tight_subject|feasible"": 2, ""person_single|upper_half_body|center|balanced|feasible"": 4, ""person_single|upper_half_body|rot|balanced|feasible"": 5}"
pond5_image_232326450,person_single_full_body,person_single_full_body,person_single|full_body|center|environmental|feasible,person_single,full_body,environmental,0.99,19,19,12,data/SSTK/PhaseA_PhotoPrimary_10K_SigLIP2_v5_20260529/artifacts/training_labels_multimode/260609_v17_routing_v2_precompute_native_nofood_petstrict_cropstrict_nms_v5/crop_review_routing_v2_v17_precompute_native/panels_unified_220/panels/review_pond5_image_232326450.jpg,data/SSTK/PhaseA_PhotoPrimary_10K_SigLIP2_v5_20260529/images/pond5_image_232326450.jpg,"{""person_single_face_headshot_center"": 2, ""person_single_upper_half_body_center"": 5, ""person_single_upper_half_body_rot"": 6, ""scene_center"": 6}","{""16:9"": 3, ""1:1"": 4, ""3:4"": 3, ""4:3"": 3, ""9:16"": 3, ""FREE"": 3}","{""person_single/face_headshot/center/tight_subject/feasible"": 2, ""person_single/upper_half_body/center/balanced/feasible"": 5, ""person_single/upper_half_body/rot/balanced/feasible"": 6, ""scene/na/center/balanced/feasible"": 6}","{""person_single|face_headshot|center|tight_subject|feasible"": 2, ""person_single|upper_half_body|center|balanced|feasible"": 5, ""person_single|upper_half_body|rot|balanced|feasible"": 6, ""scene|na|center|balanced|feasible"": 6}"
pond5_image_62643548,person_single_full_body,person_single_full_body,person_single|full_body|center|environmental|feasible,person_single,full_body,environmental,0.99,18,18,12,data/SSTK/PhaseA_PhotoPrimary_10K_SigLIP2_v5_20260529/artifacts/training_labels_multimode/260609_v17_routing_v2_precompute_native_nofood_petstrict_cropstrict_nms_v5/crop_review_routing_v2_v17_precompute_native/panels_unified_220/panels/review_pond5_image_62643548.jpg,data/SSTK/PhaseA_PhotoPrimary_10K_SigLIP2_v5_20260529/images/pond5_image_62643548.jpg,"{""person_single_face_headshot_center"": 2, ""person_single_upper_half_body_center"": 5, ""person_single_upper_half_body_rot"": 5, ""scene_center"": 6}","{""16:9"": 1, ""1:1"": 4, ""3:4"": 4, ""4:3"": 3, ""9:16"": 3, ""FREE"": 3}","{""person_single/face_headshot/center/tight_subject/feasible"": 2, ""person_single/upper_half_body/center/balanced/feasible"": 5, ""person_single/upper_half_body/rot/balanced/feasible"": 5, ""scene/na/center/balanced/feasible"": 6}","{""person_single|face_headshot|center|tight_subject|feasible"": 2, ""person_single|upper_half_body|center|balanced|feasible"": 5, ""person_single|upper_half_body|rot|balanced|feasible"": 5, ""scene|na|center|balanced|feasible"": 6}"
sstk_image_1438070810,pet_dogcat,pet_dogcat,pet_dogcat|na|center|tight_subject|feasible,pet_dogcat,,tight_subject,0.68757,10,10,10,data/SSTK/PhaseA_PhotoPrimary_10K_SigLIP2_v5_20260529/artifacts/training_labels_multimode/260609_v17_routing_v2_precompute_native_nofood_petstrict_cropstrict_nms_v5/crop_review_routing_v2_v17_precompute_native/panels_unified_220/panels/review_sstk_image_1438070810.jpg,data/SSTK/PhaseA_PhotoPrimary_10K_SigLIP2_v5_20260529/images/sstk_image_1438070810.jpg,"{""pet_dogcat_center"": 4, ""pet_dogcat_rot"": 4, ""scene_center"": 2}","{""16:9"": 2, ""1:1"": 2, ""4:3"": 3, ""FREE"": 3}","{""pet_dogcat/na/center/tight_subject/feasible"": 4, ""pet_dogcat/na/rot/balanced/feasible"": 4, ""scene/na/center/balanced/feasible"": 2}","{""pet_dogcat|na|center|tight_subject|feasible"": 4, ""pet_dogcat|na|rot|balanced|feasible"": 4, ""scene|na|center|balanced|feasible"": 2}"
sstk_image_631381622,pet_dogcat,pet_dogcat,pet_dogcat|na|center|tight_subject|feasible,pet_dogcat,,tight_subject,0.719482,15,15,12,data/SSTK/PhaseA_PhotoPrimary_10K_SigLIP2_v5_20260529/artifacts/training_labels_multimode/260609_v17_routing_v2_precompute_native_nofood_petstrict_cropstrict_nms_v5/crop_review_routing_v2_v17_precompute_native/panels_unified_220/panels/review_sstk_image_631381622.jpg,data/SSTK/PhaseA_PhotoPrimary_10K_SigLIP2_v5_20260529/images/sstk_image_631381622.jpg,"{""pet_dogcat_center"": 5, ""pet_dogcat_rot"": 4, ""scene_center"": 6}","{""16:9"": 1, ""1:1"": 3, ""3:4"": 3, ""4:3"": 3, ""9:16"": 2, ""FREE"": 3}","{""pet_dogcat/na/center/tight_subject/feasible"": 5, ""pet_dogcat/na/rot/balanced/feasible"": 4, ""scene/na/center/balanced/feasible"": 6}","{""pet_dogcat|na|center|tight_subject|feasible"": 5, ""pet_dogcat|na|rot|balanced|feasible"": 4, ""scene|na|center|balanced|feasible"": 6}"
sstk_image_1553693108,pet_dogcat,pet_dogcat,pet_dogcat|na|center|tight_subject|feasible,pet_dogcat,,tight_subject,0.69831,10,10,10,data/SSTK/PhaseA_PhotoPrimary_10K_SigLIP2_v5_20260529/artifacts/training_labels_multimode/260609_v17_routing_v2_precompute_native_nofood_petstrict_cropstrict_nms_v5/crop_review_routing_v2_v17_precompute_native/panels_unified_220/panels/review_sstk_image_1553693108.jpg,data/SSTK/PhaseA_PhotoPrimary_10K_SigLIP2_v5_20260529/images/sstk_image_1553693108.jpg,"{""pet_dogcat_center"": 5, ""pet_dogcat_rot"": 3, ""scene_center"": 2}","{""1:1"": 2, ""3:4"": 2, ""4:3"": 2, ""9:16"": 1, ""FREE"": 3}","{""pet_dogcat/na/center/tight_subject/feasible"": 5, ""pet_dogcat/na/rot/balanced/feasible"": 3, ""scene/na/center/balanced/feasible"": 2}","{""pet_dogcat|na|center|tight_subject|feasible"": 5, ""pet_dogcat|na|rot|balanced|feasible"": 3, ""scene|na|center|balanced|feasible"": 2}"
bigstock_image_216046900,pet_dogcat,pet_dogcat,pet_dogcat|na|center|tight_subject|feasible,pet_dogcat,,tight_subject,0.697278,10,10,10,data/SSTK/PhaseA_PhotoPrimary_10K_SigLIP2_v5_20260529/artifacts/training_labels_multimode/260609_v17_routing_v2_precompute_native_nofood_petstrict_cropstrict_nms_v5/crop_review_routing_v2_v17_precompute_native/panels_unified_220/panels/review_bigstock_image_216046900.jpg,data/SSTK/PhaseA_PhotoPrimary_10K_SigLIP2_v5_20260529/images/bigstock_image_216046900.jpg,"{""pet_dogcat_center"": 4, ""pet_dogcat_rot"": 4, ""scene_center"": 2}","{""1:1"": 2, ""3:4"": 3, ""9:16"": 2, ""FREE"": 3}","{""pet_dogcat/na/center/tight_subject/feasible"": 4, ""pet_dogcat/na/rot/balanced/feasible"": 4, ""scene/na/center/balanced/feasible"": 2}","{""pet_dogcat|na|center|tight_subject|feasible"": 4, ""pet_dogcat|na|rot|balanced|feasible"": 4, ""scene|na|center|balanced|feasible"": 2}"
sstk_image_2032640864,pet_dogcat,pet_dogcat,pet_dogcat|na|center|tight_subject|feasible,pet_dogcat,,tight_subject,0.707422,15,15,12,data/SSTK/PhaseA_PhotoPrimary_10K_SigLIP2_v5_20260529/artifacts/training_labels_multimode/260609_v17_routing_v2_precompute_native_nofood_petstrict_cropstrict_nms_v5/crop_review_routing_v2_v17_precompute_native/panels_unified_220/panels/review_sstk_image_2032640864.jpg,data/SSTK/PhaseA_PhotoPrimary_10K_SigLIP2_v5_20260529/images/sstk_image_2032640864.jpg,"{""pet_dogcat_center"": 6, ""pet_dogcat_rot"": 6, ""scene_center"": 3}","{""16:9"": 3, ""1:1"": 2, ""3:4"": 2, ""4:3"": 3, ""9:16"": 2, ""FREE"": 3}","{""pet_dogcat/na/center/tight_subject/feasible"": 6, ""pet_dogcat/na/rot/balanced/feasible"": 6, ""scene/na/center/balanced/feasible"": 3}","{""pet_dogcat|na|center|tight_subject|feasible"": 6, ""pet_dogcat|na|rot|balanced|feasible"": 6, ""scene|na|center|balanced|feasible"": 3}"
sstk_image_2107409291,pet_dogcat,pet_dogcat,pet_dogcat|na|center|tight_subject|feasible,pet_dogcat,,tight_subject,0.82426,18,18,12,data/SSTK/PhaseA_PhotoPrimary_10K_SigLIP2_v5_20260529/artifacts/training_labels_multimode/260609_v17_routing_v2_precompute_native_nofood_petstrict_cropstrict_nms_v5/crop_review_routing_v2_v17_precompute_native/panels_unified_220/panels/review_sstk_image_2107409291.jpg,data/SSTK/PhaseA_PhotoPrimary_10K_SigLIP2_v5_20260529/images/sstk_image_2107409291.jpg,"{""pet_dogcat_center"": 6, ""pet_dogcat_rot"": 6, ""scene_center"": 6}","{""16:9"": 3, ""1:1"": 3, ""3:4"": 3, ""4:3"": 3, ""9:16"": 3, ""FREE"": 3}","{""pet_dogcat/na/center/tight_subject/feasible"": 6, ""pet_dogcat/na/rot/balanced/feasible"": 6, ""scene/na/center/balanced/feasible"": 6}","{""pet_dogcat|na|center|tight_subject|feasible"": 6, ""pet_dogcat|na|rot|balanced|feasible"": 6, ""scene|na|center|balanced|feasible"": 6}"
sstk_image_1727361622,pet_dogcat,pet_dogcat,pet_dogcat|na|center|tight_subject|feasible,pet_dogcat,,tight_subject,0.760881,36,15,12,data/SSTK/PhaseA_PhotoPrimary_10K_SigLIP2_v5_20260529/artifacts/training_labels_multimode/260609_v17_routing_v2_precompute_native_nofood_petstrict_cropstrict_nms_v5/crop_review_routing_v2_v17_precompute_native/panels_unified_220/panels/review_sstk_image_1727361622.jpg,data/SSTK/PhaseA_PhotoPrimary_10K_SigLIP2_v5_20260529/images/sstk_image_1727361622.jpg,"{""pet_dogcat_center"": 17, ""pet_dogcat_rot"": 16, ""scene_center"": 3}","{""16:9"": 5, ""1:1"": 6, ""3:4"": 6, ""4:3"": 7, ""9:16"": 5, ""FREE"": 7}","{""pet_dogcat/na/center/tight_subject/feasible"": 17, ""pet_dogcat/na/rot/balanced/feasible"": 16, ""scene/na/center/balanced/feasible"": 3}","{""pet_dogcat|na|center|tight_subject|feasible"": 17, ""pet_dogcat|na|rot|balanced|feasible"": 16, ""scene|na|center|balanced|feasible"": 3}"
sstk_image_1527296582,pet_dogcat,pet_dogcat,pet_dogcat|na|center|tight_subject|feasible,pet_dogcat,,tight_subject,0.779529,24,14,12,data/SSTK/PhaseA_PhotoPrimary_10K_SigLIP2_v5_20260529/artifacts/training_labels_multimode/260609_v17_routing_v2_precompute_native_nofood_petstrict_cropstrict_nms_v5/crop_review_routing_v2_v17_precompute_native/panels_unified_220/panels/review_sstk_image_1527296582.jpg,data/SSTK/PhaseA_PhotoPrimary_10K_SigLIP2_v5_20260529/images/sstk_image_1527296582.jpg,"{""pet_dogcat_center"": 11, ""pet_dogcat_rot"": 11, ""scene_center"": 2}","{""16:9"": 2, ""1:1"": 4, ""3:4"": 4, ""4:3"": 5, ""9:16"": 4, ""FREE"": 5}","{""pet_dogcat/na/center/tight_subject/feasible"": 11, ""pet_dogcat/na/rot/balanced/feasible"": 11, ""scene/na/center/balanced/feasible"": 2}","{""pet_dogcat|na|center|tight_subject|feasible"": 11, ""pet_dogcat|na|rot|balanced|feasible"": 11, ""scene|na|center|balanced|feasible"": 2}"
bigstock_image_342307816,pet_dogcat,pet_dogcat,pet_dogcat|na|center|tight_subject|feasible,pet_dogcat,,tight_subject,0.733726,16,14,12,data/SSTK/PhaseA_PhotoPrimary_10K_SigLIP2_v5_20260529/artifacts/training_labels_multimode/260609_v17_routing_v2_precompute_native_nofood_petstrict_cropstrict_nms_v5/crop_review_routing_v2_v17_precompute_native/panels_unified_220/panels/review_bigstock_image_342307816.jpg,data/SSTK/PhaseA_PhotoPrimary_10K_SigLIP2_v5_20260529/images/bigstock_image_342307816.jpg,"{""pet_dogcat_center"": 6, ""pet_dogcat_rot"": 8, ""scene_center"": 2}","{""16:9"": 2, ""1:1"": 2, ""3:4"": 2, ""4:3"": 4, ""9:16"": 2, ""FREE"": 4}","{""pet_dogcat/na/center/tight_subject/feasible"": 6, ""pet_dogcat/na/rot/balanced/feasible"": 8, ""scene/na/center/balanced/feasible"": 2}","{""pet_dogcat|na|center|tight_subject|feasible"": 6, ""pet_dogcat|na|rot|balanced|feasible"": 8, ""scene|na|center|balanced|feasible"": 2}"
sstk_image_1024362835,pet_dogcat,pet_dogcat,pet_dogcat|na|center|tight_subject|feasible,pet_dogcat,,tight_subject,0.70068,11,11,11,data/SSTK/PhaseA_PhotoPrimary_10K_SigLIP2_v5_20260529/artifacts/training_labels_multimode/260609_v17_routing_v2_precompute_native_nofood_petstrict_cropstrict_nms_v5/crop_review_routing_v2_v17_precompute_native/panels_unified_220/panels/review_sstk_image_1024362835.jpg,data/SSTK/PhaseA_PhotoPrimary_10K_SigLIP2_v5_20260529/images/sstk_image_1024362835.jpg,"{""pet_dogcat_center"": 6, ""pet_dogcat_rot"": 5}","{""16:9"": 1, ""1:1"": 2, ""3:4"": 2, ""4:3"": 2, ""9:16"": 2, ""FREE"": 2}","{""pet_dogcat/na/center/tight_subject/feasible"": 6, ""pet_dogcat/na/rot/balanced/feasible"": 5}","{""pet_dogcat|na|center|tight_subject|feasible"": 6, ""pet_dogcat|na|rot|balanced|feasible"": 5}"
pond5_image_232387595,person_group,person_group,person_group|na|center|balanced|feasible,person_group,,balanced,0.99,12,12,12,data/SSTK/PhaseA_PhotoPrimary_10K_SigLIP2_v5_20260529/artifacts/training_labels_multimode/260609_v17_routing_v2_precompute_native_nofood_petstrict_cropstrict_nms_v5/crop_review_routing_v2_v17_precompute_native/panels_unified_220/panels/review_pond5_image_232387595.jpg,data/SSTK/PhaseA_PhotoPrimary_10K_SigLIP2_v5_20260529/images/pond5_image_232387595.jpg,"{""person_single_full_body_center"": 4, ""person_single_full_body_rot"": 4, ""scene_center"": 4}","{""1:1"": 3, ""3:4"": 3, ""9:16"": 3, ""FREE"": 3}","{""person_single/full_body/center/balanced/feasible"": 4, ""person_single/full_body/rot/balanced/feasible"": 4, ""scene/na/center/balanced/feasible"": 4}","{""person_single|full_body|center|balanced|feasible"": 4, ""person_single|full_body|rot|balanced|feasible"": 4, ""scene|na|center|balanced|feasible"": 4}"
pond5_image_222757281,person_single_upper_half_body,person_single_upper_half_body,person_single|upper_half_body|center|balanced|feasible,person_single,upper_half_body,balanced,0.99,8,8,8,data/SSTK/PhaseA_PhotoPrimary_10K_SigLIP2_v5_20260529/artifacts/training_labels_multimode/260609_v17_routing_v2_precompute_native_nofood_petstrict_cropstrict_nms_v5/crop_review_routing_v2_v17_precompute_native/panels_unified_220/panels/review_pond5_image_222757281.jpg,data/SSTK/PhaseA_PhotoPrimary_10K_SigLIP2_v5_20260529/images/pond5_image_222757281.jpg,"{""person_single_face_headshot_center"": 2, ""scene_center"": 6}","{""16:9"": 1, ""1:1"": 1, ""3:4"": 2, ""4:3"": 1, ""9:16"": 2, ""FREE"": 1}","{""person_single/face_headshot/center/tight_subject/feasible"": 2, ""scene/na/center/balanced/feasible"": 6}","{""person_single|face_headshot|center|tight_subject|feasible"": 2, ""scene|na|center|balanced|feasible"": 6}"
sstk_image_1180248949,scene,scene,scene|na|center|balanced|feasible,scene,,balanced,0.45,2,2,2,data/SSTK/PhaseA_PhotoPrimary_10K_SigLIP2_v5_20260529/artifacts/training_labels_multimode/260609_v17_routing_v2_precompute_native_nofood_petstrict_cropstrict_nms_v5/crop_review_routing_v2_v17_precompute_native/panels_unified_220/panels/review_sstk_image_1180248949.jpg,data/SSTK/PhaseA_PhotoPrimary_10K_SigLIP2_v5_20260529/images/sstk_image_1180248949.jpg,"{""scene_center"": 2}","{""1:1"": 1, ""FREE"": 1}","{""scene/na/center/balanced/feasible"": 2}","{""scene|na|center|balanced|feasible"": 2}"
pond5_image_158432612,scene,scene,scene|na|center|balanced|feasible,scene,,balanced,0.57,5,5,5,data/SSTK/PhaseA_PhotoPrimary_10K_SigLIP2_v5_20260529/artifacts/training_labels_multimode/260609_v17_routing_v2_precompute_native_nofood_petstrict_cropstrict_nms_v5/crop_review_routing_v2_v17_precompute_native/panels_unified_220/panels/review_pond5_image_158432612.jpg,data/SSTK/PhaseA_PhotoPrimary_10K_SigLIP2_v5_20260529/images/pond5_image_158432612.jpg,"{""scene_center"": 5}","{""16:9"": 1, ""1:1"": 1, ""3:4"": 1, ""4:3"": 1, ""FREE"": 1}","{""scene/na/center/balanced/feasible"": 5}","{""scene|na|center|balanced|feasible"": 5}"
pond5_image_140984273,person_single_face_headshot,person_single_face_headshot,person_single|face_headshot|center|tight_subject|feasible,person_single,face_headshot,tight_subject,0.95,8,8,8,data/SSTK/PhaseA_PhotoPrimary_10K_SigLIP2_v5_20260529/artifacts/training_labels_multimode/260609_v17_routing_v2_precompute_native_nofood_petstrict_cropstrict_nms_v5/crop_review_routing_v2_v17_precompute_native/panels_unified_220/panels/review_pond5_image_140984273.jpg,data/SSTK/PhaseA_PhotoPrimary_10K_SigLIP2_v5_20260529/images/pond5_image_140984273.jpg,"{""person_single_face_headshot_center"": 5, ""scene_center"": 3}","{""16:9"": 1, ""1:1"": 2, ""3:4"": 1, ""4:3"": 2, ""FREE"": 2}","{""person_single/face_headshot/center/tight_subject/feasible"": 5, ""scene/na/center/balanced/feasible"": 3}","{""person_single|face_headshot|center|tight_subject|feasible"": 5, ""scene|na|center|balanced|feasible"": 3}"
sstk_image_1055359313,person_group,person_group,person_group|na|center|balanced|feasible,person_group,,balanced,0.99,26,26,12,data/SSTK/PhaseA_PhotoPrimary_10K_SigLIP2_v5_20260529/artifacts/training_labels_multimode/260609_v17_routing_v2_precompute_native_nofood_petstrict_cropstrict_nms_v5/crop_review_routing_v2_v17_precompute_native/panels_unified_220/panels/review_sstk_image_1055359313.jpg,data/SSTK/PhaseA_PhotoPrimary_10K_SigLIP2_v5_20260529/images/sstk_image_1055359313.jpg,"{""person_group_center"": 6, ""person_group_rot"": 6, ""person_single_full_body_center"": 3, ""person_single_full_body_rot"": 5, ""scene_center"": 6}","{""16:9"": 5, ""1:1"": 4, ""3:4"": 4, ""4:3"": 5, ""9:16"": 3, ""FREE"": 5}","{""person_group/na/center/balanced/feasible"": 6, ""person_group/na/rot/balanced/feasible"": 6, ""person_single/full_body/center/balanced/feasible"": 3, ""person_single/full_body/rot/balanced/feasible"": 5, ""scene/na/center/balanced/feasible"": 6}","{""person_group|na|center|balanced|feasible"": 6, ""person_group|na|rot|balanced|feasible"": 6, ""person_single|full_body|center|balanced|feasible"": 3, ""person_single|full_body|rot|balanced|feasible"": 5, ""scene|na|center|balanced|feasible"": 6}"
bigstock_image_233205895,person_group,person_group,person_group|na|center|balanced|feasible,person_group,,balanced,0.99,16,16,12,data/SSTK/PhaseA_PhotoPrimary_10K_SigLIP2_v5_20260529/artifacts/training_labels_multimode/260609_v17_routing_v2_precompute_native_nofood_petstrict_cropstrict_nms_v5/crop_review_routing_v2_v17_precompute_native/panels_unified_220/panels/review_bigstock_image_233205895.jpg,data/SSTK/PhaseA_PhotoPrimary_10K_SigLIP2_v5_20260529/images/bigstock_image_233205895.jpg,"{""person_group_center"": 6, ""person_group_rot"": 5, ""person_single_face_headshot_center"": 3, ""scene_center"": 2}","{""16:9"": 1, ""1:1"": 3, ""3:4"": 3, ""4:3"": 3, ""9:16"": 3, ""FREE"": 3}","{""person_group/na/center/balanced/feasible"": 6, ""person_group/na/rot/balanced/feasible"": 5, ""person_single/face_headshot/center/tight_subject/feasible"": 3, ""scene/na/center/balanced/feasible"": 2}","{""person_group|na|center|balanced|feasible"": 6, ""person_group|na|rot|balanced|feasible"": 5, ""person_single|face_headshot|center|tight_subject|feasible"": 3, ""scene|na|center|balanced|feasible"": 2}"
sstk_image_1055359298,person_group,person_group,person_group|na|center|balanced|feasible,person_group,,balanced,0.99,18,18,12,data/SSTK/PhaseA_PhotoPrimary_10K_SigLIP2_v5_20260529/artifacts/training_labels_multimode/260609_v17_routing_v2_precompute_native_nofood_petstrict_cropstrict_nms_v5/crop_review_routing_v2_v17_precompute_native/panels_unified_220/panels/review_sstk_image_1055359298.jpg,data/SSTK/PhaseA_PhotoPrimary_10K_SigLIP2_v5_20260529/images/sstk_image_1055359298.jpg,"{""person_group_center"": 6, ""person_group_rot"": 6, ""scene_center"": 6}","{""16:9"": 3, ""1:1"": 3, ""3:4"": 3, ""4:3"": 3, ""9:16"": 3, ""FREE"": 3}","{""person_group/na/center/balanced/feasible"": 6, ""person_group/na/rot/balanced/feasible"": 6, ""scene/na/center/balanced/feasible"": 6}","{""person_group|na|center|balanced|feasible"": 6, ""person_group|na|rot|balanced|feasible"": 6, ""scene|na|center|balanced|feasible"": 6}"
sstk_image_1064289491,person_group,person_group,person_group|na|center|balanced|feasible,person_group,,balanced,0.99,17,17,12,data/SSTK/PhaseA_PhotoPrimary_10K_SigLIP2_v5_20260529/artifacts/training_labels_multimode/260609_v17_routing_v2_precompute_native_nofood_petstrict_cropstrict_nms_v5/crop_review_routing_v2_v17_precompute_native/panels_unified_220/panels/review_sstk_image_1064289491.jpg,data/SSTK/PhaseA_PhotoPrimary_10K_SigLIP2_v5_20260529/images/sstk_image_1064289491.jpg,"{""person_group_center"": 6, ""person_group_rot"": 6, ""scene_center"": 5}","{""16:9"": 3, ""1:1"": 3, ""3:4"": 3, ""4:3"": 3, ""9:16"": 2, ""FREE"": 3}","{""person_group/na/center/balanced/feasible"": 6, ""person_group/na/rot/balanced/feasible"": 6, ""scene/na/center/balanced/feasible"": 5}","{""person_group|na|center|balanced|feasible"": 6, ""person_group|na|rot|balanced|feasible"": 6, ""scene|na|center|balanced|feasible"": 5}"
sstk_image_1804406110,person_group,person_group,person_group|na|center|balanced|feasible,person_group,,balanced,0.99,16,16,12,data/SSTK/PhaseA_PhotoPrimary_10K_SigLIP2_v5_20260529/artifacts/training_labels_multimode/260609_v17_routing_v2_precompute_native_nofood_petstrict_cropstrict_nms_v5/crop_review_routing_v2_v17_precompute_native/panels_unified_220/panels/review_sstk_image_1804406110.jpg,data/SSTK/PhaseA_PhotoPrimary_10K_SigLIP2_v5_20260529/images/sstk_image_1804406110.jpg,"{""person_group_center"": 4, ""person_single_face_headshot_center"": 3, ""person_single_full_body_center"": 4, ""person_single_full_body_rot"": 3, ""scene_center"": 2}","{""1:1"": 3, ""3:4"": 5, ""9:16"": 3, ""FREE"": 5}","{""person_group/na/center/balanced/feasible"": 4, ""person_single/face_headshot/center/tight_subject/feasible"": 3, ""person_single/full_body/center/balanced/feasible"": 4, ""person_single/full_body/rot/balanced/feasible"": 3, ""scene/na/center/balanced/feasible"": 2}","{""person_group|na|center|balanced|feasible"": 4, ""person_single|face_headshot|center|tight_subject|feasible"": 3, ""person_single|full_body|center|balanced|feasible"": 4, ""person_single|full_body|rot|balanced|feasible"": 3, ""scene|na|center|balanced|feasible"": 2}"
sstk_image_672913279,person_group,person_group,person_group|na|center|balanced|feasible,person_group,,balanced,0.99,22,22,12,data/SSTK/PhaseA_PhotoPrimary_10K_SigLIP2_v5_20260529/artifacts/training_labels_multimode/260609_v17_routing_v2_precompute_native_nofood_petstrict_cropstrict_nms_v5/crop_review_routing_v2_v17_precompute_native/panels_unified_220/panels/review_sstk_image_672913279.jpg,data/SSTK/PhaseA_PhotoPrimary_10K_SigLIP2_v5_20260529/images/sstk_image_672913279.jpg,"{""person_group_center"": 5, ""person_group_rot"": 4, ""person_single_full_body_center"": 4, ""person_single_full_body_rot"": 4, ""scene_center"": 5}","{""1:1"": 5, ""3:4"": 5, ""4:3"": 2, ""9:16"": 5, ""FREE"": 5}","{""person_group/na/center/balanced/feasible"": 5, ""person_group/na/rot/balanced/feasible"": 4, ""person_single/full_body/center/balanced/feasible"": 4, ""person_single/full_body/rot/balanced/feasible"": 4, ""scene/na/center/balanced/feasible"": 5}","{""person_group|na|center|balanced|feasible"": 5, ""person_group|na|rot|balanced|feasible"": 4, ""person_single|full_body|center|balanced|feasible"": 4, ""person_single|full_body|rot|balanced|feasible"": 4, ""scene|na|center|balanced|feasible"": 5}"
pond5_image_156415111,person_group,person_group,person_group|na|center|balanced|feasible,person_group,,balanced,0.99,17,17,12,data/SSTK/PhaseA_PhotoPrimary_10K_SigLIP2_v5_20260529/artifacts/training_labels_multimode/260609_v17_routing_v2_precompute_native_nofood_petstrict_cropstrict_nms_v5/crop_review_routing_v2_v17_precompute_native/panels_unified_220/panels/review_pond5_image_156415111.jpg,data/SSTK/PhaseA_PhotoPrimary_10K_SigLIP2_v5_20260529/images/pond5_image_156415111.jpg,"{""person_group_center"": 3, ""person_group_rot"": 4, ""person_single_full_body_center"": 3, ""person_single_full_body_rot"": 4, ""scene_center"": 3}","{""1:1"": 3, ""3:4"": 5, ""9:16"": 4, ""FREE"": 5}","{""person_group/na/center/balanced/feasible"": 3, ""person_group/na/rot/balanced/feasible"": 4, ""person_single/full_body/center/balanced/feasible"": 3, ""person_single/full_body/rot/balanced/feasible"": 4, ""scene/na/center/balanced/feasible"": 3}","{""person_group|na|center|balanced|feasible"": 3, ""person_group|na|rot|balanced|feasible"": 4, ""person_single|full_body|center|balanced|feasible"": 3, ""person_single|full_body|rot|balanced|feasible"": 4, ""scene|na|center|balanced|feasible"": 3}"
sstk_image_712835611,person_group,person_group,person_group|na|center|balanced|feasible,person_group,,balanced,0.99,30,23,12,data/SSTK/PhaseA_PhotoPrimary_10K_SigLIP2_v5_20260529/artifacts/training_labels_multimode/260609_v17_routing_v2_precompute_native_nofood_petstrict_cropstrict_nms_v5/crop_review_routing_v2_v17_precompute_native/panels_unified_220/panels/review_sstk_image_712835611.jpg,data/SSTK/PhaseA_PhotoPrimary_10K_SigLIP2_v5_20260529/images/sstk_image_712835611.jpg,"{""person_group_center"": 4, ""person_group_rot"": 4, ""person_single_face_headshot_center"": 10, ""person_single_full_body_center"": 5, ""person_single_full_body_rot"": 7}","{""16:9"": 1, ""1:1"": 7, ""3:4"": 7, ""4:3"": 2, ""9:16"": 6, ""FREE"": 7}","{""person_group/na/center/balanced/feasible"": 4, ""person_group/na/rot/balanced/feasible"": 4, ""person_single/face_headshot/center/tight_subject/feasible"": 10, ""person_single/full_body/center/balanced/feasible"": 5, ""person_single/full_body/rot/balanced/feasible"": 7}","{""person_group|na|center|balanced|feasible"": 4, ""person_group|na|rot|balanced|feasible"": 4, ""person_single|face_headshot|center|tight_subject|feasible"": 10, ""person_single|full_body|center|balanced|feasible"": 5, ""person_single|full_body|rot|balanced|feasible"": 7}"
sstk_image_1260664786,person_single_full_body,person_single_full_body,person_single|full_body|center|environmental|feasible,person_single,full_body,environmental,0.99,12,12,12,data/SSTK/PhaseA_PhotoPrimary_10K_SigLIP2_v5_20260529/artifacts/training_labels_multimode/260609_v17_routing_v2_precompute_native_nofood_petstrict_cropstrict_nms_v5/crop_review_routing_v2_v17_precompute_native/panels_unified_220/panels/review_sstk_image_1260664786.jpg,data/SSTK/PhaseA_PhotoPrimary_10K_SigLIP2_v5_20260529/images/sstk_image_1260664786.jpg,"{""person_group_center"": 4, ""person_group_rot"": 3, ""person_single_full_body_center"": 2, ""person_single_full_body_rot"": 2, ""scene_center"": 1}","{""1:1"": 1, ""3:4"": 3, ""9:16"": 3, ""FREE"": 5}","{""person_group/na/center/balanced/feasible"": 4, ""person_group/na/rot/balanced/feasible"": 3, ""person_single/full_body/center/balanced/feasible"": 2, ""person_single/full_body/rot/balanced/feasible"": 2, ""scene/na/center/balanced/feasible"": 1}","{""person_group|na|center|balanced|feasible"": 4, ""person_group|na|rot|balanced|feasible"": 3, ""person_single|full_body|center|balanced|feasible"": 2, ""person_single|full_body|rot|balanced|feasible"": 2, ""scene|na|center|balanced|feasible"": 1}"
sstk_image_696709084,person_single_upper_half_body,person_single_upper_half_body,person_single|upper_half_body|center|balanced|feasible,person_single,upper_half_body,balanced,0.95,17,13,12,data/SSTK/PhaseA_PhotoPrimary_10K_SigLIP2_v5_20260529/artifacts/training_labels_multimode/260609_v17_routing_v2_precompute_native_nofood_petstrict_cropstrict_nms_v5/crop_review_routing_v2_v17_precompute_native/panels_unified_220/panels/review_sstk_image_696709084.jpg,data/SSTK/PhaseA_PhotoPrimary_10K_SigLIP2_v5_20260529/images/sstk_image_696709084.jpg,"{""person_group_center"": 2, ""person_group_rot"": 3, ""person_single_face_headshot_center"": 9, ""scene_center"": 3}","{""1:1"": 2, ""3:4"": 4, ""4:3"": 2, ""9:16"": 4, ""FREE"": 5}","{""person_group/na/center/balanced/feasible"": 2, ""person_group/na/rot/balanced/feasible"": 3, ""person_single/face_headshot/center/tight_subject/feasible"": 9, ""scene/na/center/balanced/feasible"": 3}","{""person_group|na|center|balanced|feasible"": 2, ""person_group|na|rot|balanced|feasible"": 3, ""person_single|face_headshot|center|tight_subject|feasible"": 9, ""scene|na|center|balanced|feasible"": 3}"
sstk_image_2145892755,person_single_upper_half_body,person_single_upper_half_body,person_single|upper_half_body|center|balanced|feasible,person_single,upper_half_body,balanced,0.95,9,9,9,data/SSTK/PhaseA_PhotoPrimary_10K_SigLIP2_v5_20260529/artifacts/training_labels_multimode/260609_v17_routing_v2_precompute_native_nofood_petstrict_cropstrict_nms_v5/crop_review_routing_v2_v17_precompute_native/panels_unified_220/panels/review_sstk_image_2145892755.jpg,data/SSTK/PhaseA_PhotoPrimary_10K_SigLIP2_v5_20260529/images/sstk_image_2145892755.jpg,"{""person_single_face_headshot_center"": 6, ""scene_center"": 3}","{""16:9"": 1, ""1:1"": 2, ""3:4"": 1, ""4:3"": 2, ""9:16"": 1, ""FREE"": 2}","{""person_single/face_headshot/center/tight_subject/feasible"": 6, ""scene/na/center/balanced/feasible"": 3}","{""person_single|face_headshot|center|tight_subject|feasible"": 6, ""scene|na|center|balanced|feasible"": 3}"
sstk_image_758931226,person_single_upper_half_body,person_single_upper_half_body,person_single|upper_half_body|center|balanced|feasible,person_single,upper_half_body,balanced,0.95,5,5,5,data/SSTK/PhaseA_PhotoPrimary_10K_SigLIP2_v5_20260529/artifacts/training_labels_multimode/260609_v17_routing_v2_precompute_native_nofood_petstrict_cropstrict_nms_v5/crop_review_routing_v2_v17_precompute_native/panels_unified_220/panels/review_sstk_image_758931226.jpg,data/SSTK/PhaseA_PhotoPrimary_10K_SigLIP2_v5_20260529/images/sstk_image_758931226.jpg,"{""person_single_face_headshot_center"": 4, ""scene_center"": 1}","{""1:1"": 1, ""3:4"": 1, ""4:3"": 1, ""9:16"": 1, ""FREE"": 1}","{""person_single/face_headshot/center/tight_subject/feasible"": 4, ""scene/na/center/balanced/feasible"": 1}","{""person_single|face_headshot|center|tight_subject|feasible"": 4, ""scene|na|center|balanced|feasible"": 1}"
bigstock_image_214823983,person_group,person_group,person_group|na|center|balanced|feasible,person_group,,balanced,0.99,28,17,12,data/SSTK/PhaseA_PhotoPrimary_10K_SigLIP2_v5_20260529/artifacts/training_labels_multimode/260609_v17_routing_v2_precompute_native_nofood_petstrict_cropstrict_nms_v5/crop_review_routing_v2_v17_precompute_native/panels_unified_220/panels/review_bigstock_image_214823983.jpg,data/SSTK/PhaseA_PhotoPrimary_10K_SigLIP2_v5_20260529/images/bigstock_image_214823983.jpg,"{""person_group_center"": 2, ""person_group_rot"": 3, ""person_single_face_headshot_center"": 17, ""person_single_full_body_rot"": 3, ""scene_center"": 3}","{""16:9"": 5, ""1:1"": 4, ""3:4"": 4, ""4:3"": 6, ""9:16"": 3, ""FREE"": 6}","{""person_group/na/center/balanced/feasible"": 2, ""person_group/na/rot/balanced/feasible"": 3, ""person_single/face_headshot/center/tight_subject/feasible"": 17, ""person_single/full_body/rot/balanced/feasible"": 3, ""scene/na/center/balanced/feasible"": 3}","{""person_group|na|center|balanced|feasible"": 2, ""person_group|na|rot|balanced|feasible"": 3, ""person_single|face_headshot|center|tight_subject|feasible"": 17, ""person_single|full_body|rot|balanced|feasible"": 3, ""scene|na|center|balanced|feasible"": 3}"
sstk_image_592019399,person_single_upper_half_body,person_single_upper_half_body,person_single|upper_half_body|center|balanced|feasible,person_single,upper_half_body,balanced,0.95,4,4,4,data/SSTK/PhaseA_PhotoPrimary_10K_SigLIP2_v5_20260529/artifacts/training_labels_multimode/260609_v17_routing_v2_precompute_native_nofood_petstrict_cropstrict_nms_v5/crop_review_routing_v2_v17_precompute_native/panels_unified_220/panels/review_sstk_image_592019399.jpg,data/SSTK/PhaseA_PhotoPrimary_10K_SigLIP2_v5_20260529/images/sstk_image_592019399.jpg,"{""person_single_face_headshot_center"": 3, ""scene_center"": 1}","{""1:1"": 1, ""3:4"": 1, ""4:3"": 1, ""9:16"": 1}","{""person_single/face_headshot/center/tight_subject/feasible"": 3, ""scene/na/center/balanced/feasible"": 1}","{""person_single|face_headshot|center|tight_subject|feasible"": 3, ""scene|na|center|balanced|feasible"": 1}"
pond5_image_68953712,person_single_upper_half_body,person_single_upper_half_body,person_single|upper_half_body|center|balanced|feasible,person_single,upper_half_body,balanced,0.95,23,19,12,data/SSTK/PhaseA_PhotoPrimary_10K_SigLIP2_v5_20260529/artifacts/training_labels_multimode/260609_v17_routing_v2_precompute_native_nofood_petstrict_cropstrict_nms_v5/crop_review_routing_v2_v17_precompute_native/panels_unified_220/panels/review_pond5_image_68953712.jpg,data/SSTK/PhaseA_PhotoPrimary_10K_SigLIP2_v5_20260529/images/pond5_image_68953712.jpg,"{""person_group_center"": 3, ""person_group_rot"": 3, ""person_single_face_headshot_center"": 10, ""person_single_upper_half_body_center"": 2, ""person_single_upper_half_body_rot"": 1, ""scene_center"": 4}","{""16:9"": 3, ""1:1"": 5, ""3:4"": 2, ""4:3"": 7, ""9:16"": 1, ""FREE"": 5}","{""person_group/na/center/balanced/feasible"": 3, ""person_group/na/rot/balanced/feasible"": 3, ""person_single/face_headshot/center/tight_subject/feasible"": 10, ""person_single/upper_half_body/center/balanced/feasible"": 2, ""person_single/upper_half_body/rot/balanced/feasible"": 1, ""scene/na/center/balanced/feasible"": 4}","{""person_group|na|center|balanced|feasible"": 3, ""person_group|na|rot|balanced|feasible"": 3, ""person_single|face_headshot|center|tight_subject|feasible"": 10, ""person_single|upper_half_body|center|balanced|feasible"": 2, ""person_single|upper_half_body|rot|balanced|feasible"": 1, ""scene|na|center|balanced|feasible"": 4}"
pond5_image_87734153,person_group,person_group,person_group|na|center|balanced|feasible,person_group,,balanced,0.99,14,12,12,data/SSTK/PhaseA_PhotoPrimary_10K_SigLIP2_v5_20260529/artifacts/training_labels_multimode/260609_v17_routing_v2_precompute_native_nofood_petstrict_cropstrict_nms_v5/crop_review_routing_v2_v17_precompute_native/panels_unified_220/panels/review_pond5_image_87734153.jpg,data/SSTK/PhaseA_PhotoPrimary_10K_SigLIP2_v5_20260529/images/pond5_image_87734153.jpg,"{""person_group_center"": 3, ""person_single_face_headshot_center"": 3, ""person_single_full_body_center"": 2, ""person_single_full_body_rot"": 4, ""scene_center"": 2}","{""16:9"": 2, ""1:1"": 2, ""3:4"": 2, ""4:3"": 1, ""9:16"": 5, ""FREE"": 2}","{""person_group/na/center/balanced/feasible"": 3, ""person_single/face_headshot/center/tight_subject/feasible"": 3, ""person_single/full_body/center/balanced/feasible"": 2, ""person_single/full_body/rot/balanced/feasible"": 4, ""scene/na/center/balanced/feasible"": 2}","{""person_group|na|center|balanced|feasible"": 3, ""person_single|face_headshot|center|tight_subject|feasible"": 3, ""person_single|full_body|center|balanced|feasible"": 2, ""person_single|full_body|rot|balanced|feasible"": 4, ""scene|na|center|balanced|feasible"": 2}"
bigstock_image_184240093,person_single_full_body,person_single_full_body,person_single|full_body|center|environmental|feasible,person_single,full_body,environmental,0.99,20,20,12,data/SSTK/PhaseA_PhotoPrimary_10K_SigLIP2_v5_20260529/artifacts/training_labels_multimode/260609_v17_routing_v2_precompute_native_nofood_petstrict_cropstrict_nms_v5/crop_review_routing_v2_v17_precompute_native/panels_unified_220/panels/review_bigstock_image_184240093.jpg,data/SSTK/PhaseA_PhotoPrimary_10K_SigLIP2_v5_20260529/images/bigstock_image_184240093.jpg,"{""person_single_face_headshot_center"": 2, ""person_single_full_body_center"": 6, ""person_single_full_body_rot"": 6, ""scene_center"": 6}","{""16:9"": 3, ""1:1"": 4, ""3:4"": 4, ""4:3"": 3, ""9:16"": 3, ""FREE"": 3}","{""person_single/face_headshot/center/tight_subject/feasible"": 2, ""person_single/full_body/center/balanced/feasible"": 6, ""person_single/full_body/rot/balanced/feasible"": 6, ""scene/na/center/balanced/feasible"": 6}","{""person_single|face_headshot|center|tight_subject|feasible"": 2, ""person_single|full_body|center|balanced|feasible"": 6, ""person_single|full_body|rot|balanced|feasible"": 6, ""scene|na|center|balanced|feasible"": 6}"
sstk_image_1014045037,person_single_full_body,person_single_full_body,person_single|full_body|center|environmental|feasible,person_single,full_body,environmental,0.99,16,16,12,data/SSTK/PhaseA_PhotoPrimary_10K_SigLIP2_v5_20260529/artifacts/training_labels_multimode/260609_v17_routing_v2_precompute_native_nofood_petstrict_cropstrict_nms_v5/crop_review_routing_v2_v17_precompute_native/panels_unified_220/panels/review_sstk_image_1014045037.jpg,data/SSTK/PhaseA_PhotoPrimary_10K_SigLIP2_v5_20260529/images/sstk_image_1014045037.jpg,"{""person_single_face_headshot_center"": 3, ""person_single_full_body_center"": 3, ""person_single_full_body_rot"": 4, ""scene_center"": 6}","{""16:9"": 1, ""1:1"": 3, ""3:4"": 4, ""4:3"": 1, ""9:16"": 3, ""FREE"": 4}","{""person_single/face_headshot/center/tight_subject/feasible"": 3, ""person_single/full_body/center/balanced/feasible"": 3, ""person_single/full_body/rot/balanced/feasible"": 4, ""scene/na/center/balanced/feasible"": 6}","{""person_single|face_headshot|center|tight_subject|feasible"": 3, ""person_single|full_body|center|balanced|feasible"": 3, ""person_single|full_body|rot|balanced|feasible"": 4, ""scene|na|center|balanced|feasible"": 6}"
bigstock_image_303160969,scene,scene,scene|na|center|balanced|feasible,scene,,balanced,0.6,5,5,5,data/SSTK/PhaseA_PhotoPrimary_10K_SigLIP2_v5_20260529/artifacts/training_labels_multimode/260609_v17_routing_v2_precompute_native_nofood_petstrict_cropstrict_nms_v5/crop_review_routing_v2_v17_precompute_native/panels_unified_220/panels/review_bigstock_image_303160969.jpg,data/SSTK/PhaseA_PhotoPrimary_10K_SigLIP2_v5_20260529/images/bigstock_image_303160969.jpg,"{""person_single_face_headshot_center"": 3, ""person_single_full_body_center"": 1, ""person_single_full_body_rot"": 1}","{""1:1"": 1, ""3:4"": 1, ""9:16"": 2, ""FREE"": 1}","{""person_single/face_headshot/center/tight_subject/feasible"": 3, ""person_single/full_body/center/balanced/feasible"": 1, ""person_single/full_body/rot/balanced/feasible"": 1}","{""person_single|face_headshot|center|tight_subject|feasible"": 3, ""person_single|full_body|center|balanced|feasible"": 1, ""person_single|full_body|rot|balanced|feasible"": 1}"
sstk_image_559535617,scene,scene,scene|na|center|balanced|feasible,scene,,balanced,0.6,6,6,6,data/SSTK/PhaseA_PhotoPrimary_10K_SigLIP2_v5_20260529/artifacts/training_labels_multimode/260609_v17_routing_v2_precompute_native_nofood_petstrict_cropstrict_nms_v5/crop_review_routing_v2_v17_precompute_native/panels_unified_220/panels/review_sstk_image_559535617.jpg,data/SSTK/PhaseA_PhotoPrimary_10K_SigLIP2_v5_20260529/images/sstk_image_559535617.jpg,"{""person_single_face_headshot_center"": 3, ""person_single_full_body_center"": 2, ""scene_center"": 1}","{""1:1"": 1, ""3:4"": 1, ""9:16"": 1, ""FREE"": 3}","{""person_single/face_headshot/center/tight_subject/feasible"": 3, ""person_single/full_body/center/balanced/feasible"": 2, ""scene/na/center/balanced/feasible"": 1}","{""person_single|face_headshot|center|tight_subject|feasible"": 3, ""person_single|full_body|center|balanced|feasible"": 2, ""scene|na|center|balanced|feasible"": 1}"
sstk_image_1244264692,person_single_full_body,person_single_full_body,person_single|full_body|center|balanced|feasible,person_single,full_body,balanced,0.99,13,13,12,data/SSTK/PhaseA_PhotoPrimary_10K_SigLIP2_v5_20260529/artifacts/training_labels_multimode/260609_v17_routing_v2_precompute_native_nofood_petstrict_cropstrict_nms_v5/crop_review_routing_v2_v17_precompute_native/panels_unified_220/panels/review_sstk_image_1244264692.jpg,data/SSTK/PhaseA_PhotoPrimary_10K_SigLIP2_v5_20260529/images/sstk_image_1244264692.jpg,"{""person_single_face_headshot_center"": 3, ""person_single_full_body_center"": 1, ""person_single_full_body_rot"": 3, ""scene_center"": 6}","{""16:9"": 1, ""1:1"": 3, ""3:4"": 3, ""4:3"": 1, ""9:16"": 4, ""FREE"": 1}","{""person_single/face_headshot/center/tight_subject/feasible"": 3, ""person_single/full_body/center/balanced/feasible"": 1, ""person_single/full_body/rot/balanced/feasible"": 3, ""scene/na/center/balanced/feasible"": 6}","{""person_single|face_headshot|center|tight_subject|feasible"": 3, ""person_single|full_body|center|balanced|feasible"": 1, ""person_single|full_body|rot|balanced|feasible"": 3, ""scene|na|center|balanced|feasible"": 6}"
sstk_image_642561145,person_single_full_body,person_single_full_body,person_single|full_body|center|balanced|feasible,person_single,full_body,balanced,0.99,15,15,12,data/SSTK/PhaseA_PhotoPrimary_10K_SigLIP2_v5_20260529/artifacts/training_labels_multimode/260609_v17_routing_v2_precompute_native_nofood_petstrict_cropstrict_nms_v5/crop_review_routing_v2_v17_precompute_native/panels_unified_220/panels/review_sstk_image_642561145.jpg,data/SSTK/PhaseA_PhotoPrimary_10K_SigLIP2_v5_20260529/images/sstk_image_642561145.jpg,"{""person_single_face_headshot_center"": 3, ""person_single_full_body_center"": 5, ""person_single_full_body_rot"": 6, ""scene_center"": 1}","{""16:9"": 2, ""1:1"": 3, ""3:4"": 3, ""4:3"": 2, ""9:16"": 3, ""FREE"": 2}","{""person_single/face_headshot/center/tight_subject/feasible"": 3, ""person_single/full_body/center/balanced/feasible"": 5, ""person_single/full_body/rot/balanced/feasible"": 6, ""scene/na/center/balanced/feasible"": 1}","{""person_single|face_headshot|center|tight_subject|feasible"": 3, ""person_single|full_body|center|balanced|feasible"": 5, ""person_single|full_body|rot|balanced|feasible"": 6, ""scene|na|center|balanced|feasible"": 1}"
pond5_image_194908560,person_single_full_body,person_single_full_body,person_single|full_body|center|environmental|feasible,person_single,full_body,environmental,0.99,13,13,12,data/SSTK/PhaseA_PhotoPrimary_10K_SigLIP2_v5_20260529/artifacts/training_labels_multimode/260609_v17_routing_v2_precompute_native_nofood_petstrict_cropstrict_nms_v5/crop_review_routing_v2_v17_precompute_native/panels_unified_220/panels/review_pond5_image_194908560.jpg,data/SSTK/PhaseA_PhotoPrimary_10K_SigLIP2_v5_20260529/images/pond5_image_194908560.jpg,"{""person_single_face_headshot_center"": 2, ""person_single_full_body_center"": 4, ""person_single_full_body_rot"": 5, ""scene_center"": 2}","{""16:9"": 1, ""1:1"": 3, ""3:4"": 3, ""4:3"": 1, ""9:16"": 2, ""FREE"": 3}","{""person_single/face_headshot/center/tight_subject/feasible"": 2, ""person_single/full_body/center/balanced/feasible"": 4, ""person_single/full_body/rot/balanced/feasible"": 5, ""scene/na/center/balanced/feasible"": 2}","{""person_single|face_headshot|center|tight_subject|feasible"": 2, ""person_single|full_body|center|balanced|feasible"": 4, ""person_single|full_body|rot|balanced|feasible"": 5, ""scene|na|center|balanced|feasible"": 2}"
sstk_image_1155544192,scene,scene,scene|na|center|balanced|feasible,scene,,balanced,0.65,13,13,12,data/SSTK/PhaseA_PhotoPrimary_10K_SigLIP2_v5_20260529/artifacts/training_labels_multimode/260609_v17_routing_v2_precompute_native_nofood_petstrict_cropstrict_nms_v5/crop_review_routing_v2_v17_precompute_native/panels_unified_220/panels/review_sstk_image_1155544192.jpg,data/SSTK/PhaseA_PhotoPrimary_10K_SigLIP2_v5_20260529/images/sstk_image_1155544192.jpg,"{""person_single_face_headshot_center"": 4, ""person_single_full_body_center"": 5, ""person_single_full_body_rot"": 4}","{""1:1"": 3, ""3:4"": 3, ""4:3"": 1, ""9:16"": 3, ""FREE"": 3}","{""person_single/face_headshot/center/tight_subject/feasible"": 4, ""person_single/full_body/center/balanced/feasible"": 5, ""person_single/full_body/rot/balanced/feasible"": 4}","{""person_single|face_headshot|center|tight_subject|feasible"": 4, ""person_single|full_body|center|balanced|feasible"": 5, ""person_single|full_body|rot|balanced|feasible"": 4}"
bigstock_image_215961286,person_single_full_body,person_single_full_body,person_single|full_body|center|environmental|feasible,person_single,full_body,environmental,0.99,19,19,12,data/SSTK/PhaseA_PhotoPrimary_10K_SigLIP2_v5_20260529/artifacts/training_labels_multimode/260609_v17_routing_v2_precompute_native_nofood_petstrict_cropstrict_nms_v5/crop_review_routing_v2_v17_precompute_native/panels_unified_220/panels/review_bigstock_image_215961286.jpg,data/SSTK/PhaseA_PhotoPrimary_10K_SigLIP2_v5_20260529/images/bigstock_image_215961286.jpg,"{""person_single_face_headshot_center"": 2, ""person_single_full_body_center"": 5, ""person_single_full_body_rot"": 6, ""scene_center"": 6}","{""16:9"": 2, ""1:1"": 4, ""3:4"": 4, ""4:3"": 3, ""9:16"": 3, ""FREE"": 3}","{""person_single/face_headshot/center/tight_subject/feasible"": 2, ""person_single/full_body/center/balanced/feasible"": 5, ""person_single/full_body/rot/balanced/feasible"": 6, ""scene/na/center/balanced/feasible"": 6}","{""person_single|face_headshot|center|tight_subject|feasible"": 2, ""person_single|full_body|center|balanced|feasible"": 5, ""person_single|full_body|rot|balanced|feasible"": 6, ""scene|na|center|balanced|feasible"": 6}"
pond5_image_86336860,person_single_face_headshot,person_single_face_headshot,person_single|face_headshot|center|tight_subject|feasible,person_single,face_headshot,tight_subject,0.95,6,6,6,data/SSTK/PhaseA_PhotoPrimary_10K_SigLIP2_v5_20260529/artifacts/training_labels_multimode/260609_v17_routing_v2_precompute_native_nofood_petstrict_cropstrict_nms_v5/crop_review_routing_v2_v17_precompute_native/panels_unified_220/panels/review_pond5_image_86336860.jpg,data/SSTK/PhaseA_PhotoPrimary_10K_SigLIP2_v5_20260529/images/pond5_image_86336860.jpg,"{""person_single_face_headshot_center"": 3, ""person_single_upper_half_body_center"": 2, ""person_single_upper_half_body_rot"": 1}","{""1:1"": 1, ""3:4"": 1, ""9:16"": 2, ""FREE"": 2}","{""person_single/face_headshot/center/tight_subject/feasible"": 3, ""person_single/upper_half_body/center/balanced/feasible"": 2, ""person_single/upper_half_body/rot/balanced/feasible"": 1}","{""person_single|face_headshot|center|tight_subject|feasible"": 3, ""person_single|upper_half_body|center|balanced|feasible"": 2, ""person_single|upper_half_body|rot|balanced|feasible"": 1}"
sstk_image_1319247890,person_group,person_group,person_group|na|center|balanced|feasible,person_group,,balanced,0.99,20,13,12,data/SSTK/PhaseA_PhotoPrimary_10K_SigLIP2_v5_20260529/artifacts/training_labels_multimode/260609_v17_routing_v2_precompute_native_nofood_petstrict_cropstrict_nms_v5/crop_review_routing_v2_v17_precompute_native/panels_unified_220/panels/review_sstk_image_1319247890.jpg,data/SSTK/PhaseA_PhotoPrimary_10K_SigLIP2_v5_20260529/images/sstk_image_1319247890.jpg,"{""person_group_center"": 2, ""person_single_face_headshot_center"": 7, ""person_single_full_body_center"": 1, ""person_single_upper_half_body_center"": 6, ""person_single_upper_half_body_rot"": 2, ""scene_center"": 2}","{""1:1"": 5, ""3:4"": 8, ""4:3"": 2, ""9:16"": 2, ""FREE"": 3}","{""person_group/na/center/balanced/feasible"": 2, ""person_single/face_headshot/center/tight_subject/feasible"": 7, ""person_single/full_body/center/balanced/feasible"": 1, ""person_single/upper_half_body/center/balanced/feasible"": 6, ""person_single/upper_half_body/rot/balanced/feasible"": 2, ""scene/na/center/balanced/feasible"": 2}","{""person_group|na|center|balanced|feasible"": 2, ""person_single|face_headshot|center|tight_subject|feasible"": 7, ""person_single|full_body|center|balanced|feasible"": 1, ""person_single|upper_half_body|center|balanced|feasible"": 6, ""person_single|upper_half_body|rot|balanced|feasible"": 2, ""scene|na|center|balanced|feasible"": 2}"
pond5_image_182600089,person_single_upper_half_body,person_single_upper_half_body,person_single|upper_half_body|center|environmental|feasible,person_single,upper_half_body,environmental,0.99,20,20,12,data/SSTK/PhaseA_PhotoPrimary_10K_SigLIP2_v5_20260529/artifacts/training_labels_multimode/260609_v17_routing_v2_precompute_native_nofood_petstrict_cropstrict_nms_v5/crop_review_routing_v2_v17_precompute_native/panels_unified_220/panels/review_pond5_image_182600089.jpg,data/SSTK/PhaseA_PhotoPrimary_10K_SigLIP2_v5_20260529/images/pond5_image_182600089.jpg,"{""person_single_face_headshot_center"": 6, ""person_single_upper_half_body_center"": 6, ""person_single_upper_half_body_rot"": 6, ""scene_center"": 2}","{""16:9"": 3, ""1:1"": 3, ""3:4"": 3, ""4:3"": 4, ""9:16"": 3, ""FREE"": 4}","{""person_single/face_headshot/center/tight_subject/feasible"": 6, ""person_single/upper_half_body/center/balanced/feasible"": 6, ""person_single/upper_half_body/rot/balanced/feasible"": 6, ""scene/na/center/balanced/feasible"": 2}","{""person_single|face_headshot|center|tight_subject|feasible"": 6, ""person_single|upper_half_body|center|balanced|feasible"": 6, ""person_single|upper_half_body|rot|balanced|feasible"": 6, ""scene|na|center|balanced|feasible"": 2}"
sstk_image_627671798,person_single_face_headshot,person_single_face_headshot,person_single|face_headshot|center|tight_subject|feasible,person_single,face_headshot,tight_subject,0.95,9,9,9,data/SSTK/PhaseA_PhotoPrimary_10K_SigLIP2_v5_20260529/artifacts/training_labels_multimode/260609_v17_routing_v2_precompute_native_nofood_petstrict_cropstrict_nms_v5/crop_review_routing_v2_v17_precompute_native/panels_unified_220/panels/review_sstk_image_627671798.jpg,data/SSTK/PhaseA_PhotoPrimary_10K_SigLIP2_v5_20260529/images/sstk_image_627671798.jpg,"{""person_single_face_headshot_center"": 3, ""person_single_upper_half_body_center"": 3, ""person_single_upper_half_body_rot"": 3}","{""1:1"": 1, ""3:4"": 3, ""9:16"": 2, ""FREE"": 3}","{""person_single/face_headshot/center/tight_subject/feasible"": 3, ""person_single/upper_half_body/center/balanced/feasible"": 3, ""person_single/upper_half_body/rot/balanced/feasible"": 3}","{""person_single|face_headshot|center|tight_subject|feasible"": 3, ""person_single|upper_half_body|center|balanced|feasible"": 3, ""person_single|upper_half_body|rot|balanced|feasible"": 3}"
sstk_image_1093991057,person_single_full_body,person_single_full_body,person_single|full_body|center|balanced|feasible,person_single,full_body,balanced,0.99,11,11,11,data/SSTK/PhaseA_PhotoPrimary_10K_SigLIP2_v5_20260529/artifacts/training_labels_multimode/260609_v17_routing_v2_precompute_native_nofood_petstrict_cropstrict_nms_v5/crop_review_routing_v2_v17_precompute_native/panels_unified_220/panels/review_sstk_image_1093991057.jpg,data/SSTK/PhaseA_PhotoPrimary_10K_SigLIP2_v5_20260529/images/sstk_image_1093991057.jpg,"{""person_single_face_headshot_center"": 4, ""person_single_upper_half_body_center"": 3, ""person_single_upper_half_body_rot"": 3, ""scene_center"": 1}","{""1:1"": 1, ""3:4"": 3, ""9:16"": 3, ""FREE"": 4}","{""person_single/face_headshot/center/tight_subject/feasible"": 4, ""person_single/upper_half_body/center/balanced/feasible"": 3, ""person_single/upper_half_body/rot/balanced/feasible"": 3, ""scene/na/center/balanced/feasible"": 1}","{""person_single|face_headshot|center|tight_subject|feasible"": 4, ""person_single|upper_half_body|center|balanced|feasible"": 3, ""person_single|upper_half_body|rot|balanced|feasible"": 3, ""scene|na|center|balanced|feasible"": 1}"
sstk_image_306865853,scene,scene,scene|na|center|balanced|feasible,scene,,balanced,0.6,15,15,12,data/SSTK/PhaseA_PhotoPrimary_10K_SigLIP2_v5_20260529/artifacts/training_labels_multimode/260609_v17_routing_v2_precompute_native_nofood_petstrict_cropstrict_nms_v5/crop_review_routing_v2_v17_precompute_native/panels_unified_220/panels/review_sstk_image_306865853.jpg,data/SSTK/PhaseA_PhotoPrimary_10K_SigLIP2_v5_20260529/images/sstk_image_306865853.jpg,"{""person_single_face_headshot_center"": 3, ""person_single_upper_half_body_center"": 2, ""person_single_upper_half_body_rot"": 4, ""scene_center"": 6}","{""16:9"": 1, ""1:1"": 3, ""3:4"": 3, ""4:3"": 1, ""9:16"": 3, ""FREE"": 4}","{""person_single/face_headshot/center/tight_subject/feasible"": 3, ""person_single/upper_half_body/center/balanced/feasible"": 2, ""person_single/upper_half_body/rot/balanced/feasible"": 4, ""scene/na/center/balanced/feasible"": 6}","{""person_single|face_headshot|center|tight_subject|feasible"": 3, ""person_single|upper_half_body|center|balanced|feasible"": 2, ""person_single|upper_half_body|rot|balanced|feasible"": 4, ""scene|na|center|balanced|feasible"": 6}"
sstk_image_1513740437,person_single_upper_half_body,person_single_upper_half_body,person_single|upper_half_body|center|balanced|feasible,person_single,upper_half_body,balanced,0.95,6,6,6,data/SSTK/PhaseA_PhotoPrimary_10K_SigLIP2_v5_20260529/artifacts/training_labels_multimode/260609_v17_routing_v2_precompute_native_nofood_petstrict_cropstrict_nms_v5/crop_review_routing_v2_v17_precompute_native/panels_unified_220/panels/review_sstk_image_1513740437.jpg,data/SSTK/PhaseA_PhotoPrimary_10K_SigLIP2_v5_20260529/images/sstk_image_1513740437.jpg,"{""person_single_face_headshot_center"": 3, ""person_single_upper_half_body_rot"": 2, ""scene_center"": 1}","{""3:4"": 1, ""9:16"": 2, ""FREE"": 3}","{""person_single/face_headshot/center/tight_subject/feasible"": 3, ""person_single/upper_half_body/rot/balanced/feasible"": 2, ""scene/na/center/balanced/feasible"": 1}","{""person_single|face_headshot|center|tight_subject|feasible"": 3, ""person_single|upper_half_body|rot|balanced|feasible"": 2, ""scene|na|center|balanced|feasible"": 1}"
pond5_image_72309116,person_single_face_headshot,person_single_face_headshot,person_single|face_headshot|center|tight_subject|feasible,person_single,face_headshot,tight_subject,0.95,10,10,10,data/SSTK/PhaseA_PhotoPrimary_10K_SigLIP2_v5_20260529/artifacts/training_labels_multimode/260609_v17_routing_v2_precompute_native_nofood_petstrict_cropstrict_nms_v5/crop_review_routing_v2_v17_precompute_native/panels_unified_220/panels/review_pond5_image_72309116.jpg,data/SSTK/PhaseA_PhotoPrimary_10K_SigLIP2_v5_20260529/images/pond5_image_72309116.jpg,"{""person_single_face_headshot_center"": 3, ""person_single_upper_half_body_center"": 3, ""person_single_upper_half_body_rot"": 2, ""scene_center"": 2}","{""1:1"": 1, ""3:4"": 3, ""9:16"": 2, ""FREE"": 4}","{""person_single/face_headshot/center/tight_subject/feasible"": 3, ""person_single/upper_half_body/center/balanced/feasible"": 3, ""person_single/upper_half_body/rot/balanced/feasible"": 2, ""scene/na/center/balanced/feasible"": 2}","{""person_single|face_headshot|center|tight_subject|feasible"": 3, ""person_single|upper_half_body|center|balanced|feasible"": 3, ""person_single|upper_half_body|rot|balanced|feasible"": 2, ""scene|na|center|balanced|feasible"": 2}"
sstk_image_1028476888,person_group,person_group,person_group|na|center|balanced|feasible,person_group,,balanced,0.99,13,13,12,data/SSTK/PhaseA_PhotoPrimary_10K_SigLIP2_v5_20260529/artifacts/training_labels_multimode/260609_v17_routing_v2_precompute_native_nofood_petstrict_cropstrict_nms_v5/crop_review_routing_v2_v17_precompute_native/panels_unified_220/panels/review_sstk_image_1028476888.jpg,data/SSTK/PhaseA_PhotoPrimary_10K_SigLIP2_v5_20260529/images/sstk_image_1028476888.jpg,"{""person_single_face_headshot_center"": 2, ""person_single_full_body_center"": 1, ""person_single_full_body_rot"": 3, ""person_single_upper_half_body_rot"": 1, ""scene_center"": 6}","{""16:9"": 1, ""1:1"": 3, ""3:4"": 3, ""4:3"": 1, ""9:16"": 4, ""FREE"": 1}","{""person_single/face_headshot/center/tight_subject/feasible"": 2, ""person_single/full_body/center/balanced/feasible"": 1, ""person_single/full_body/rot/balanced/feasible"": 3, ""person_single/upper_half_body/rot/balanced/feasible"": 1, ""scene/na/center/balanced/feasible"": 6}","{""person_single|face_headshot|center|tight_subject|feasible"": 2, ""person_single|full_body|center|balanced|feasible"": 1, ""person_single|full_body|rot|balanced|feasible"": 3, ""person_single|upper_half_body|rot|balanced|feasible"": 1, ""scene|na|center|balanced|feasible"": 6}"
pond5_image_105898371,person_group,person_group,person_group|na|center|balanced|feasible,person_group,,balanced,0.99,17,16,12,data/SSTK/PhaseA_PhotoPrimary_10K_SigLIP2_v5_20260529/artifacts/training_labels_multimode/260609_v17_routing_v2_precompute_native_nofood_petstrict_cropstrict_nms_v5/crop_review_routing_v2_v17_precompute_native/panels_unified_220/panels/review_pond5_image_105898371.jpg,data/SSTK/PhaseA_PhotoPrimary_10K_SigLIP2_v5_20260529/images/pond5_image_105898371.jpg,"{""person_group_center"": 3, ""person_group_rot"": 3, ""person_single_face_headshot_center"": 4, ""person_single_upper_half_body_center"": 4, ""person_single_upper_half_body_rot"": 2, ""scene_center"": 1}","{""16:9"": 1, ""1:1"": 1, ""3:4"": 4, ""4:3"": 1, ""9:16"": 4, ""FREE"": 6}","{""person_group/na/center/balanced/feasible"": 3, ""person_group/na/rot/balanced/feasible"": 3, ""person_single/face_headshot/center/tight_subject/feasible"": 4, ""person_single/upper_half_body/center/balanced/feasible"": 4, ""person_single/upper_half_body/rot/balanced/feasible"": 2, ""scene/na/center/balanced/feasible"": 1}","{""person_group|na|center|balanced|feasible"": 3, ""person_group|na|rot|balanced|feasible"": 3, ""person_single|face_headshot|center|tight_subject|feasible"": 4, ""person_single|upper_half_body|center|balanced|feasible"": 4, ""person_single|upper_half_body|rot|balanced|feasible"": 2, ""scene|na|center|balanced|feasible"": 1}"
sstk_image_2238223839,pet_dogcat,pet_dogcat,pet_dogcat|na|center|tight_subject|feasible,pet_dogcat,,tight_subject,0.722908,11,11,11,data/SSTK/PhaseA_PhotoPrimary_10K_SigLIP2_v5_20260529/artifacts/training_labels_multimode/260609_v17_routing_v2_precompute_native_nofood_petstrict_cropstrict_nms_v5/crop_review_routing_v2_v17_precompute_native/panels_unified_220/panels/review_sstk_image_2238223839.jpg,data/SSTK/PhaseA_PhotoPrimary_10K_SigLIP2_v5_20260529/images/sstk_image_2238223839.jpg,"{""pet_dogcat_center"": 4, ""pet_dogcat_rot"": 3, ""scene_center"": 4}","{""1:1"": 2, ""3:4"": 3, ""9:16"": 3, ""FREE"": 3}","{""pet_dogcat/na/center/tight_subject/feasible"": 4, ""pet_dogcat/na/rot/balanced/feasible"": 3, ""scene/na/center/balanced/feasible"": 4}","{""pet_dogcat|na|center|tight_subject|feasible"": 4, ""pet_dogcat|na|rot|balanced|feasible"": 3, ""scene|na|center|balanced|feasible"": 4}"
sstk_image_2324929949,pet_dogcat,pet_dogcat,pet_dogcat|na|center|tight_subject|feasible,pet_dogcat,,tight_subject,0.729425,15,15,12,data/SSTK/PhaseA_PhotoPrimary_10K_SigLIP2_v5_20260529/artifacts/training_labels_multimode/260609_v17_routing_v2_precompute_native_nofood_petstrict_cropstrict_nms_v5/crop_review_routing_v2_v17_precompute_native/panels_unified_220/panels/review_sstk_image_2324929949.jpg,data/SSTK/PhaseA_PhotoPrimary_10K_SigLIP2_v5_20260529/images/sstk_image_2324929949.jpg,"{""pet_dogcat_center"": 5, ""pet_dogcat_rot"": 4, ""scene_center"": 6}","{""16:9"": 1, ""1:1"": 3, ""3:4"": 3, ""4:3"": 2, ""9:16"": 3, ""FREE"": 3}","{""pet_dogcat/na/center/tight_subject/feasible"": 5, ""pet_dogcat/na/rot/balanced/feasible"": 4, ""scene/na/center/balanced/feasible"": 6}","{""pet_dogcat|na|center|tight_subject|feasible"": 5, ""pet_dogcat|na|rot|balanced|feasible"": 4, ""scene|na|center|balanced|feasible"": 6}"
sstk_image_1920906035,pet_dogcat,pet_dogcat,pet_dogcat|na|center|tight_subject|feasible,pet_dogcat,,tight_subject,0.703858,9,9,9,data/SSTK/PhaseA_PhotoPrimary_10K_SigLIP2_v5_20260529/artifacts/training_labels_multimode/260609_v17_routing_v2_precompute_native_nofood_petstrict_cropstrict_nms_v5/crop_review_routing_v2_v17_precompute_native/panels_unified_220/panels/review_sstk_image_1920906035.jpg,data/SSTK/PhaseA_PhotoPrimary_10K_SigLIP2_v5_20260529/images/sstk_image_1920906035.jpg,"{""pet_dogcat_center"": 4, ""pet_dogcat_rot"": 4, ""scene_center"": 1}","{""1:1"": 2, ""3:4"": 2, ""9:16"": 2, ""FREE"": 3}","{""pet_dogcat/na/center/tight_subject/feasible"": 4, ""pet_dogcat/na/rot/balanced/feasible"": 4, ""scene/na/center/balanced/feasible"": 1}","{""pet_dogcat|na|center|tight_subject|feasible"": 4, ""pet_dogcat|na|rot|balanced|feasible"": 4, ""scene|na|center|balanced|feasible"": 1}"
sstk_image_602034689,pet_dogcat,pet_dogcat,pet_dogcat|na|center|tight_subject|feasible,pet_dogcat,,tight_subject,0.719966,7,7,7,data/SSTK/PhaseA_PhotoPrimary_10K_SigLIP2_v5_20260529/artifacts/training_labels_multimode/260609_v17_routing_v2_precompute_native_nofood_petstrict_cropstrict_nms_v5/crop_review_routing_v2_v17_precompute_native/panels_unified_220/panels/review_sstk_image_602034689.jpg,data/SSTK/PhaseA_PhotoPrimary_10K_SigLIP2_v5_20260529/images/sstk_image_602034689.jpg,"{""pet_dogcat_center"": 3, ""pet_dogcat_rot"": 3, ""scene_center"": 1}","{""3:4"": 2, ""9:16"": 2, ""FREE"": 3}","{""pet_dogcat/na/center/tight_subject/feasible"": 3, ""pet_dogcat/na/rot/balanced/feasible"": 3, ""scene/na/center/balanced/feasible"": 1}","{""pet_dogcat|na|center|tight_subject|feasible"": 3, ""pet_dogcat|na|rot|balanced|feasible"": 3, ""scene|na|center|balanced|feasible"": 1}"
sstk_image_2133764627,pet_dogcat,pet_dogcat,pet_dogcat|na|center|tight_subject|feasible,pet_dogcat,,tight_subject,0.723817,11,11,11,data/SSTK/PhaseA_PhotoPrimary_10K_SigLIP2_v5_20260529/artifacts/training_labels_multimode/260609_v17_routing_v2_precompute_native_nofood_petstrict_cropstrict_nms_v5/crop_review_routing_v2_v17_precompute_native/panels_unified_220/panels/review_sstk_image_2133764627.jpg,data/SSTK/PhaseA_PhotoPrimary_10K_SigLIP2_v5_20260529/images/sstk_image_2133764627.jpg,"{""pet_dogcat_center"": 3, ""pet_dogcat_rot"": 2, ""scene_center"": 6}","{""16:9"": 1, ""1:1"": 1, ""3:4"": 2, ""4:3"": 1, ""9:16"": 3, ""FREE"": 3}","{""pet_dogcat/na/center/tight_subject/feasible"": 3, ""pet_dogcat/na/rot/balanced/feasible"": 2, ""scene/na/center/balanced/feasible"": 6}","{""pet_dogcat|na|center|tight_subject|feasible"": 3, ""pet_dogcat|na|rot|balanced|feasible"": 2, ""scene|na|center|balanced|feasible"": 6}"
sstk_image_2085032707,pet_dogcat,pet_dogcat,pet_dogcat|na|center|tight_subject|feasible,pet_dogcat,,tight_subject,0.686768,9,9,9,data/SSTK/PhaseA_PhotoPrimary_10K_SigLIP2_v5_20260529/artifacts/training_labels_multimode/260609_v17_routing_v2_precompute_native_nofood_petstrict_cropstrict_nms_v5/crop_review_routing_v2_v17_precompute_native/panels_unified_220/panels/review_sstk_image_2085032707.jpg,data/SSTK/PhaseA_PhotoPrimary_10K_SigLIP2_v5_20260529/images/sstk_image_2085032707.jpg,"{""pet_dogcat_center"": 4, ""pet_dogcat_rot"": 4, ""scene_center"": 1}","{""1:1"": 2, ""3:4"": 2, ""9:16"": 2, ""FREE"": 3}","{""pet_dogcat/na/center/tight_subject/feasible"": 4, ""pet_dogcat/na/rot/balanced/feasible"": 4, ""scene/na/center/balanced/feasible"": 1}","{""pet_dogcat|na|center|tight_subject|feasible"": 4, ""pet_dogcat|na|rot|balanced|feasible"": 4, ""scene|na|center|balanced|feasible"": 1}"
sstk_image_670931368,pet_dogcat,pet_dogcat,pet_dogcat|na|center|tight_subject|feasible,pet_dogcat,,tight_subject,0.740676,16,16,12,data/SSTK/PhaseA_PhotoPrimary_10K_SigLIP2_v5_20260529/artifacts/training_labels_multimode/260609_v17_routing_v2_precompute_native_nofood_petstrict_cropstrict_nms_v5/crop_review_routing_v2_v17_precompute_native/panels_unified_220/panels/review_sstk_image_670931368.jpg,data/SSTK/PhaseA_PhotoPrimary_10K_SigLIP2_v5_20260529/images/sstk_image_670931368.jpg,"{""pet_dogcat_center"": 5, ""pet_dogcat_rot"": 5, ""scene_center"": 6}","{""16:9"": 1, ""1:1"": 3, ""3:4"": 3, ""4:3"": 3, ""9:16"": 3, ""FREE"": 3}","{""pet_dogcat/na/center/tight_subject/feasible"": 5, ""pet_dogcat/na/rot/balanced/feasible"": 5, ""scene/na/center/balanced/feasible"": 6}","{""pet_dogcat|na|center|tight_subject|feasible"": 5, ""pet_dogcat|na|rot|balanced|feasible"": 5, ""scene|na|center|balanced|feasible"": 6}"
sstk_image_2237912651,pet_dogcat,pet_dogcat,pet_dogcat|na|center|tight_subject|feasible,pet_dogcat,,tight_subject,0.703771,17,17,12,data/SSTK/PhaseA_PhotoPrimary_10K_SigLIP2_v5_20260529/artifacts/training_labels_multimode/260609_v17_routing_v2_precompute_native_nofood_petstrict_cropstrict_nms_v5/crop_review_routing_v2_v17_precompute_native/panels_unified_220/panels/review_sstk_image_2237912651.jpg,data/SSTK/PhaseA_PhotoPrimary_10K_SigLIP2_v5_20260529/images/sstk_image_2237912651.jpg,"{""pet_dogcat_center"": 6, ""pet_dogcat_rot"": 5, ""scene_center"": 6}","{""16:9"": 2, ""1:1"": 3, ""3:4"": 3, ""4:3"": 3, ""9:16"": 3, ""FREE"": 3}","{""pet_dogcat/na/center/tight_subject/feasible"": 6, ""pet_dogcat/na/rot/balanced/feasible"": 5, ""scene/na/center/balanced/feasible"": 6}","{""pet_dogcat|na|center|tight_subject|feasible"": 6, ""pet_dogcat|na|rot|balanced|feasible"": 5, ""scene|na|center|balanced|feasible"": 6}"
sstk_image_1739426189,pet_dogcat,pet_dogcat,pet_dogcat|na|center|tight_subject|feasible,pet_dogcat,,tight_subject,0.70361,14,14,12,data/SSTK/PhaseA_PhotoPrimary_10K_SigLIP2_v5_20260529/artifacts/training_labels_multimode/260609_v17_routing_v2_precompute_native_nofood_petstrict_cropstrict_nms_v5/crop_review_routing_v2_v17_precompute_native/panels_unified_220/panels/review_sstk_image_1739426189.jpg,data/SSTK/PhaseA_PhotoPrimary_10K_SigLIP2_v5_20260529/images/sstk_image_1739426189.jpg,"{""pet_dogcat_center"": 6, ""pet_dogcat_rot"": 6, ""scene_center"": 2}","{""16:9"": 2, ""1:1"": 2, ""3:4"": 2, ""4:3"": 3, ""9:16"": 2, ""FREE"": 3}","{""pet_dogcat/na/center/tight_subject/feasible"": 6, ""pet_dogcat/na/rot/balanced/feasible"": 6, ""scene/na/center/balanced/feasible"": 2}","{""pet_dogcat|na|center|tight_subject|feasible"": 6, ""pet_dogcat|na|rot|balanced|feasible"": 6, ""scene|na|center|balanced|feasible"": 2}"
sstk_image_1691937736,person_single_upper_half_body,person_single_upper_half_body,person_single|upper_half_body|center|balanced|feasible,person_single,upper_half_body,balanced,0.95,10,10,10,data/SSTK/PhaseA_PhotoPrimary_10K_SigLIP2_v5_20260529/artifacts/training_labels_multimode/260609_v17_routing_v2_precompute_native_nofood_petstrict_cropstrict_nms_v5/crop_review_routing_v2_v17_precompute_native/panels_unified_220/panels/review_sstk_image_1691937736.jpg,data/SSTK/PhaseA_PhotoPrimary_10K_SigLIP2_v5_20260529/images/sstk_image_1691937736.jpg,"{""pet_dogcat_center"": 4, ""pet_dogcat_rot"": 4, ""scene_center"": 2}","{""1:1"": 2, ""3:4"": 3, ""9:16"": 2, ""FREE"": 3}","{""pet_dogcat/na/center/tight_subject/feasible"": 4, ""pet_dogcat/na/rot/balanced/feasible"": 4, ""scene/na/center/balanced/feasible"": 2}","{""pet_dogcat|na|center|tight_subject|feasible"": 4, ""pet_dogcat|na|rot|balanced|feasible"": 4, ""scene|na|center|balanced|feasible"": 2}"
sstk_image_2801777,person_single_upper_half_body,person_single_upper_half_body,person_single|upper_half_body|center|balanced|feasible,person_single,upper_half_body,balanced,0.95,3,3,3,data/SSTK/PhaseA_PhotoPrimary_10K_SigLIP2_v5_20260529/artifacts/training_labels_multimode/260609_v17_routing_v2_precompute_native_nofood_petstrict_cropstrict_nms_v5/crop_review_routing_v2_v17_precompute_native/panels_unified_220/panels/review_sstk_image_2801777.jpg,data/SSTK/PhaseA_PhotoPrimary_10K_SigLIP2_v5_20260529/images/sstk_image_2801777.jpg,"{""scene_center"": 3}","{""3:4"": 1, ""9:16"": 1, ""FREE"": 1}","{""scene/na/center/balanced/feasible"": 3}","{""scene|na|center|balanced|feasible"": 3}"
pond5_image_114358384,person_single_face_headshot,person_single_face_headshot,person_single|face_headshot|center|tight_subject|feasible,person_single,face_headshot,tight_subject,0.95,5,5,5,data/SSTK/PhaseA_PhotoPrimary_10K_SigLIP2_v5_20260529/artifacts/training_labels_multimode/260609_v17_routing_v2_precompute_native_nofood_petstrict_cropstrict_nms_v5/crop_review_routing_v2_v17_precompute_native/panels_unified_220/panels/review_pond5_image_114358384.jpg,data/SSTK/PhaseA_PhotoPrimary_10K_SigLIP2_v5_20260529/images/pond5_image_114358384.jpg,"{""person_single_face_headshot_center"": 3, ""scene_center"": 2}","{""1:1"": 1, ""3:4"": 1, ""9:16"": 1, ""FREE"": 2}","{""person_single/face_headshot/center/tight_subject/feasible"": 3, ""scene/na/center/balanced/feasible"": 2}","{""person_single|face_headshot|center|tight_subject|feasible"": 3, ""scene|na|center|balanced|feasible"": 2}"
sstk_image_1043347045,person_single_face_headshot,person_single_face_headshot,person_single|face_headshot|center|tight_subject|feasible,person_single,face_headshot,tight_subject,0.95,9,9,9,data/SSTK/PhaseA_PhotoPrimary_10K_SigLIP2_v5_20260529/artifacts/training_labels_multimode/260609_v17_routing_v2_precompute_native_nofood_petstrict_cropstrict_nms_v5/crop_review_routing_v2_v17_precompute_native/panels_unified_220/panels/review_sstk_image_1043347045.jpg,data/SSTK/PhaseA_PhotoPrimary_10K_SigLIP2_v5_20260529/images/sstk_image_1043347045.jpg,"{""person_single_face_headshot_center"": 2, ""person_single_upper_half_body_rot"": 1, ""scene_center"": 6}","{""16:9"": 1, ""1:1"": 2, ""3:4"": 2, ""4:3"": 1, ""9:16"": 1, ""FREE"": 2}","{""person_single/face_headshot/center/tight_subject/feasible"": 2, ""person_single/upper_half_body/rot/balanced/feasible"": 1, ""scene/na/center/balanced/feasible"": 6}","{""person_single|face_headshot|center|tight_subject|feasible"": 2, ""person_single|upper_half_body|rot|balanced|feasible"": 1, ""scene|na|center|balanced|feasible"": 6}"
bigstock_image_229530982,scene,scene,scene|na|center|balanced|feasible,scene,,balanced,0.47,6,6,6,data/SSTK/PhaseA_PhotoPrimary_10K_SigLIP2_v5_20260529/artifacts/training_labels_multimode/260609_v17_routing_v2_precompute_native_nofood_petstrict_cropstrict_nms_v5/crop_review_routing_v2_v17_precompute_native/panels_unified_220/panels/review_bigstock_image_229530982.jpg,data/SSTK/PhaseA_PhotoPrimary_10K_SigLIP2_v5_20260529/images/bigstock_image_229530982.jpg,"{""scene_center"": 6}","{""16:9"": 1, ""1:1"": 1, ""3:4"": 1, ""4:3"": 1, ""9:16"": 1, ""FREE"": 1}","{""scene/na/center/balanced/feasible"": 6}","{""scene|na|center|balanced|feasible"": 6}"
sstk_image_28093204,person_single_upper_half_body,person_single_upper_half_body,person_single|upper_half_body|center|balanced|feasible,person_single,upper_half_body,balanced,0.95,8,8,8,data/SSTK/PhaseA_PhotoPrimary_10K_SigLIP2_v5_20260529/artifacts/training_labels_multimode/260609_v17_routing_v2_precompute_native_nofood_petstrict_cropstrict_nms_v5/crop_review_routing_v2_v17_precompute_native/panels_unified_220/panels/review_sstk_image_28093204.jpg,data/SSTK/PhaseA_PhotoPrimary_10K_SigLIP2_v5_20260529/images/sstk_image_28093204.jpg,"{""person_single_face_headshot_center"": 5, ""scene_center"": 3}","{""1:1"": 1, ""3:4"": 2, ""4:3"": 1, ""9:16"": 2, ""FREE"": 2}","{""person_single/face_headshot/center/tight_subject/feasible"": 5, ""scene/na/center/balanced/feasible"": 3}","{""person_single|face_headshot|center|tight_subject|feasible"": 5, ""scene|na|center|balanced|feasible"": 3}"
pond5_image_87734374,person_group,person_group,person_group|na|center|balanced|feasible,person_group,,balanced,0.99,7,7,7,data/SSTK/PhaseA_PhotoPrimary_10K_SigLIP2_v5_20260529/artifacts/training_labels_multimode/260609_v17_routing_v2_precompute_native_nofood_petstrict_cropstrict_nms_v5/crop_review_routing_v2_v17_precompute_native/panels_unified_220/panels/review_pond5_image_87734374.jpg,data/SSTK/PhaseA_PhotoPrimary_10K_SigLIP2_v5_20260529/images/pond5_image_87734374.jpg,"{""person_group_center"": 4, ""person_group_rot"": 2, ""person_single_full_body_center"": 1}","{""16:9"": 2, ""1:1"": 1, ""4:3"": 1, ""9:16"": 1, ""FREE"": 2}","{""person_group/na/center/balanced/feasible"": 4, ""person_group/na/rot/balanced/feasible"": 2, ""person_single/full_body/center/balanced/feasible"": 1}","{""person_group|na|center|balanced|feasible"": 4, ""person_group|na|rot|balanced|feasible"": 2, ""person_single|full_body|center|balanced|feasible"": 1}"
pond5_image_139117122,person_group,person_group,person_group|na|center|balanced|feasible,person_group,,balanced,0.99,8,8,8,data/SSTK/PhaseA_PhotoPrimary_10K_SigLIP2_v5_20260529/artifacts/training_labels_multimode/260609_v17_routing_v2_precompute_native_nofood_petstrict_cropstrict_nms_v5/crop_review_routing_v2_v17_precompute_native/panels_unified_220/panels/review_pond5_image_139117122.jpg,data/SSTK/PhaseA_PhotoPrimary_10K_SigLIP2_v5_20260529/images/pond5_image_139117122.jpg,"{""person_group_center"": 3, ""person_single_face_headshot_center"": 1, ""person_single_full_body_rot"": 1, ""scene_center"": 3}","{""16:9"": 2, ""1:1"": 1, ""4:3"": 2, ""9:16"": 1, ""FREE"": 2}","{""person_group/na/center/balanced/feasible"": 3, ""person_single/face_headshot/center/tight_subject/feasible"": 1, ""person_single/full_body/rot/balanced/feasible"": 1, ""scene/na/center/balanced/feasible"": 3}","{""person_group|na|center|balanced|feasible"": 3, ""person_single|face_headshot|center|tight_subject|feasible"": 1, ""person_single|full_body|rot|balanced|feasible"": 1, ""scene|na|center|balanced|feasible"": 3}"
sstk_image_1978881611,person_group,person_group,person_group|na|center|balanced|feasible,person_group,,balanced,0.99,13,11,11,data/SSTK/PhaseA_PhotoPrimary_10K_SigLIP2_v5_20260529/artifacts/training_labels_multimode/260609_v17_routing_v2_precompute_native_nofood_petstrict_cropstrict_nms_v5/crop_review_routing_v2_v17_precompute_native/panels_unified_220/panels/review_sstk_image_1978881611.jpg,data/SSTK/PhaseA_PhotoPrimary_10K_SigLIP2_v5_20260529/images/sstk_image_1978881611.jpg,"{""person_group_center"": 3, ""person_group_rot"": 1, ""person_single_face_headshot_center"": 5, ""person_single_full_body_center"": 1, ""person_single_upper_half_body_rot"": 1, ""scene_center"": 2}","{""16:9"": 1, ""1:1"": 2, ""3:4"": 3, ""4:3"": 3, ""9:16"": 2, ""FREE"": 2}","{""person_group/na/center/balanced/feasible"": 3, ""person_group/na/rot/balanced/feasible"": 1, ""person_single/face_headshot/center/tight_subject/feasible"": 5, ""person_single/full_body/center/balanced/feasible"": 1, ""person_single/upper_half_body/rot/balanced/feasible"": 1, ""scene/na/center/balanced/feasible"": 2}","{""person_group|na|center|balanced|feasible"": 3, ""person_group|na|rot|balanced|feasible"": 1, ""person_single|face_headshot|center|tight_subject|feasible"": 5, ""person_single|full_body|center|balanced|feasible"": 1, ""person_single|upper_half_body|rot|balanced|feasible"": 1, ""scene|na|center|balanced|feasible"": 2}"
pond5_image_91197054,person_group,person_group,person_group|na|center|balanced|feasible,person_group,,balanced,0.99,12,12,12,data/SSTK/PhaseA_PhotoPrimary_10K_SigLIP2_v5_20260529/artifacts/training_labels_multimode/260609_v17_routing_v2_precompute_native_nofood_petstrict_cropstrict_nms_v5/crop_review_routing_v2_v17_precompute_native/panels_unified_220/panels/review_pond5_image_91197054.jpg,data/SSTK/PhaseA_PhotoPrimary_10K_SigLIP2_v5_20260529/images/pond5_image_91197054.jpg,"{""person_group_center"": 5, ""person_group_rot"": 4, ""person_single_full_body_center"": 1, ""scene_center"": 2}","{""16:9"": 2, ""1:1"": 2, ""3:4"": 1, ""4:3"": 3, ""9:16"": 1, ""FREE"": 3}","{""person_group/na/center/balanced/feasible"": 5, ""person_group/na/rot/balanced/feasible"": 4, ""person_single/full_body/center/balanced/feasible"": 1, ""scene/na/center/balanced/feasible"": 2}","{""person_group|na|center|balanced|feasible"": 5, ""person_group|na|rot|balanced|feasible"": 4, ""person_single|full_body|center|balanced|feasible"": 1, ""scene|na|center|balanced|feasible"": 2}"
sstk_image_1999997045,person_group,person_group,person_group|na|center|balanced|feasible,person_group,,balanced,0.99,11,11,11,data/SSTK/PhaseA_PhotoPrimary_10K_SigLIP2_v5_20260529/artifacts/training_labels_multimode/260609_v17_routing_v2_precompute_native_nofood_petstrict_cropstrict_nms_v5/crop_review_routing_v2_v17_precompute_native/panels_unified_220/panels/review_sstk_image_1999997045.jpg,data/SSTK/PhaseA_PhotoPrimary_10K_SigLIP2_v5_20260529/images/sstk_image_1999997045.jpg,"{""person_group_center"": 3, ""person_group_rot"": 2, ""person_single_face_headshot_center"": 2, ""person_single_full_body_rot"": 2, ""scene_center"": 2}","{""16:9"": 3, ""1:1"": 2, ""3:4"": 1, ""4:3"": 3, ""FREE"": 2}","{""person_group/na/center/balanced/feasible"": 3, ""person_group/na/rot/balanced/feasible"": 2, ""person_single/face_headshot/center/tight_subject/feasible"": 2, ""person_single/full_body/rot/balanced/feasible"": 2, ""scene/na/center/balanced/feasible"": 2}","{""person_group|na|center|balanced|feasible"": 3, ""person_group|na|rot|balanced|feasible"": 2, ""person_single|face_headshot|center|tight_subject|feasible"": 2, ""person_single|full_body|rot|balanced|feasible"": 2, ""scene|na|center|balanced|feasible"": 2}"
sstk_image_1833255172,person_single_upper_half_body,person_single_upper_half_body,person_single|upper_half_body|center|balanced|feasible,person_single,upper_half_body,balanced,0.95,18,18,12,data/SSTK/PhaseA_PhotoPrimary_10K_SigLIP2_v5_20260529/artifacts/training_labels_multimode/260609_v17_routing_v2_precompute_native_nofood_petstrict_cropstrict_nms_v5/crop_review_routing_v2_v17_precompute_native/panels_unified_220/panels/review_sstk_image_1833255172.jpg,data/SSTK/PhaseA_PhotoPrimary_10K_SigLIP2_v5_20260529/images/sstk_image_1833255172.jpg,"{""person_group_center"": 4, ""person_group_rot"": 3, ""person_single_face_headshot_center"": 5, ""person_single_upper_half_body_center"": 2, ""person_single_upper_half_body_rot"": 2, ""scene_center"": 2}","{""16:9"": 5, ""1:1"": 2, ""3:4"": 1, ""4:3"": 4, ""9:16"": 1, ""FREE"": 5}","{""person_group/na/center/balanced/feasible"": 4, ""person_group/na/rot/balanced/feasible"": 3, ""person_single/face_headshot/center/tight_subject/feasible"": 5, ""person_single/upper_half_body/center/balanced/feasible"": 2, ""person_single/upper_half_body/rot/balanced/feasible"": 2, ""scene/na/center/balanced/feasible"": 2}","{""person_group|na|center|balanced|feasible"": 4, ""person_group|na|rot|balanced|feasible"": 3, ""person_single|face_headshot|center|tight_subject|feasible"": 5, ""person_single|upper_half_body|center|balanced|feasible"": 2, ""person_single|upper_half_body|rot|balanced|feasible"": 2, ""scene|na|center|balanced|feasible"": 2}"
sstk_image_2288647071,person_group,person_group,person_group|na|center|balanced|feasible,person_group,,balanced,0.99,30,30,12,data/SSTK/PhaseA_PhotoPrimary_10K_SigLIP2_v5_20260529/artifacts/training_labels_multimode/260609_v17_routing_v2_precompute_native_nofood_petstrict_cropstrict_nms_v5/crop_review_routing_v2_v17_precompute_native/panels_unified_220/panels/review_sstk_image_2288647071.jpg,data/SSTK/PhaseA_PhotoPrimary_10K_SigLIP2_v5_20260529/images/sstk_image_2288647071.jpg,"{""person_group_center"": 6, ""person_group_rot"": 6, ""person_single_face_headshot_center"": 3, ""person_single_full_body_center"": 4, ""person_single_full_body_rot"": 6, ""scene_center"": 5}","{""16:9"": 4, ""1:1"": 5, ""3:4"": 6, ""4:3"": 5, ""9:16"": 4, ""FREE"": 6}","{""person_group/na/center/balanced/feasible"": 6, ""person_group/na/rot/balanced/feasible"": 6, ""person_single/face_headshot/center/tight_subject/feasible"": 3, ""person_single/full_body/center/balanced/feasible"": 4, ""person_single/full_body/rot/balanced/feasible"": 6, ""scene/na/center/balanced/feasible"": 5}","{""person_group|na|center|balanced|feasible"": 6, ""person_group|na|rot|balanced|feasible"": 6, ""person_single|face_headshot|center|tight_subject|feasible"": 3, ""person_single|full_body|center|balanced|feasible"": 4, ""person_single|full_body|rot|balanced|feasible"": 6, ""scene|na|center|balanced|feasible"": 5}"
pond5_image_114639246,person_single_upper_half_body,person_single_upper_half_body,person_single|upper_half_body|center|environmental|feasible,person_single,upper_half_body,environmental,0.99,15,15,12,data/SSTK/PhaseA_PhotoPrimary_10K_SigLIP2_v5_20260529/artifacts/training_labels_multimode/260609_v17_routing_v2_precompute_native_nofood_petstrict_cropstrict_nms_v5/crop_review_routing_v2_v17_precompute_native/panels_unified_220/panels/review_pond5_image_114639246.jpg,data/SSTK/PhaseA_PhotoPrimary_10K_SigLIP2_v5_20260529/images/pond5_image_114639246.jpg,"{""person_group_center"": 5, ""person_group_rot"": 5, ""person_single_face_headshot_center"": 2, ""scene_center"": 3}","{""16:9"": 3, ""1:1"": 3, ""3:4"": 3, ""4:3"": 3, ""FREE"": 3}","{""person_group/na/center/balanced/feasible"": 5, ""person_group/na/rot/balanced/feasible"": 5, ""person_single/face_headshot/center/tight_subject/feasible"": 2, ""scene/na/center/balanced/feasible"": 3}","{""person_group|na|center|balanced|feasible"": 5, ""person_group|na|rot|balanced|feasible"": 5, ""person_single|face_headshot|center|tight_subject|feasible"": 2, ""scene|na|center|balanced|feasible"": 3}"
bigstock_image_190631395,person_group,person_group,person_group|na|center|balanced|feasible,person_group,,balanced,0.99,16,16,12,data/SSTK/PhaseA_PhotoPrimary_10K_SigLIP2_v5_20260529/artifacts/training_labels_multimode/260609_v17_routing_v2_precompute_native_nofood_petstrict_cropstrict_nms_v5/crop_review_routing_v2_v17_precompute_native/panels_unified_220/panels/review_bigstock_image_190631395.jpg,data/SSTK/PhaseA_PhotoPrimary_10K_SigLIP2_v5_20260529/images/bigstock_image_190631395.jpg,"{""person_group_center"": 4, ""person_group_rot"": 4, ""person_single_face_headshot_center"": 3, ""person_single_full_body_center"": 1, ""person_single_full_body_rot"": 1, ""scene_center"": 3}","{""16:9"": 2, ""1:1"": 3, ""3:4"": 2, ""4:3"": 3, ""9:16"": 3, ""FREE"": 3}","{""person_group/na/center/balanced/feasible"": 4, ""person_group/na/rot/balanced/feasible"": 4, ""person_single/face_headshot/center/tight_subject/feasible"": 3, ""person_single/full_body/center/balanced/feasible"": 1, ""person_single/full_body/rot/balanced/feasible"": 1, ""scene/na/center/balanced/feasible"": 3}","{""person_group|na|center|balanced|feasible"": 4, ""person_group|na|rot|balanced|feasible"": 4, ""person_single|face_headshot|center|tight_subject|feasible"": 3, ""person_single|full_body|center|balanced|feasible"": 1, ""person_single|full_body|rot|balanced|feasible"": 1, ""scene|na|center|balanced|feasible"": 3}"
sstk_image_1052172260,person_group,person_group,person_group|na|center|balanced|feasible,person_group,,balanced,0.99,12,12,12,data/SSTK/PhaseA_PhotoPrimary_10K_SigLIP2_v5_20260529/artifacts/training_labels_multimode/260609_v17_routing_v2_precompute_native_nofood_petstrict_cropstrict_nms_v5/crop_review_routing_v2_v17_precompute_native/panels_unified_220/panels/review_sstk_image_1052172260.jpg,data/SSTK/PhaseA_PhotoPrimary_10K_SigLIP2_v5_20260529/images/sstk_image_1052172260.jpg,"{""person_group_center"": 3, ""person_group_rot"": 3, ""person_single_face_headshot_center"": 3, ""person_single_full_body_center"": 2, ""scene_center"": 1}","{""16:9"": 3, ""1:1"": 1, ""3:4"": 2, ""4:3"": 2, ""9:16"": 2, ""FREE"": 2}","{""person_group/na/center/balanced/feasible"": 3, ""person_group/na/rot/balanced/feasible"": 3, ""person_single/face_headshot/center/tight_subject/feasible"": 3, ""person_single/full_body/center/balanced/feasible"": 2, ""scene/na/center/balanced/feasible"": 1}","{""person_group|na|center|balanced|feasible"": 3, ""person_group|na|rot|balanced|feasible"": 3, ""person_single|face_headshot|center|tight_subject|feasible"": 3, ""person_single|full_body|center|balanced|feasible"": 2, ""scene|na|center|balanced|feasible"": 1}"
pond5_image_82751309,person_single_upper_half_body,person_single_upper_half_body,person_single|upper_half_body|center|balanced|feasible,person_single,upper_half_body,balanced,0.95,10,10,10,data/SSTK/PhaseA_PhotoPrimary_10K_SigLIP2_v5_20260529/artifacts/training_labels_multimode/260609_v17_routing_v2_precompute_native_nofood_petstrict_cropstrict_nms_v5/crop_review_routing_v2_v17_precompute_native/panels_unified_220/panels/review_pond5_image_82751309.jpg,data/SSTK/PhaseA_PhotoPrimary_10K_SigLIP2_v5_20260529/images/pond5_image_82751309.jpg,"{""person_single_face_headshot_center"": 4, ""person_single_upper_half_body_center"": 1, ""person_single_upper_half_body_rot"": 3, ""scene_center"": 2}","{""16:9"": 1, ""1:1"": 1, ""3:4"": 1, ""4:3"": 3, ""9:16"": 1, ""FREE"": 3}","{""person_single/face_headshot/center/tight_subject/feasible"": 4, ""person_single/upper_half_body/center/balanced/feasible"": 1, ""person_single/upper_half_body/rot/balanced/feasible"": 3, ""scene/na/center/balanced/feasible"": 2}","{""person_single|face_headshot|center|tight_subject|feasible"": 4, ""person_single|upper_half_body|center|balanced|feasible"": 1, ""person_single|upper_half_body|rot|balanced|feasible"": 3, ""scene|na|center|balanced|feasible"": 2}"
sstk_image_2126440958,person_single_upper_half_body,person_single_upper_half_body,person_single|upper_half_body|center|balanced|feasible,person_single,upper_half_body,balanced,0.95,10,10,10,data/SSTK/PhaseA_PhotoPrimary_10K_SigLIP2_v5_20260529/artifacts/training_labels_multimode/260609_v17_routing_v2_precompute_native_nofood_petstrict_cropstrict_nms_v5/crop_review_routing_v2_v17_precompute_native/panels_unified_220/panels/review_sstk_image_2126440958.jpg,data/SSTK/PhaseA_PhotoPrimary_10K_SigLIP2_v5_20260529/images/sstk_image_2126440958.jpg,"{""person_single_face_headshot_center"": 6, ""scene_center"": 4}","{""16:9"": 2, ""1:1"": 2, ""3:4"": 1, ""4:3"": 2, ""9:16"": 1, ""FREE"": 2}","{""person_single/face_headshot/center/tight_subject/feasible"": 6, ""scene/na/center/balanced/feasible"": 4}","{""person_single|face_headshot|center|tight_subject|feasible"": 6, ""scene|na|center|balanced|feasible"": 4}"
pond5_image_205274135,person_single_upper_half_body,person_single_upper_half_body,person_single|upper_half_body|center|environmental|feasible,person_single,upper_half_body,environmental,0.950571,11,11,11,data/SSTK/PhaseA_PhotoPrimary_10K_SigLIP2_v5_20260529/artifacts/training_labels_multimode/260609_v17_routing_v2_precompute_native_nofood_petstrict_cropstrict_nms_v5/crop_review_routing_v2_v17_precompute_native/panels_unified_220/panels/review_pond5_image_205274135.jpg,data/SSTK/PhaseA_PhotoPrimary_10K_SigLIP2_v5_20260529/images/pond5_image_205274135.jpg,"{""person_single_face_headshot_center"": 6, ""person_single_upper_half_body_center"": 1, ""person_single_upper_half_body_rot"": 3, ""scene_center"": 1}","{""16:9"": 1, ""1:1"": 1, ""3:4"": 2, ""4:3"": 1, ""9:16"": 2, ""FREE"": 4}","{""person_single/face_headshot/center/tight_subject/feasible"": 6, ""person_single/upper_half_body/center/balanced/feasible"": 1, ""person_single/upper_half_body/rot/balanced/feasible"": 3, ""scene/na/center/balanced/feasible"": 1}","{""person_single|face_headshot|center|tight_subject|feasible"": 6, ""person_single|upper_half_body|center|balanced|feasible"": 1, ""person_single|upper_half_body|rot|balanced|feasible"": 3, ""scene|na|center|balanced|feasible"": 1}"
sstk_image_1699518886,person_single_face_headshot,person_single_face_headshot,person_single|face_headshot|center|tight_subject|feasible,person_single,face_headshot,tight_subject,0.95,13,13,12,data/SSTK/PhaseA_PhotoPrimary_10K_SigLIP2_v5_20260529/artifacts/training_labels_multimode/260609_v17_routing_v2_precompute_native_nofood_petstrict_cropstrict_nms_v5/crop_review_routing_v2_v17_precompute_native/panels_unified_220/panels/review_sstk_image_1699518886.jpg,data/SSTK/PhaseA_PhotoPrimary_10K_SigLIP2_v5_20260529/images/sstk_image_1699518886.jpg,"{""person_single_face_headshot_center"": 5, ""person_single_upper_half_body_center"": 4, ""person_single_upper_half_body_rot"": 2, ""scene_center"": 2}","{""16:9"": 2, ""1:1"": 2, ""3:4"": 1, ""4:3"": 4, ""FREE"": 4}","{""person_single/face_headshot/center/tight_subject/feasible"": 5, ""person_single/upper_half_body/center/balanced/feasible"": 4, ""person_single/upper_half_body/rot/balanced/feasible"": 2, ""scene/na/center/balanced/feasible"": 2}","{""person_single|face_headshot|center|tight_subject|feasible"": 5, ""person_single|upper_half_body|center|balanced|feasible"": 4, ""person_single|upper_half_body|rot|balanced|feasible"": 2, ""scene|na|center|balanced|feasible"": 2}"
sstk_image_1030426033,person_single_face_headshot,person_single_face_headshot,person_single|face_headshot|center|tight_subject|feasible,person_single,face_headshot,tight_subject,0.95,13,13,12,data/SSTK/PhaseA_PhotoPrimary_10K_SigLIP2_v5_20260529/artifacts/training_labels_multimode/260609_v17_routing_v2_precompute_native_nofood_petstrict_cropstrict_nms_v5/crop_review_routing_v2_v17_precompute_native/panels_unified_220/panels/review_sstk_image_1030426033.jpg,data/SSTK/PhaseA_PhotoPrimary_10K_SigLIP2_v5_20260529/images/sstk_image_1030426033.jpg,"{""person_single_face_headshot_center"": 5, ""person_single_upper_half_body_center"": 3, ""person_single_upper_half_body_rot"": 3, ""scene_center"": 2}","{""16:9"": 1, ""1:1"": 2, ""3:4"": 1, ""4:3"": 4, ""9:16"": 1, ""FREE"": 4}","{""person_single/face_headshot/center/tight_subject/feasible"": 5, ""person_single/upper_half_body/center/balanced/feasible"": 3, ""person_single/upper_half_body/rot/balanced/feasible"": 3, ""scene/na/center/balanced/feasible"": 2}","{""person_single|face_headshot|center|tight_subject|feasible"": 5, ""person_single|upper_half_body|center|balanced|feasible"": 3, ""person_single|upper_half_body|rot|balanced|feasible"": 3, ""scene|na|center|balanced|feasible"": 2}"
bigstock_image_199091980,scene,scene,scene|na|center|balanced|feasible,scene,,balanced,0.6,20,20,12,data/SSTK/PhaseA_PhotoPrimary_10K_SigLIP2_v5_20260529/artifacts/training_labels_multimode/260609_v17_routing_v2_precompute_native_nofood_petstrict_cropstrict_nms_v5/crop_review_routing_v2_v17_precompute_native/panels_unified_220/panels/review_bigstock_image_199091980.jpg,data/SSTK/PhaseA_PhotoPrimary_10K_SigLIP2_v5_20260529/images/bigstock_image_199091980.jpg,"{""person_single_face_headshot_center"": 2, ""person_single_full_body_center"": 6, ""person_single_full_body_rot"": 6, ""scene_center"": 6}","{""16:9"": 3, ""1:1"": 4, ""3:4"": 4, ""4:3"": 3, ""9:16"": 3, ""FREE"": 3}","{""person_single/face_headshot/center/tight_subject/feasible"": 2, ""person_single/full_body/center/balanced/feasible"": 6, ""person_single/full_body/rot/balanced/feasible"": 6, ""scene/na/center/balanced/feasible"": 6}","{""person_single|face_headshot|center|tight_subject|feasible"": 2, ""person_single|full_body|center|balanced|feasible"": 6, ""person_single|full_body|rot|balanced|feasible"": 6, ""scene|na|center|balanced|feasible"": 6}"
sstk_image_1466574149,person_single_full_body,person_single_full_body,person_single|full_body|center|environmental|feasible,person_single,full_body,environmental,0.99,17,17,12,data/SSTK/PhaseA_PhotoPrimary_10K_SigLIP2_v5_20260529/artifacts/training_labels_multimode/260609_v17_routing_v2_precompute_native_nofood_petstrict_cropstrict_nms_v5/crop_review_routing_v2_v17_precompute_native/panels_unified_220/panels/review_sstk_image_1466574149.jpg,data/SSTK/PhaseA_PhotoPrimary_10K_SigLIP2_v5_20260529/images/sstk_image_1466574149.jpg,"{""person_single_face_headshot_center"": 3, ""person_single_full_body_center"": 5, ""person_single_full_body_rot"": 6, ""scene_center"": 3}","{""16:9"": 3, ""1:1"": 3, ""3:4"": 3, ""4:3"": 3, ""9:16"": 2, ""FREE"": 3}","{""person_single/face_headshot/center/tight_subject/feasible"": 3, ""person_single/full_body/center/balanced/feasible"": 5, ""person_single/full_body/rot/balanced/feasible"": 6, ""scene/na/center/balanced/feasible"": 3}","{""person_single|face_headshot|center|tight_subject|feasible"": 3, ""person_single|full_body|center|balanced|feasible"": 5, ""person_single|full_body|rot|balanced|feasible"": 6, ""scene|na|center|balanced|feasible"": 3}"
bigstock_image_218257906,person_group,person_group,person_group|na|center|balanced|feasible,person_group,,balanced,0.99,15,15,12,data/SSTK/PhaseA_PhotoPrimary_10K_SigLIP2_v5_20260529/artifacts/training_labels_multimode/260609_v17_routing_v2_precompute_native_nofood_petstrict_cropstrict_nms_v5/crop_review_routing_v2_v17_precompute_native/panels_unified_220/panels/review_bigstock_image_218257906.jpg,data/SSTK/PhaseA_PhotoPrimary_10K_SigLIP2_v5_20260529/images/bigstock_image_218257906.jpg,"{""person_single_face_headshot_center"": 3, ""person_single_full_body_center"": 4, ""person_single_full_body_rot"": 6, ""scene_center"": 2}","{""16:9"": 3, ""1:1"": 3, ""3:4"": 2, ""4:3"": 2, ""9:16"": 2, ""FREE"": 3}","{""person_single/face_headshot/center/tight_subject/feasible"": 3, ""person_single/full_body/center/balanced/feasible"": 4, ""person_single/full_body/rot/balanced/feasible"": 6, ""scene/na/center/balanced/feasible"": 2}","{""person_single|face_headshot|center|tight_subject|feasible"": 3, ""person_single|full_body|center|balanced|feasible"": 4, ""person_single|full_body|rot|balanced|feasible"": 6, ""scene|na|center|balanced|feasible"": 2}"
sstk_image_1395777266,person_single_full_body,person_single_full_body,person_single|full_body|center|balanced|feasible,person_single,full_body,balanced,0.99,20,20,12,data/SSTK/PhaseA_PhotoPrimary_10K_SigLIP2_v5_20260529/artifacts/training_labels_multimode/260609_v17_routing_v2_precompute_native_nofood_petstrict_cropstrict_nms_v5/crop_review_routing_v2_v17_precompute_native/panels_unified_220/panels/review_sstk_image_1395777266.jpg,data/SSTK/PhaseA_PhotoPrimary_10K_SigLIP2_v5_20260529/images/sstk_image_1395777266.jpg,"{""person_single_face_headshot_center"": 2, ""person_single_full_body_center"": 6, ""person_single_full_body_rot"": 6, ""scene_center"": 6}","{""16:9"": 3, ""1:1"": 4, ""3:4"": 4, ""4:3"": 3, ""9:16"": 3, ""FREE"": 3}","{""person_single/face_headshot/center/tight_subject/feasible"": 2, ""person_single/full_body/center/balanced/feasible"": 6, ""person_single/full_body/rot/balanced/feasible"": 6, ""scene/na/center/balanced/feasible"": 6}","{""person_single|face_headshot|center|tight_subject|feasible"": 2, ""person_single|full_body|center|balanced|feasible"": 6, ""person_single|full_body|rot|balanced|feasible"": 6, ""scene|na|center|balanced|feasible"": 6}"
pond5_image_62513194,person_group,person_group,person_group|na|center|balanced|feasible,person_group,,balanced,0.99,32,29,12,data/SSTK/PhaseA_PhotoPrimary_10K_SigLIP2_v5_20260529/artifacts/training_labels_multimode/260609_v17_routing_v2_precompute_native_nofood_petstrict_cropstrict_nms_v5/crop_review_routing_v2_v17_precompute_native/panels_unified_220/panels/review_pond5_image_62513194.jpg,data/SSTK/PhaseA_PhotoPrimary_10K_SigLIP2_v5_20260529/images/pond5_image_62513194.jpg,"{""person_group_center"": 6, ""person_group_rot"": 6, ""person_single_face_headshot_center"": 3, ""person_single_full_body_center"": 7, ""person_single_full_body_rot"": 8, ""scene_center"": 2}","{""16:9"": 4, ""1:1"": 5, ""3:4"": 6, ""4:3"": 5, ""9:16"": 7, ""FREE"": 5}","{""person_group/na/center/balanced/feasible"": 6, ""person_group/na/rot/balanced/feasible"": 6, ""person_single/face_headshot/center/tight_subject/feasible"": 3, ""person_single/full_body/center/balanced/feasible"": 7, ""person_single/full_body/rot/balanced/feasible"": 8, ""scene/na/center/balanced/feasible"": 2}","{""person_group|na|center|balanced|feasible"": 6, ""person_group|na|rot|balanced|feasible"": 6, ""person_single|face_headshot|center|tight_subject|feasible"": 3, ""person_single|full_body|center|balanced|feasible"": 7, ""person_single|full_body|rot|balanced|feasible"": 8, ""scene|na|center|balanced|feasible"": 2}"
sstk_image_1155045010,person_group,person_group,person_group|na|center|balanced|feasible,person_group,,balanced,0.99,18,18,12,data/SSTK/PhaseA_PhotoPrimary_10K_SigLIP2_v5_20260529/artifacts/training_labels_multimode/260609_v17_routing_v2_precompute_native_nofood_petstrict_cropstrict_nms_v5/crop_review_routing_v2_v17_precompute_native/panels_unified_220/panels/review_sstk_image_1155045010.jpg,data/SSTK/PhaseA_PhotoPrimary_10K_SigLIP2_v5_20260529/images/sstk_image_1155045010.jpg,"{""person_single_face_headshot_center"": 6, ""person_single_full_body_center"": 4, ""person_single_full_body_rot"": 5, ""scene_center"": 3}","{""16:9"": 4, ""1:1"": 3, ""3:4"": 2, ""4:3"": 4, ""9:16"": 1, ""FREE"": 4}","{""person_single/face_headshot/center/tight_subject/feasible"": 6, ""person_single/full_body/center/balanced/feasible"": 4, ""person_single/full_body/rot/balanced/feasible"": 5, ""scene/na/center/balanced/feasible"": 3}","{""person_single|face_headshot|center|tight_subject|feasible"": 6, ""person_single|full_body|center|balanced|feasible"": 4, ""person_single|full_body|rot|balanced|feasible"": 5, ""scene|na|center|balanced|feasible"": 3}"
sstk_image_2018927225,person_single_full_body,person_single_full_body,person_single|full_body|center|environmental|feasible,person_single,full_body,environmental,0.99,9,9,9,data/SSTK/PhaseA_PhotoPrimary_10K_SigLIP2_v5_20260529/artifacts/training_labels_multimode/260609_v17_routing_v2_precompute_native_nofood_petstrict_cropstrict_nms_v5/crop_review_routing_v2_v17_precompute_native/panels_unified_220/panels/review_sstk_image_2018927225.jpg,data/SSTK/PhaseA_PhotoPrimary_10K_SigLIP2_v5_20260529/images/sstk_image_2018927225.jpg,"{""person_single_face_headshot_center"": 3, ""person_single_full_body_center"": 2, ""person_single_full_body_rot"": 4}","{""16:9"": 2, ""1:1"": 2, ""3:4"": 1, ""4:3"": 2, ""9:16"": 1, ""FREE"": 1}","{""person_single/face_headshot/center/tight_subject/feasible"": 3, ""person_single/full_body/center/balanced/feasible"": 2, ""person_single/full_body/rot/balanced/feasible"": 4}","{""person_single|face_headshot|center|tight_subject|feasible"": 3, ""person_single|full_body|center|balanced|feasible"": 2, ""person_single|full_body|rot|balanced|feasible"": 4}"
pond5_image_124245186,person_group,person_group,person_group|na|center|balanced|feasible,person_group,,balanced,0.99,19,19,12,data/SSTK/PhaseA_PhotoPrimary_10K_SigLIP2_v5_20260529/artifacts/training_labels_multimode/260609_v17_routing_v2_precompute_native_nofood_petstrict_cropstrict_nms_v5/crop_review_routing_v2_v17_precompute_native/panels_unified_220/panels/review_pond5_image_124245186.jpg,data/SSTK/PhaseA_PhotoPrimary_10K_SigLIP2_v5_20260529/images/pond5_image_124245186.jpg,"{""person_single_face_headshot_center"": 3, ""person_single_full_body_center"": 6, ""person_single_full_body_rot"": 6, ""scene_center"": 4}","{""16:9"": 3, ""1:1"": 4, ""3:4"": 3, ""4:3"": 3, ""9:16"": 3, ""FREE"": 3}","{""person_single/face_headshot/center/tight_subject/feasible"": 3, ""person_single/full_body/center/balanced/feasible"": 6, ""person_single/full_body/rot/balanced/feasible"": 6, ""scene/na/center/balanced/feasible"": 4}","{""person_single|face_headshot|center|tight_subject|feasible"": 3, ""person_single|full_body|center|balanced|feasible"": 6, ""person_single|full_body|rot|balanced|feasible"": 6, ""scene|na|center|balanced|feasible"": 4}"
sstk_image_1029077953,person_single_full_body,person_single_full_body,person_single|full_body|center|balanced|feasible,person_single,full_body,balanced,0.88,20,20,12,data/SSTK/PhaseA_PhotoPrimary_10K_SigLIP2_v5_20260529/artifacts/training_labels_multimode/260609_v17_routing_v2_precompute_native_nofood_petstrict_cropstrict_nms_v5/crop_review_routing_v2_v17_precompute_native/panels_unified_220/panels/review_sstk_image_1029077953.jpg,data/SSTK/PhaseA_PhotoPrimary_10K_SigLIP2_v5_20260529/images/sstk_image_1029077953.jpg,"{""person_single_face_headshot_center"": 2, ""person_single_full_body_center"": 6, ""person_single_full_body_rot"": 6, ""scene_center"": 6}","{""16:9"": 3, ""1:1"": 3, ""3:4"": 4, ""4:3"": 3, ""9:16"": 4, ""FREE"": 3}","{""person_single/face_headshot/center/tight_subject/feasible"": 2, ""person_single/full_body/center/balanced/feasible"": 6, ""person_single/full_body/rot/balanced/feasible"": 6, ""scene/na/center/balanced/feasible"": 6}","{""person_single|face_headshot|center|tight_subject|feasible"": 2, ""person_single|full_body|center|balanced|feasible"": 6, ""person_single|full_body|rot|balanced|feasible"": 6, ""scene|na|center|balanced|feasible"": 6}"
sstk_image_1624354618,person_single_full_body,person_single_full_body,person_single|full_body|center|balanced|feasible,person_single,full_body,balanced,0.99,21,21,12,data/SSTK/PhaseA_PhotoPrimary_10K_SigLIP2_v5_20260529/artifacts/training_labels_multimode/260609_v17_routing_v2_precompute_native_nofood_petstrict_cropstrict_nms_v5/crop_review_routing_v2_v17_precompute_native/panels_unified_220/panels/review_sstk_image_1624354618.jpg,data/SSTK/PhaseA_PhotoPrimary_10K_SigLIP2_v5_20260529/images/sstk_image_1624354618.jpg,"{""person_single_face_headshot_center"": 3, ""person_single_full_body_center"": 6, ""person_single_full_body_rot"": 6, ""scene_center"": 6}","{""16:9"": 3, ""1:1"": 4, ""3:4"": 4, ""4:3"": 3, ""9:16"": 4, ""FREE"": 3}","{""person_single/face_headshot/center/tight_subject/feasible"": 3, ""person_single/full_body/center/balanced/feasible"": 6, ""person_single/full_body/rot/balanced/feasible"": 6, ""scene/na/center/balanced/feasible"": 6}","{""person_single|face_headshot|center|tight_subject|feasible"": 3, ""person_single|full_body|center|balanced|feasible"": 6, ""person_single|full_body|rot|balanced|feasible"": 6, ""scene|na|center|balanced|feasible"": 6}"
sstk_image_1587715639,scene,scene,scene|na|center|balanced|feasible,scene,,balanced,0.65,17,17,12,data/SSTK/PhaseA_PhotoPrimary_10K_SigLIP2_v5_20260529/artifacts/training_labels_multimode/260609_v17_routing_v2_precompute_native_nofood_petstrict_cropstrict_nms_v5/crop_review_routing_v2_v17_precompute_native/panels_unified_220/panels/review_sstk_image_1587715639.jpg,data/SSTK/PhaseA_PhotoPrimary_10K_SigLIP2_v5_20260529/images/sstk_image_1587715639.jpg,"{""person_single_face_headshot_center"": 6, ""person_single_upper_half_body_center"": 5, ""person_single_upper_half_body_rot"": 4, ""scene_center"": 2}","{""16:9"": 3, ""1:1"": 3, ""3:4"": 2, ""4:3"": 4, ""9:16"": 1, ""FREE"": 4}","{""person_single/face_headshot/center/tight_subject/feasible"": 6, ""person_single/upper_half_body/center/balanced/feasible"": 5, ""person_single/upper_half_body/rot/balanced/feasible"": 4, ""scene/na/center/balanced/feasible"": 2}","{""person_single|face_headshot|center|tight_subject|feasible"": 6, ""person_single|upper_half_body|center|balanced|feasible"": 5, ""person_single|upper_half_body|rot|balanced|feasible"": 4, ""scene|na|center|balanced|feasible"": 2}"
pond5_image_92200704,scene,scene,scene|na|center|balanced|feasible,scene,,balanced,0.6,26,26,12,data/SSTK/PhaseA_PhotoPrimary_10K_SigLIP2_v5_20260529/artifacts/training_labels_multimode/260609_v17_routing_v2_precompute_native_nofood_petstrict_cropstrict_nms_v5/crop_review_routing_v2_v17_precompute_native/panels_unified_220/panels/review_pond5_image_92200704.jpg,data/SSTK/PhaseA_PhotoPrimary_10K_SigLIP2_v5_20260529/images/pond5_image_92200704.jpg,"{""person_group_center"": 6, ""person_group_rot"": 5, ""person_single_upper_half_body_center"": 5, ""person_single_upper_half_body_rot"": 4, ""scene_center"": 6}","{""16:9"": 4, ""1:1"": 5, ""3:4"": 5, ""4:3"": 5, ""9:16"": 2, ""FREE"": 5}","{""person_group/na/center/balanced/feasible"": 6, ""person_group/na/rot/balanced/feasible"": 5, ""person_single/upper_half_body/center/balanced/feasible"": 5, ""person_single/upper_half_body/rot/balanced/feasible"": 4, ""scene/na/center/balanced/feasible"": 6}","{""person_group|na|center|balanced|feasible"": 6, ""person_group|na|rot|balanced|feasible"": 5, ""person_single|upper_half_body|center|balanced|feasible"": 5, ""person_single|upper_half_body|rot|balanced|feasible"": 4, ""scene|na|center|balanced|feasible"": 6}"
sstk_image_2186282477,scene,scene,scene|na|center|balanced|feasible,scene,,balanced,0.6,19,19,12,data/SSTK/PhaseA_PhotoPrimary_10K_SigLIP2_v5_20260529/artifacts/training_labels_multimode/260609_v17_routing_v2_precompute_native_nofood_petstrict_cropstrict_nms_v5/crop_review_routing_v2_v17_precompute_native/panels_unified_220/panels/review_sstk_image_2186282477.jpg,data/SSTK/PhaseA_PhotoPrimary_10K_SigLIP2_v5_20260529/images/sstk_image_2186282477.jpg,"{""person_single_face_headshot_center"": 6, ""person_single_upper_half_body_center"": 5, ""person_single_upper_half_body_rot"": 5, ""scene_center"": 3}","{""16:9"": 4, ""1:1"": 3, ""3:4"": 3, ""4:3"": 4, ""9:16"": 1, ""FREE"": 4}","{""person_single/face_headshot/center/tight_subject/feasible"": 6, ""person_single/upper_half_body/center/balanced/feasible"": 5, ""person_single/upper_half_body/rot/balanced/feasible"": 5, ""scene/na/center/balanced/feasible"": 3}","{""person_single|face_headshot|center|tight_subject|feasible"": 6, ""person_single|upper_half_body|center|balanced|feasible"": 5, ""person_single|upper_half_body|rot|balanced|feasible"": 5, ""scene|na|center|balanced|feasible"": 3}"
sstk_image_2318291601,person_single_face_headshot,person_single_face_headshot,person_single|face_headshot|center|tight_subject|feasible,person_single,face_headshot,tight_subject,0.95,14,14,12,data/SSTK/PhaseA_PhotoPrimary_10K_SigLIP2_v5_20260529/artifacts/training_labels_multimode/260609_v17_routing_v2_precompute_native_nofood_petstrict_cropstrict_nms_v5/crop_review_routing_v2_v17_precompute_native/panels_unified_220/panels/review_sstk_image_2318291601.jpg,data/SSTK/PhaseA_PhotoPrimary_10K_SigLIP2_v5_20260529/images/sstk_image_2318291601.jpg,"{""person_single_face_headshot_center"": 4, ""person_single_upper_half_body_center"": 4, ""person_single_upper_half_body_rot"": 3, ""scene_center"": 3}","{""16:9"": 3, ""1:1"": 3, ""3:4"": 1, ""4:3"": 4, ""FREE"": 3}","{""person_single/face_headshot/center/tight_subject/feasible"": 4, ""person_single/upper_half_body/center/balanced/feasible"": 4, ""person_single/upper_half_body/rot/balanced/feasible"": 3, ""scene/na/center/balanced/feasible"": 3}","{""person_single|face_headshot|center|tight_subject|feasible"": 4, ""person_single|upper_half_body|center|balanced|feasible"": 4, ""person_single|upper_half_body|rot|balanced|feasible"": 3, ""scene|na|center|balanced|feasible"": 3}"
sstk_image_2317652665,person_single_face_headshot,person_single_face_headshot,person_single|face_headshot|center|tight_subject|feasible,person_single,face_headshot,tight_subject,0.95,16,16,12,data/SSTK/PhaseA_PhotoPrimary_10K_SigLIP2_v5_20260529/artifacts/training_labels_multimode/260609_v17_routing_v2_precompute_native_nofood_petstrict_cropstrict_nms_v5/crop_review_routing_v2_v17_precompute_native/panels_unified_220/panels/review_sstk_image_2317652665.jpg,data/SSTK/PhaseA_PhotoPrimary_10K_SigLIP2_v5_20260529/images/sstk_image_2317652665.jpg,"{""person_single_face_headshot_center"": 5, ""person_single_upper_half_body_center"": 4, ""person_single_upper_half_body_rot"": 4, ""scene_center"": 3}","{""16:9"": 3, ""1:1"": 3, ""3:4"": 2, ""4:3"": 4, ""9:16"": 1, ""FREE"": 3}","{""person_single/face_headshot/center/tight_subject/feasible"": 5, ""person_single/upper_half_body/center/balanced/feasible"": 4, ""person_single/upper_half_body/rot/balanced/feasible"": 4, ""scene/na/center/balanced/feasible"": 3}","{""person_single|face_headshot|center|tight_subject|feasible"": 5, ""person_single|upper_half_body|center|balanced|feasible"": 4, ""person_single|upper_half_body|rot|balanced|feasible"": 4, ""scene|na|center|balanced|feasible"": 3}"
pond5_image_101326243,person_group,person_group,person_group|na|center|balanced|feasible,person_group,,balanced,0.99,14,14,12,data/SSTK/PhaseA_PhotoPrimary_10K_SigLIP2_v5_20260529/artifacts/training_labels_multimode/260609_v17_routing_v2_precompute_native_nofood_petstrict_cropstrict_nms_v5/crop_review_routing_v2_v17_precompute_native/panels_unified_220/panels/review_pond5_image_101326243.jpg,data/SSTK/PhaseA_PhotoPrimary_10K_SigLIP2_v5_20260529/images/pond5_image_101326243.jpg,"{""person_single_face_headshot_center"": 2, ""person_single_upper_half_body_center"": 4, ""person_single_upper_half_body_rot"": 5, ""scene_center"": 3}","{""16:9"": 3, ""1:1"": 2, ""3:4"": 2, ""4:3"": 3, ""9:16"": 1, ""FREE"": 3}","{""person_single/face_headshot/center/tight_subject/feasible"": 2, ""person_single/upper_half_body/center/balanced/feasible"": 4, ""person_single/upper_half_body/rot/balanced/feasible"": 5, ""scene/na/center/balanced/feasible"": 3}","{""person_single|face_headshot|center|tight_subject|feasible"": 2, ""person_single|upper_half_body|center|balanced|feasible"": 4, ""person_single|upper_half_body|rot|balanced|feasible"": 5, ""scene|na|center|balanced|feasible"": 3}"
bigstock_image_292908289,person_single_face_headshot,person_single_face_headshot,person_single|face_headshot|center|tight_subject|feasible,person_single,face_headshot,tight_subject,0.95,10,10,10,data/SSTK/PhaseA_PhotoPrimary_10K_SigLIP2_v5_20260529/artifacts/training_labels_multimode/260609_v17_routing_v2_precompute_native_nofood_petstrict_cropstrict_nms_v5/crop_review_routing_v2_v17_precompute_native/panels_unified_220/panels/review_bigstock_image_292908289.jpg,data/SSTK/PhaseA_PhotoPrimary_10K_SigLIP2_v5_20260529/images/bigstock_image_292908289.jpg,"{""person_single_face_headshot_center"": 2, ""person_single_upper_half_body_center"": 3, ""person_single_upper_half_body_rot"": 3, ""scene_center"": 2}","{""16:9"": 2, ""3:4"": 1, ""4:3"": 3, ""9:16"": 1, ""FREE"": 3}","{""person_single/face_headshot/center/tight_subject/feasible"": 2, ""person_single/upper_half_body/center/balanced/feasible"": 3, ""person_single/upper_half_body/rot/balanced/feasible"": 3, ""scene/na/center/balanced/feasible"": 2}","{""person_single|face_headshot|center|tight_subject|feasible"": 2, ""person_single|upper_half_body|center|balanced|feasible"": 3, ""person_single|upper_half_body|rot|balanced|feasible"": 3, ""scene|na|center|balanced|feasible"": 2}"
sstk_image_2311261565,person_single_face_headshot,person_single_face_headshot,person_single|face_headshot|center|tight_subject|feasible,person_single,face_headshot,tight_subject,0.83,15,15,12,data/SSTK/PhaseA_PhotoPrimary_10K_SigLIP2_v5_20260529/artifacts/training_labels_multimode/260609_v17_routing_v2_precompute_native_nofood_petstrict_cropstrict_nms_v5/crop_review_routing_v2_v17_precompute_native/panels_unified_220/panels/review_sstk_image_2311261565.jpg,data/SSTK/PhaseA_PhotoPrimary_10K_SigLIP2_v5_20260529/images/sstk_image_2311261565.jpg,"{""person_single_face_headshot_center"": 6, ""person_single_upper_half_body_center"": 3, ""person_single_upper_half_body_rot"": 4, ""scene_center"": 2}","{""16:9"": 2, ""1:1"": 3, ""3:4"": 1, ""4:3"": 4, ""9:16"": 1, ""FREE"": 4}","{""person_single/face_headshot/center/tight_subject/feasible"": 6, ""person_single/upper_half_body/center/balanced/feasible"": 3, ""person_single/upper_half_body/rot/balanced/feasible"": 4, ""scene/na/center/balanced/feasible"": 2}","{""person_single|face_headshot|center|tight_subject|feasible"": 6, ""person_single|upper_half_body|center|balanced|feasible"": 3, ""person_single|upper_half_body|rot|balanced|feasible"": 4, ""scene|na|center|balanced|feasible"": 2}"
sstk_image_83175334,person_single_full_body,person_single_full_body,person_single|full_body|center|environmental|feasible,person_single,full_body,environmental,0.99,10,10,10,data/SSTK/PhaseA_PhotoPrimary_10K_SigLIP2_v5_20260529/artifacts/training_labels_multimode/260609_v17_routing_v2_precompute_native_nofood_petstrict_cropstrict_nms_v5/crop_review_routing_v2_v17_precompute_native/panels_unified_220/panels/review_sstk_image_83175334.jpg,data/SSTK/PhaseA_PhotoPrimary_10K_SigLIP2_v5_20260529/images/sstk_image_83175334.jpg,"{""person_single_face_headshot_center"": 2, ""person_single_upper_half_body_center"": 1, ""person_single_upper_half_body_rot"": 6, ""scene_center"": 1}","{""16:9"": 2, ""1:1"": 1, ""3:4"": 2, ""4:3"": 2, ""9:16"": 2, ""FREE"": 1}","{""person_single/face_headshot/center/tight_subject/feasible"": 2, ""person_single/upper_half_body/center/balanced/feasible"": 1, ""person_single/upper_half_body/rot/balanced/feasible"": 6, ""scene/na/center/balanced/feasible"": 1}","{""person_single|face_headshot|center|tight_subject|feasible"": 2, ""person_single|upper_half_body|center|balanced|feasible"": 1, ""person_single|upper_half_body|rot|balanced|feasible"": 6, ""scene|na|center|balanced|feasible"": 1}"
sstk_image_525301483,scene,scene,scene|na|center|balanced|feasible,scene,,balanced,0.6,15,15,12,data/SSTK/PhaseA_PhotoPrimary_10K_SigLIP2_v5_20260529/artifacts/training_labels_multimode/260609_v17_routing_v2_precompute_native_nofood_petstrict_cropstrict_nms_v5/crop_review_routing_v2_v17_precompute_native/panels_unified_220/panels/review_sstk_image_525301483.jpg,data/SSTK/PhaseA_PhotoPrimary_10K_SigLIP2_v5_20260529/images/sstk_image_525301483.jpg,"{""person_single_face_headshot_center"": 5, ""person_single_upper_half_body_center"": 5, ""person_single_upper_half_body_rot"": 4, ""scene_center"": 1}","{""16:9"": 3, ""1:1"": 3, ""3:4"": 2, ""4:3"": 4, ""9:16"": 1, ""FREE"": 2}","{""person_single/face_headshot/center/tight_subject/feasible"": 5, ""person_single/upper_half_body/center/balanced/feasible"": 5, ""person_single/upper_half_body/rot/balanced/feasible"": 4, ""scene/na/center/balanced/feasible"": 1}","{""person_single|face_headshot|center|tight_subject|feasible"": 5, ""person_single|upper_half_body|center|balanced|feasible"": 5, ""person_single|upper_half_body|rot|balanced|feasible"": 4, ""scene|na|center|balanced|feasible"": 1}"
sstk_image_782860204,pet_dogcat,pet_dogcat,pet_dogcat|na|center|tight_subject|feasible,pet_dogcat,,tight_subject,0.706921,11,11,11,data/SSTK/PhaseA_PhotoPrimary_10K_SigLIP2_v5_20260529/artifacts/training_labels_multimode/260609_v17_routing_v2_precompute_native_nofood_petstrict_cropstrict_nms_v5/crop_review_routing_v2_v17_precompute_native/panels_unified_220/panels/review_sstk_image_782860204.jpg,data/SSTK/PhaseA_PhotoPrimary_10K_SigLIP2_v5_20260529/images/sstk_image_782860204.jpg,"{""pet_dogcat_center"": 4, ""pet_dogcat_rot"": 4, ""scene_center"": 3}","{""16:9"": 3, ""1:1"": 2, ""4:3"": 3, ""FREE"": 3}","{""pet_dogcat/na/center/tight_subject/feasible"": 4, ""pet_dogcat/na/rot/balanced/feasible"": 4, ""scene/na/center/balanced/feasible"": 3}","{""pet_dogcat|na|center|tight_subject|feasible"": 4, ""pet_dogcat|na|rot|balanced|feasible"": 4, ""scene|na|center|balanced|feasible"": 3}"
sstk_image_1917437306,pet_dogcat,pet_dogcat,pet_dogcat|na|center|tight_subject|feasible,pet_dogcat,,tight_subject,0.713567,10,10,10,data/SSTK/PhaseA_PhotoPrimary_10K_SigLIP2_v5_20260529/artifacts/training_labels_multimode/260609_v17_routing_v2_precompute_native_nofood_petstrict_cropstrict_nms_v5/crop_review_routing_v2_v17_precompute_native/panels_unified_220/panels/review_sstk_image_1917437306.jpg,data/SSTK/PhaseA_PhotoPrimary_10K_SigLIP2_v5_20260529/images/sstk_image_1917437306.jpg,"{""pet_dogcat_center"": 4, ""pet_dogcat_rot"": 4, ""scene_center"": 2}","{""16:9"": 2, ""1:1"": 2, ""4:3"": 3, ""FREE"": 3}","{""pet_dogcat/na/center/tight_subject/feasible"": 4, ""pet_dogcat/na/rot/balanced/feasible"": 4, ""scene/na/center/balanced/feasible"": 2}","{""pet_dogcat|na|center|tight_subject|feasible"": 4, ""pet_dogcat|na|rot|balanced|feasible"": 4, ""scene|na|center|balanced|feasible"": 2}"
pond5_image_136488302,pet_dogcat,pet_dogcat,pet_dogcat|na|center|tight_subject|feasible,pet_dogcat,,tight_subject,0.697715,10,10,10,data/SSTK/PhaseA_PhotoPrimary_10K_SigLIP2_v5_20260529/artifacts/training_labels_multimode/260609_v17_routing_v2_precompute_native_nofood_petstrict_cropstrict_nms_v5/crop_review_routing_v2_v17_precompute_native/panels_unified_220/panels/review_pond5_image_136488302.jpg,data/SSTK/PhaseA_PhotoPrimary_10K_SigLIP2_v5_20260529/images/pond5_image_136488302.jpg,"{""pet_dogcat_center"": 4, ""pet_dogcat_rot"": 3, ""scene_center"": 3}","{""16:9"": 2, ""1:1"": 2, ""4:3"": 3, ""FREE"": 3}","{""pet_dogcat/na/center/tight_subject/feasible"": 4, ""pet_dogcat/na/rot/balanced/feasible"": 3, ""scene/na/center/balanced/feasible"": 3}","{""pet_dogcat|na|center|tight_subject|feasible"": 4, ""pet_dogcat|na|rot|balanced|feasible"": 3, ""scene|na|center|balanced|feasible"": 3}"
pond5_image_98892735,pet_dogcat,pet_dogcat,pet_dogcat|na|center|tight_subject|feasible,pet_dogcat,,tight_subject,0.710997,10,10,10,data/SSTK/PhaseA_PhotoPrimary_10K_SigLIP2_v5_20260529/artifacts/training_labels_multimode/260609_v17_routing_v2_precompute_native_nofood_petstrict_cropstrict_nms_v5/crop_review_routing_v2_v17_precompute_native/panels_unified_220/panels/review_pond5_image_98892735.jpg,data/SSTK/PhaseA_PhotoPrimary_10K_SigLIP2_v5_20260529/images/pond5_image_98892735.jpg,"{""pet_dogcat_center"": 4, ""pet_dogcat_rot"": 4, ""scene_center"": 2}","{""16:9"": 2, ""1:1"": 2, ""4:3"": 3, ""FREE"": 3}","{""pet_dogcat/na/center/tight_subject/feasible"": 4, ""pet_dogcat/na/rot/balanced/feasible"": 4, ""scene/na/center/balanced/feasible"": 2}","{""pet_dogcat|na|center|tight_subject|feasible"": 4, ""pet_dogcat|na|rot|balanced|feasible"": 4, ""scene|na|center|balanced|feasible"": 2}"
sstk_image_2303424397,pet_dogcat,pet_dogcat,pet_dogcat|na|center|tight_subject|feasible,pet_dogcat,,tight_subject,0.689107,13,13,12,data/SSTK/PhaseA_PhotoPrimary_10K_SigLIP2_v5_20260529/artifacts/training_labels_multimode/260609_v17_routing_v2_precompute_native_nofood_petstrict_cropstrict_nms_v5/crop_review_routing_v2_v17_precompute_native/panels_unified_220/panels/review_sstk_image_2303424397.jpg,data/SSTK/PhaseA_PhotoPrimary_10K_SigLIP2_v5_20260529/images/sstk_image_2303424397.jpg,"{""pet_dogcat_center"": 5, ""pet_dogcat_rot"": 5, ""scene_center"": 3}","{""16:9"": 3, ""1:1"": 2, ""3:4"": 2, ""4:3"": 3, ""FREE"": 3}","{""pet_dogcat/na/center/tight_subject/feasible"": 5, ""pet_dogcat/na/rot/balanced/feasible"": 5, ""scene/na/center/balanced/feasible"": 3}","{""pet_dogcat|na|center|tight_subject|feasible"": 5, ""pet_dogcat|na|rot|balanced|feasible"": 5, ""scene|na|center|balanced|feasible"": 3}"
pond5_image_50015092,pet_dogcat,pet_dogcat,pet_dogcat|na|center|tight_subject|feasible,pet_dogcat,,tight_subject,0.707752,12,12,12,data/SSTK/PhaseA_PhotoPrimary_10K_SigLIP2_v5_20260529/artifacts/training_labels_multimode/260609_v17_routing_v2_precompute_native_nofood_petstrict_cropstrict_nms_v5/crop_review_routing_v2_v17_precompute_native/panels_unified_220/panels/review_pond5_image_50015092.jpg,data/SSTK/PhaseA_PhotoPrimary_10K_SigLIP2_v5_20260529/images/pond5_image_50015092.jpg,"{""pet_dogcat_center"": 5, ""pet_dogcat_rot"": 4, ""scene_center"": 3}","{""16:9"": 3, ""1:1"": 2, ""3:4"": 1, ""4:3"": 3, ""FREE"": 3}","{""pet_dogcat/na/center/tight_subject/feasible"": 5, ""pet_dogcat/na/rot/balanced/feasible"": 4, ""scene/na/center/balanced/feasible"": 3}","{""pet_dogcat|na|center|tight_subject|feasible"": 5, ""pet_dogcat|na|rot|balanced|feasible"": 4, ""scene|na|center|balanced|feasible"": 3}"
sstk_image_2202602353,pet_dogcat,pet_dogcat,pet_dogcat|na|center|tight_subject|feasible,pet_dogcat,,tight_subject,0.705079,10,10,10,data/SSTK/PhaseA_PhotoPrimary_10K_SigLIP2_v5_20260529/artifacts/training_labels_multimode/260609_v17_routing_v2_precompute_native_nofood_petstrict_cropstrict_nms_v5/crop_review_routing_v2_v17_precompute_native/panels_unified_220/panels/review_sstk_image_2202602353.jpg,data/SSTK/PhaseA_PhotoPrimary_10K_SigLIP2_v5_20260529/images/sstk_image_2202602353.jpg,"{""pet_dogcat_center"": 5, ""pet_dogcat_rot"": 5}","{""16:9"": 2, ""1:1"": 2, ""3:4"": 2, ""4:3"": 2, ""FREE"": 2}","{""pet_dogcat/na/center/tight_subject/feasible"": 5, ""pet_dogcat/na/rot/balanced/feasible"": 5}","{""pet_dogcat|na|center|tight_subject|feasible"": 5, ""pet_dogcat|na|rot|balanced|feasible"": 5}"
sstk_image_2220203269,pet_dogcat,pet_dogcat,pet_dogcat|na|center|tight_subject|feasible,pet_dogcat,,tight_subject,0.682309,12,12,12,data/SSTK/PhaseA_PhotoPrimary_10K_SigLIP2_v5_20260529/artifacts/training_labels_multimode/260609_v17_routing_v2_precompute_native_nofood_petstrict_cropstrict_nms_v5/crop_review_routing_v2_v17_precompute_native/panels_unified_220/panels/review_sstk_image_2220203269.jpg,data/SSTK/PhaseA_PhotoPrimary_10K_SigLIP2_v5_20260529/images/sstk_image_2220203269.jpg,"{""pet_dogcat_center"": 5, ""pet_dogcat_rot"": 5, ""scene_center"": 2}","{""16:9"": 3, ""1:1"": 2, ""3:4"": 2, ""4:3"": 2, ""FREE"": 3}","{""pet_dogcat/na/center/tight_subject/feasible"": 5, ""pet_dogcat/na/rot/balanced/feasible"": 5, ""scene/na/center/balanced/feasible"": 2}","{""pet_dogcat|na|center|tight_subject|feasible"": 5, ""pet_dogcat|na|rot|balanced|feasible"": 5, ""scene|na|center|balanced|feasible"": 2}"
sstk_image_1940328421,pet_dogcat,pet_dogcat,pet_dogcat|na|center|tight_subject|feasible,pet_dogcat,,tight_subject,0.712482,14,14,12,data/SSTK/PhaseA_PhotoPrimary_10K_SigLIP2_v5_20260529/artifacts/training_labels_multimode/260609_v17_routing_v2_precompute_native_nofood_petstrict_cropstrict_nms_v5/crop_review_routing_v2_v17_precompute_native/panels_unified_220/panels/review_sstk_image_1940328421.jpg,data/SSTK/PhaseA_PhotoPrimary_10K_SigLIP2_v5_20260529/images/sstk_image_1940328421.jpg,"{""pet_dogcat_center"": 6, ""pet_dogcat_rot"": 5, ""scene_center"": 3}","{""16:9"": 3, ""1:1"": 2, ""3:4"": 2, ""4:3"": 3, ""9:16"": 1, ""FREE"": 3}","{""pet_dogcat/na/center/tight_subject/feasible"": 6, ""pet_dogcat/na/rot/balanced/feasible"": 5, ""scene/na/center/balanced/feasible"": 3}","{""pet_dogcat|na|center|tight_subject|feasible"": 6, ""pet_dogcat|na|rot|balanced|feasible"": 5, ""scene|na|center|balanced|feasible"": 3}"
sstk_image_2187517823,pet_dogcat,pet_dogcat,pet_dogcat|na|center|tight_subject|feasible,pet_dogcat,,tight_subject,0.78,23,16,12,data/SSTK/PhaseA_PhotoPrimary_10K_SigLIP2_v5_20260529/artifacts/training_labels_multimode/260609_v17_routing_v2_precompute_native_nofood_petstrict_cropstrict_nms_v5/crop_review_routing_v2_v17_precompute_native/panels_unified_220/panels/review_sstk_image_2187517823.jpg,data/SSTK/PhaseA_PhotoPrimary_10K_SigLIP2_v5_20260529/images/sstk_image_2187517823.jpg,"{""person_single_face_headshot_center"": 3, ""pet_dogcat_center"": 10, ""pet_dogcat_rot"": 9, ""scene_center"": 1}","{""16:9"": 3, ""1:1"": 5, ""3:4"": 4, ""4:3"": 4, ""9:16"": 2, ""FREE"": 5}","{""person_single/face_headshot/center/tight_subject/feasible"": 3, ""pet_dogcat/na/center/tight_subject/feasible"": 10, ""pet_dogcat/na/rot/balanced/feasible"": 9, ""scene/na/center/balanced/feasible"": 1}","{""person_single|face_headshot|center|tight_subject|feasible"": 3, ""pet_dogcat|na|center|tight_subject|feasible"": 10, ""pet_dogcat|na|rot|balanced|feasible"": 9, ""scene|na|center|balanced|feasible"": 1}"
sstk_image_254953174,person_single_upper_half_body,person_single_upper_half_body,person_single|upper_half_body|center|balanced|feasible,person_single,upper_half_body,balanced,0.95,6,6,6,data/SSTK/PhaseA_PhotoPrimary_10K_SigLIP2_v5_20260529/artifacts/training_labels_multimode/260609_v17_routing_v2_precompute_native_nofood_petstrict_cropstrict_nms_v5/crop_review_routing_v2_v17_precompute_native/panels_unified_220/panels/review_sstk_image_254953174.jpg,data/SSTK/PhaseA_PhotoPrimary_10K_SigLIP2_v5_20260529/images/sstk_image_254953174.jpg,"{""person_single_face_headshot_center"": 3, ""scene_center"": 3}","{""16:9"": 1, ""1:1"": 1, ""3:4"": 1, ""4:3"": 1, ""9:16"": 1, ""FREE"": 1}","{""person_single/face_headshot/center/tight_subject/feasible"": 3, ""scene/na/center/balanced/feasible"": 3}","{""person_single|face_headshot|center|tight_subject|feasible"": 3, ""scene|na|center|balanced|feasible"": 3}"
sstk_image_12992410,person_group,person_group,person_group|na|center|balanced|feasible,person_group,,balanced,0.99,6,6,6,data/SSTK/PhaseA_PhotoPrimary_10K_SigLIP2_v5_20260529/artifacts/training_labels_multimode/260609_v17_routing_v2_precompute_native_nofood_petstrict_cropstrict_nms_v5/crop_review_routing_v2_v17_precompute_native/panels_unified_220/panels/review_sstk_image_12992410.jpg,data/SSTK/PhaseA_PhotoPrimary_10K_SigLIP2_v5_20260529/images/sstk_image_12992410.jpg,"{""person_group_center"": 2, ""person_single_face_headshot_center"": 1, ""scene_center"": 3}","{""16:9"": 1, ""3:4"": 1, ""4:3"": 2, ""FREE"": 2}","{""person_group/na/center/balanced/feasible"": 2, ""person_single/face_headshot/center/tight_subject/feasible"": 1, ""scene/na/center/balanced/feasible"": 3}","{""person_group|na|center|balanced|feasible"": 2, ""person_single|face_headshot|center|tight_subject|feasible"": 1, ""scene|na|center|balanced|feasible"": 3}"
sstk_image_785794642,scene,scene,scene|na|center|balanced|feasible,scene,,balanced,0.6,14,14,12,data/SSTK/PhaseA_PhotoPrimary_10K_SigLIP2_v5_20260529/artifacts/training_labels_multimode/260609_v17_routing_v2_precompute_native_nofood_petstrict_cropstrict_nms_v5/crop_review_routing_v2_v17_precompute_native/panels_unified_220/panels/review_sstk_image_785794642.jpg,data/SSTK/PhaseA_PhotoPrimary_10K_SigLIP2_v5_20260529/images/sstk_image_785794642.jpg,"{""person_single_face_headshot_center"": 2, ""person_single_full_body_center"": 3, ""person_single_full_body_rot"": 6, ""scene_center"": 3}","{""16:9"": 2, ""1:1"": 3, ""3:4"": 2, ""4:3"": 3, ""9:16"": 1, ""FREE"": 3}","{""person_single/face_headshot/center/tight_subject/feasible"": 2, ""person_single/full_body/center/balanced/feasible"": 3, ""person_single/full_body/rot/balanced/feasible"": 6, ""scene/na/center/balanced/feasible"": 3}","{""person_single|face_headshot|center|tight_subject|feasible"": 2, ""person_single|full_body|center|balanced|feasible"": 3, ""person_single|full_body|rot|balanced|feasible"": 6, ""scene|na|center|balanced|feasible"": 3}"
sstk_image_535375456,person_single_upper_half_body,person_single_upper_half_body,person_single|upper_half_body|center|balanced|feasible,person_single,upper_half_body,balanced,0.95,7,7,7,data/SSTK/PhaseA_PhotoPrimary_10K_SigLIP2_v5_20260529/artifacts/training_labels_multimode/260609_v17_routing_v2_precompute_native_nofood_petstrict_cropstrict_nms_v5/crop_review_routing_v2_v17_precompute_native/panels_unified_220/panels/review_sstk_image_535375456.jpg,data/SSTK/PhaseA_PhotoPrimary_10K_SigLIP2_v5_20260529/images/sstk_image_535375456.jpg,"{""person_group_center"": 2, ""person_single_face_headshot_center"": 2, ""scene_center"": 3}","{""16:9"": 1, ""1:1"": 1, ""3:4"": 1, ""4:3"": 2, ""FREE"": 2}","{""person_group/na/center/balanced/feasible"": 2, ""person_single/face_headshot/center/tight_subject/feasible"": 2, ""scene/na/center/balanced/feasible"": 3}","{""person_group|na|center|balanced|feasible"": 2, ""person_single|face_headshot|center|tight_subject|feasible"": 2, ""scene|na|center|balanced|feasible"": 3}"
sstk_image_516480421,person_group,person_group,person_group|na|center|balanced|feasible,person_group,,balanced,0.99,5,5,5,data/SSTK/PhaseA_PhotoPrimary_10K_SigLIP2_v5_20260529/artifacts/training_labels_multimode/260609_v17_routing_v2_precompute_native_nofood_petstrict_cropstrict_nms_v5/crop_review_routing_v2_v17_precompute_native/panels_unified_220/panels/review_sstk_image_516480421.jpg,data/SSTK/PhaseA_PhotoPrimary_10K_SigLIP2_v5_20260529/images/sstk_image_516480421.jpg,"{""person_single_face_headshot_center"": 2, ""scene_center"": 3}","{""16:9"": 1, ""1:1"": 1, ""3:4"": 1, ""4:3"": 1, ""FREE"": 1}","{""person_single/face_headshot/center/tight_subject/feasible"": 2, ""scene/na/center/balanced/feasible"": 3}","{""person_single|face_headshot|center|tight_subject|feasible"": 2, ""scene|na|center|balanced|feasible"": 3}"
pond5_image_52342129,person_group,person_group,person_group|na|center|balanced|feasible,person_group,,balanced,0.99,19,19,12,data/SSTK/PhaseA_PhotoPrimary_10K_SigLIP2_v5_20260529/artifacts/training_labels_multimode/260609_v17_routing_v2_precompute_native_nofood_petstrict_cropstrict_nms_v5/crop_review_routing_v2_v17_precompute_native/panels_unified_220/panels/review_pond5_image_52342129.jpg,data/SSTK/PhaseA_PhotoPrimary_10K_SigLIP2_v5_20260529/images/pond5_image_52342129.jpg,"{""person_group_center"": 5, ""person_group_rot"": 4, ""person_single_face_headshot_center"": 2, ""person_single_full_body_center"": 3, ""person_single_full_body_rot"": 2, ""scene_center"": 3}","{""16:9"": 1, ""1:1"": 5, ""3:4"": 3, ""4:3"": 5, ""9:16"": 1, ""FREE"": 4}","{""person_group/na/center/balanced/feasible"": 5, ""person_group/na/rot/balanced/feasible"": 4, ""person_single/face_headshot/center/tight_subject/feasible"": 2, ""person_single/full_body/center/balanced/feasible"": 3, ""person_single/full_body/rot/balanced/feasible"": 2, ""scene/na/center/balanced/feasible"": 3}","{""person_group|na|center|balanced|feasible"": 5, ""person_group|na|rot|balanced|feasible"": 4, ""person_single|face_headshot|center|tight_subject|feasible"": 2, ""person_single|full_body|center|balanced|feasible"": 3, ""person_single|full_body|rot|balanced|feasible"": 2, ""scene|na|center|balanced|feasible"": 3}"
sstk_image_1130328734,person_group,person_group,person_group|na|center|balanced|feasible,person_group,,balanced,0.99,19,19,12,data/SSTK/PhaseA_PhotoPrimary_10K_SigLIP2_v5_20260529/artifacts/training_labels_multimode/260609_v17_routing_v2_precompute_native_nofood_petstrict_cropstrict_nms_v5/crop_review_routing_v2_v17_precompute_native/panels_unified_220/panels/review_sstk_image_1130328734.jpg,data/SSTK/PhaseA_PhotoPrimary_10K_SigLIP2_v5_20260529/images/sstk_image_1130328734.jpg,"{""person_group_center"": 6, ""person_group_rot"": 2, ""person_single_upper_half_body_center"": 5, ""person_single_upper_half_body_rot"": 4, ""scene_center"": 2}","{""16:9"": 1, ""1:1"": 4, ""3:4"": 3, ""4:3"": 3, ""9:16"": 3, ""FREE"": 5}","{""person_group/na/center/balanced/feasible"": 6, ""person_group/na/rot/balanced/feasible"": 2, ""person_single/upper_half_body/center/balanced/feasible"": 5, ""person_single/upper_half_body/rot/balanced/feasible"": 4, ""scene/na/center/balanced/feasible"": 2}","{""person_group|na|center|balanced|feasible"": 6, ""person_group|na|rot|balanced|feasible"": 2, ""person_single|upper_half_body|center|balanced|feasible"": 5, ""person_single|upper_half_body|rot|balanced|feasible"": 4, ""scene|na|center|balanced|feasible"": 2}"
bigstock_image_166663685,scene,scene,scene|na|center|balanced|feasible,scene,,balanced,0.65,22,22,12,data/SSTK/PhaseA_PhotoPrimary_10K_SigLIP2_v5_20260529/artifacts/training_labels_multimode/260609_v17_routing_v2_precompute_native_nofood_petstrict_cropstrict_nms_v5/crop_review_routing_v2_v17_precompute_native/panels_unified_220/panels/review_bigstock_image_166663685.jpg,data/SSTK/PhaseA_PhotoPrimary_10K_SigLIP2_v5_20260529/images/bigstock_image_166663685.jpg,"{""person_group_center"": 6, ""person_group_rot"": 2, ""person_single_face_headshot_center"": 3, ""person_single_full_body_center"": 3, ""person_single_full_body_rot"": 6, ""scene_center"": 2}","{""16:9"": 2, ""1:1"": 5, ""3:4"": 3, ""4:3"": 5, ""9:16"": 3, ""FREE"": 4}","{""person_group/na/center/balanced/feasible"": 6, ""person_group/na/rot/balanced/feasible"": 2, ""person_single/face_headshot/center/tight_subject/feasible"": 3, ""person_single/full_body/center/balanced/feasible"": 3, ""person_single/full_body/rot/balanced/feasible"": 6, ""scene/na/center/balanced/feasible"": 2}","{""person_group|na|center|balanced|feasible"": 6, ""person_group|na|rot|balanced|feasible"": 2, ""person_single|face_headshot|center|tight_subject|feasible"": 3, ""person_single|full_body|center|balanced|feasible"": 3, ""person_single|full_body|rot|balanced|feasible"": 6, ""scene|na|center|balanced|feasible"": 2}"
sstk_image_1380417755,person_group,person_group,person_group|na|center|balanced|feasible,person_group,,balanced,0.99,11,11,11,data/SSTK/PhaseA_PhotoPrimary_10K_SigLIP2_v5_20260529/artifacts/training_labels_multimode/260609_v17_routing_v2_precompute_native_nofood_petstrict_cropstrict_nms_v5/crop_review_routing_v2_v17_precompute_native/panels_unified_220/panels/review_sstk_image_1380417755.jpg,data/SSTK/PhaseA_PhotoPrimary_10K_SigLIP2_v5_20260529/images/sstk_image_1380417755.jpg,"{""person_group_center"": 4, ""person_group_rot"": 4, ""person_single_full_body_rot"": 1, ""scene_center"": 2}","{""1:1"": 2, ""3:4"": 3, ""9:16"": 2, ""FREE"": 4}","{""person_group/na/center/balanced/feasible"": 4, ""person_group/na/rot/balanced/feasible"": 4, ""person_single/full_body/rot/balanced/feasible"": 1, ""scene/na/center/balanced/feasible"": 2}","{""person_group|na|center|balanced|feasible"": 4, ""person_group|na|rot|balanced|feasible"": 4, ""person_single|full_body|rot|balanced|feasible"": 1, ""scene|na|center|balanced|feasible"": 2}"
sstk_image_2191084687,pet_dogcat,pet_dogcat,pet_dogcat|na|center|tight_subject|feasible,pet_dogcat,,tight_subject,0.73,41,41,12,data/SSTK/PhaseA_PhotoPrimary_10K_SigLIP2_v5_20260529/artifacts/training_labels_multimode/260609_v17_routing_v2_precompute_native_nofood_petstrict_cropstrict_nms_v5/crop_review_routing_v2_v17_precompute_native/panels_unified_220/panels/review_sstk_image_2191084687.jpg,data/SSTK/PhaseA_PhotoPrimary_10K_SigLIP2_v5_20260529/images/sstk_image_2191084687.jpg,"{""person_group_center"": 6, ""person_group_rot"": 6, ""person_single_face_headshot_center"": 2, ""person_single_upper_half_body_center"": 6, ""person_single_upper_half_body_rot"": 6, ""pet_dogcat_center"": 6, ""pet_dogcat_rot"": 6, ""scene_center"": 3}","{""16:9"": 7, ""1:1"": 7, ""3:4"": 7, ""4:3"": 7, ""9:16"": 6, ""FREE"": 7}","{""person_group/na/center/balanced/feasible"": 6, ""person_group/na/rot/balanced/feasible"": 6, ""person_single/face_headshot/center/tight_subject/feasible"": 2, ""person_single/upper_half_body/center/balanced/feasible"": 6, ""person_single/upper_half_body/rot/balanced/feasible"": 6, ""pet_dogcat/na/center/tight_subject/feasible"": 6, ""pet_dogcat/na/rot/balanced/feasible"": 6, ""scene/na/center/balanced/feasible"": 3}","{""person_group|na|center|balanced|feasible"": 6, ""person_group|na|rot|balanced|feasible"": 6, ""person_single|face_headshot|center|tight_subject|feasible"": 2, ""person_single|upper_half_body|center|balanced|feasible"": 6, ""person_single|upper_half_body|rot|balanced|feasible"": 6, ""pet_dogcat|na|center|tight_subject|feasible"": 6, ""pet_dogcat|na|rot|balanced|feasible"": 6, ""scene|na|center|balanced|feasible"": 3}"
pond5_image_114415241,person_group,person_group,person_group|na|center|balanced|feasible,person_group,,balanced,0.99,22,20,12,data/SSTK/PhaseA_PhotoPrimary_10K_SigLIP2_v5_20260529/artifacts/training_labels_multimode/260609_v17_routing_v2_precompute_native_nofood_petstrict_cropstrict_nms_v5/crop_review_routing_v2_v17_precompute_native/panels_unified_220/panels/review_pond5_image_114415241.jpg,data/SSTK/PhaseA_PhotoPrimary_10K_SigLIP2_v5_20260529/images/pond5_image_114415241.jpg,"{""person_group_center"": 5, ""person_group_rot"": 4, ""person_single_face_headshot_center"": 4, ""person_single_upper_half_body_center"": 4, ""person_single_upper_half_body_rot"": 3, ""scene_center"": 2}","{""1:1"": 6, ""3:4"": 6, ""4:3"": 4, ""9:16"": 1, ""FREE"": 5}","{""person_group/na/center/balanced/feasible"": 5, ""person_group/na/rot/balanced/feasible"": 4, ""person_single/face_headshot/center/tight_subject/feasible"": 4, ""person_single/upper_half_body/center/balanced/feasible"": 4, ""person_single/upper_half_body/rot/balanced/feasible"": 3, ""scene/na/center/balanced/feasible"": 2}","{""person_group|na|center|balanced|feasible"": 5, ""person_group|na|rot|balanced|feasible"": 4, ""person_single|face_headshot|center|tight_subject|feasible"": 4, ""person_single|upper_half_body|center|balanced|feasible"": 4, ""person_single|upper_half_body|rot|balanced|feasible"": 3, ""scene|na|center|balanced|feasible"": 2}"
sstk_image_1785327902,scene,scene,scene|na|center|balanced|feasible,scene,,balanced,0.65,28,28,12,data/SSTK/PhaseA_PhotoPrimary_10K_SigLIP2_v5_20260529/artifacts/training_labels_multimode/260609_v17_routing_v2_precompute_native_nofood_petstrict_cropstrict_nms_v5/crop_review_routing_v2_v17_precompute_native/panels_unified_220/panels/review_sstk_image_1785327902.jpg,data/SSTK/PhaseA_PhotoPrimary_10K_SigLIP2_v5_20260529/images/sstk_image_1785327902.jpg,"{""person_group_center"": 5, ""person_group_rot"": 5, ""person_single_full_body_center"": 4, ""person_single_full_body_rot"": 5, ""person_single_upper_half_body_rot"": 3, ""scene_center"": 6}","{""16:9"": 4, ""1:1"": 5, ""3:4"": 6, ""4:3"": 5, ""9:16"": 3, ""FREE"": 5}","{""person_group/na/center/balanced/feasible"": 5, ""person_group/na/rot/balanced/feasible"": 5, ""person_single/full_body/center/balanced/feasible"": 4, ""person_single/full_body/rot/balanced/feasible"": 5, ""person_single/upper_half_body/rot/balanced/feasible"": 3, ""scene/na/center/balanced/feasible"": 6}","{""person_group|na|center|balanced|feasible"": 5, ""person_group|na|rot|balanced|feasible"": 5, ""person_single|full_body|center|balanced|feasible"": 4, ""person_single|full_body|rot|balanced|feasible"": 5, ""person_single|upper_half_body|rot|balanced|feasible"": 3, ""scene|na|center|balanced|feasible"": 6}"
pond5_image_201293170,person_group,person_group,person_group|na|center|balanced|feasible,person_group,,balanced,0.99,16,16,12,data/SSTK/PhaseA_PhotoPrimary_10K_SigLIP2_v5_20260529/artifacts/training_labels_multimode/260609_v17_routing_v2_precompute_native_nofood_petstrict_cropstrict_nms_v5/crop_review_routing_v2_v17_precompute_native/panels_unified_220/panels/review_pond5_image_201293170.jpg,data/SSTK/PhaseA_PhotoPrimary_10K_SigLIP2_v5_20260529/images/pond5_image_201293170.jpg,"{""person_group_center"": 5, ""person_group_rot"": 6, ""scene_center"": 5}","{""16:9"": 2, ""1:1"": 3, ""3:4"": 3, ""4:3"": 3, ""9:16"": 2, ""FREE"": 3}","{""person_group/na/center/balanced/feasible"": 5, ""person_group/na/rot/balanced/feasible"": 6, ""scene/na/center/balanced/feasible"": 5}","{""person_group|na|center|balanced|feasible"": 5, ""person_group|na|rot|balanced|feasible"": 6, ""scene|na|center|balanced|feasible"": 5}"
sstk_image_1562341474,scene,scene,scene|na|center|balanced|feasible,scene,,balanced,0.6,14,14,12,data/SSTK/PhaseA_PhotoPrimary_10K_SigLIP2_v5_20260529/artifacts/training_labels_multimode/260609_v17_routing_v2_precompute_native_nofood_petstrict_cropstrict_nms_v5/crop_review_routing_v2_v17_precompute_native/panels_unified_220/panels/review_sstk_image_1562341474.jpg,data/SSTK/PhaseA_PhotoPrimary_10K_SigLIP2_v5_20260529/images/sstk_image_1562341474.jpg,"{""person_group_center"": 6, ""person_group_rot"": 6, ""scene_center"": 2}","{""16:9"": 2, ""1:1"": 2, ""3:4"": 3, ""4:3"": 2, ""9:16"": 2, ""FREE"": 3}","{""person_group/na/center/balanced/feasible"": 6, ""person_group/na/rot/balanced/feasible"": 6, ""scene/na/center/balanced/feasible"": 2}","{""person_group|na|center|balanced|feasible"": 6, ""person_group|na|rot|balanced|feasible"": 6, ""scene|na|center|balanced|feasible"": 2}"
bigstock_image_312782197,scene,scene,scene|na|center|balanced|feasible,scene,,balanced,0.65,17,17,12,data/SSTK/PhaseA_PhotoPrimary_10K_SigLIP2_v5_20260529/artifacts/training_labels_multimode/260609_v17_routing_v2_precompute_native_nofood_petstrict_cropstrict_nms_v5/crop_review_routing_v2_v17_precompute_native/panels_unified_220/panels/review_bigstock_image_312782197.jpg,data/SSTK/PhaseA_PhotoPrimary_10K_SigLIP2_v5_20260529/images/bigstock_image_312782197.jpg,"{""person_group_center"": 5, ""person_group_rot"": 5, ""person_single_face_headshot_center"": 3, ""person_single_full_body_rot"": 3, ""scene_center"": 1}","{""16:9"": 2, ""1:1"": 3, ""3:4"": 3, ""4:3"": 3, ""9:16"": 2, ""FREE"": 4}","{""person_group/na/center/balanced/feasible"": 5, ""person_group/na/rot/balanced/feasible"": 5, ""person_single/face_headshot/center/tight_subject/feasible"": 3, ""person_single/full_body/rot/balanced/feasible"": 3, ""scene/na/center/balanced/feasible"": 1}","{""person_group|na|center|balanced|feasible"": 5, ""person_group|na|rot|balanced|feasible"": 5, ""person_single|face_headshot|center|tight_subject|feasible"": 3, ""person_single|full_body|rot|balanced|feasible"": 3, ""scene|na|center|balanced|feasible"": 1}"
sstk_image_440623876,person_single_face_headshot,person_single_face_headshot,person_single|face_headshot|center|tight_subject|feasible,person_single,face_headshot,tight_subject,0.95,10,10,10,data/SSTK/PhaseA_PhotoPrimary_10K_SigLIP2_v5_20260529/artifacts/training_labels_multimode/260609_v17_routing_v2_precompute_native_nofood_petstrict_cropstrict_nms_v5/crop_review_routing_v2_v17_precompute_native/panels_unified_220/panels/review_sstk_image_440623876.jpg,data/SSTK/PhaseA_PhotoPrimary_10K_SigLIP2_v5_20260529/images/sstk_image_440623876.jpg,"{""person_single_face_headshot_center"": 6, ""scene_center"": 4}","{""16:9"": 2, ""1:1"": 2, ""3:4"": 1, ""4:3"": 2, ""9:16"": 1, ""FREE"": 2}","{""person_single/face_headshot/center/tight_subject/feasible"": 6, ""scene/na/center/balanced/feasible"": 4}","{""person_single|face_headshot|center|tight_subject|feasible"": 6, ""scene|na|center|balanced|feasible"": 4}"
sstk_image_2219552153,person_group,person_group,person_group|na|center|balanced|feasible,person_group,,balanced,0.99,7,7,7,data/SSTK/PhaseA_PhotoPrimary_10K_SigLIP2_v5_20260529/artifacts/training_labels_multimode/260609_v17_routing_v2_precompute_native_nofood_petstrict_cropstrict_nms_v5/crop_review_routing_v2_v17_precompute_native/panels_unified_220/panels/review_sstk_image_2219552153.jpg,data/SSTK/PhaseA_PhotoPrimary_10K_SigLIP2_v5_20260529/images/sstk_image_2219552153.jpg,"{""person_single_face_headshot_center"": 6, ""scene_center"": 1}","{""16:9"": 1, ""1:1"": 1, ""3:4"": 1, ""4:3"": 1, ""9:16"": 1, ""FREE"": 2}","{""person_single/face_headshot/center/tight_subject/feasible"": 6, ""scene/na/center/balanced/feasible"": 1}","{""person_single|face_headshot|center|tight_subject|feasible"": 6, ""scene|na|center|balanced|feasible"": 1}"
pond5_image_125457403,person_single_face_headshot,person_single_face_headshot,person_single|face_headshot|center|tight_subject|feasible,person_single,face_headshot,tight_subject,0.95,13,13,12,data/SSTK/PhaseA_PhotoPrimary_10K_SigLIP2_v5_20260529/artifacts/training_labels_multimode/260609_v17_routing_v2_precompute_native_nofood_petstrict_cropstrict_nms_v5/crop_review_routing_v2_v17_precompute_native/panels_unified_220/panels/review_pond5_image_125457403.jpg,data/SSTK/PhaseA_PhotoPrimary_10K_SigLIP2_v5_20260529/images/pond5_image_125457403.jpg,"{""person_single_face_headshot_center"": 6, ""person_single_upper_half_body_center"": 3, ""person_single_upper_half_body_rot"": 2, ""scene_center"": 2}","{""16:9"": 2, ""1:1"": 1, ""3:4"": 1, ""4:3"": 4, ""9:16"": 1, ""FREE"": 4}","{""person_single/face_headshot/center/tight_subject/feasible"": 6, ""person_single/upper_half_body/center/balanced/feasible"": 3, ""person_single/upper_half_body/rot/balanced/feasible"": 2, ""scene/na/center/balanced/feasible"": 2}","{""person_single|face_headshot|center|tight_subject|feasible"": 6, ""person_single|upper_half_body|center|balanced|feasible"": 3, ""person_single|upper_half_body|rot|balanced|feasible"": 2, ""scene|na|center|balanced|feasible"": 2}"
sstk_image_2029093490,person_group,person_group,person_group|na|center|balanced|feasible,person_group,,balanced,0.99,9,9,9,data/SSTK/PhaseA_PhotoPrimary_10K_SigLIP2_v5_20260529/artifacts/training_labels_multimode/260609_v17_routing_v2_precompute_native_nofood_petstrict_cropstrict_nms_v5/crop_review_routing_v2_v17_precompute_native/panels_unified_220/panels/review_sstk_image_2029093490.jpg,data/SSTK/PhaseA_PhotoPrimary_10K_SigLIP2_v5_20260529/images/sstk_image_2029093490.jpg,"{""person_single_face_headshot_center"": 6, ""scene_center"": 3}","{""16:9"": 2, ""1:1"": 1, ""3:4"": 1, ""4:3"": 2, ""9:16"": 1, ""FREE"": 2}","{""person_single/face_headshot/center/tight_subject/feasible"": 6, ""scene/na/center/balanced/feasible"": 3}","{""person_single|face_headshot|center|tight_subject|feasible"": 6, ""scene|na|center|balanced|feasible"": 3}"
sstk_image_577576846,person_single_face_headshot,person_single_face_headshot,person_single|face_headshot|center|tight_subject|feasible,person_single,face_headshot,tight_subject,0.95,13,13,12,data/SSTK/PhaseA_PhotoPrimary_10K_SigLIP2_v5_20260529/artifacts/training_labels_multimode/260609_v17_routing_v2_precompute_native_nofood_petstrict_cropstrict_nms_v5/crop_review_routing_v2_v17_precompute_native/panels_unified_220/panels/review_sstk_image_577576846.jpg,data/SSTK/PhaseA_PhotoPrimary_10K_SigLIP2_v5_20260529/images/sstk_image_577576846.jpg,"{""person_single_face_headshot_center"": 6, ""person_single_upper_half_body_rot"": 3, ""scene_center"": 4}","{""16:9"": 2, ""1:1"": 3, ""3:4"": 1, ""4:3"": 3, ""9:16"": 1, ""FREE"": 3}","{""person_single/face_headshot/center/tight_subject/feasible"": 6, ""person_single/upper_half_body/rot/balanced/feasible"": 3, ""scene/na/center/balanced/feasible"": 4}","{""person_single|face_headshot|center|tight_subject|feasible"": 6, ""person_single|upper_half_body|rot|balanced|feasible"": 3, ""scene|na|center|balanced|feasible"": 4}"
bigstock_image_173600372,person_group,person_group,person_group|na|center|balanced|feasible,person_group,,balanced,0.99,22,22,12,data/SSTK/PhaseA_PhotoPrimary_10K_SigLIP2_v5_20260529/artifacts/training_labels_multimode/260609_v17_routing_v2_precompute_native_nofood_petstrict_cropstrict_nms_v5/crop_review_routing_v2_v17_precompute_native/panels_unified_220/panels/review_bigstock_image_173600372.jpg,data/SSTK/PhaseA_PhotoPrimary_10K_SigLIP2_v5_20260529/images/bigstock_image_173600372.jpg,"{""person_single_face_headshot_center"": 2, ""person_single_full_body_center"": 3, ""person_single_full_body_rot"": 3, ""pet_dogcat_center"": 6, ""pet_dogcat_rot"": 6, ""scene_center"": 2}","{""16:9"": 2, ""1:1"": 5, ""3:4"": 5, ""4:3"": 3, ""9:16"": 4, ""FREE"": 3}","{""person_single/face_headshot/center/tight_subject/feasible"": 2, ""person_single/full_body/center/balanced/feasible"": 3, ""person_single/full_body/rot/balanced/feasible"": 3, ""pet_dogcat/na/center/tight_subject/feasible"": 6, ""pet_dogcat/na/rot/balanced/feasible"": 6, ""scene/na/center/balanced/feasible"": 2}","{""person_single|face_headshot|center|tight_subject|feasible"": 2, ""person_single|full_body|center|balanced|feasible"": 3, ""person_single|full_body|rot|balanced|feasible"": 3, ""pet_dogcat|na|center|tight_subject|feasible"": 6, ""pet_dogcat|na|rot|balanced|feasible"": 6, ""scene|na|center|balanced|feasible"": 2}"
sstk_image_2263257317,scene,scene,scene|na|center|balanced|feasible,scene,,balanced,0.6,20,20,12,data/SSTK/PhaseA_PhotoPrimary_10K_SigLIP2_v5_20260529/artifacts/training_labels_multimode/260609_v17_routing_v2_precompute_native_nofood_petstrict_cropstrict_nms_v5/crop_review_routing_v2_v17_precompute_native/panels_unified_220/panels/review_sstk_image_2263257317.jpg,data/SSTK/PhaseA_PhotoPrimary_10K_SigLIP2_v5_20260529/images/sstk_image_2263257317.jpg,"{""person_single_face_headshot_center"": 2, ""person_single_full_body_center"": 6, ""person_single_full_body_rot"": 6, ""scene_center"": 6}","{""16:9"": 3, ""1:1"": 4, ""3:4"": 4, ""4:3"": 3, ""9:16"": 3, ""FREE"": 3}","{""person_single/face_headshot/center/tight_subject/feasible"": 2, ""person_single/full_body/center/balanced/feasible"": 6, ""person_single/full_body/rot/balanced/feasible"": 6, ""scene/na/center/balanced/feasible"": 6}","{""person_single|face_headshot|center|tight_subject|feasible"": 2, ""person_single|full_body|center|balanced|feasible"": 6, ""person_single|full_body|rot|balanced|feasible"": 6, ""scene|na|center|balanced|feasible"": 6}"
pond5_image_62685792,person_single_full_body,person_single_full_body,person_single|full_body|center|environmental|feasible,person_single,full_body,environmental,0.99,20,20,12,data/SSTK/PhaseA_PhotoPrimary_10K_SigLIP2_v5_20260529/artifacts/training_labels_multimode/260609_v17_routing_v2_precompute_native_nofood_petstrict_cropstrict_nms_v5/crop_review_routing_v2_v17_precompute_native/panels_unified_220/panels/review_pond5_image_62685792.jpg,data/SSTK/PhaseA_PhotoPrimary_10K_SigLIP2_v5_20260529/images/pond5_image_62685792.jpg,"{""person_single_face_headshot_center"": 2, ""person_single_full_body_center"": 6, ""person_single_full_body_rot"": 6, ""scene_center"": 6}","{""16:9"": 3, ""1:1"": 4, ""3:4"": 4, ""4:3"": 3, ""9:16"": 3, ""FREE"": 3}","{""person_single/face_headshot/center/tight_subject/feasible"": 2, ""person_single/full_body/center/balanced/feasible"": 6, ""person_single/full_body/rot/balanced/feasible"": 6, ""scene/na/center/balanced/feasible"": 6}","{""person_single|face_headshot|center|tight_subject|feasible"": 2, ""person_single|full_body|center|balanced|feasible"": 6, ""person_single|full_body|rot|balanced|feasible"": 6, ""scene|na|center|balanced|feasible"": 6}"
sstk_image_2322705695,person_single_full_body,person_single_full_body,person_single|full_body|center|balanced|feasible,person_single,full_body,balanced,0.99,18,18,12,data/SSTK/PhaseA_PhotoPrimary_10K_SigLIP2_v5_20260529/artifacts/training_labels_multimode/260609_v17_routing_v2_precompute_native_nofood_petstrict_cropstrict_nms_v5/crop_review_routing_v2_v17_precompute_native/panels_unified_220/panels/review_sstk_image_2322705695.jpg,data/SSTK/PhaseA_PhotoPrimary_10K_SigLIP2_v5_20260529/images/sstk_image_2322705695.jpg,"{""person_single_face_headshot_center"": 2, ""person_single_full_body_center"": 4, ""person_single_full_body_rot"": 6, ""scene_center"": 6}","{""16:9"": 2, ""1:1"": 4, ""3:4"": 4, ""4:3"": 2, ""9:16"": 3, ""FREE"": 3}","{""person_single/face_headshot/center/tight_subject/feasible"": 2, ""person_single/full_body/center/balanced/feasible"": 4, ""person_single/full_body/rot/balanced/feasible"": 6, ""scene/na/center/balanced/feasible"": 6}","{""person_single|face_headshot|center|tight_subject|feasible"": 2, ""person_single|full_body|center|balanced|feasible"": 4, ""person_single|full_body|rot|balanced|feasible"": 6, ""scene|na|center|balanced|feasible"": 6}"
sstk_image_1851035248,scene,scene,scene|na|center|balanced|feasible,scene,,balanced,0.6,15,15,12,data/SSTK/PhaseA_PhotoPrimary_10K_SigLIP2_v5_20260529/artifacts/training_labels_multimode/260609_v17_routing_v2_precompute_native_nofood_petstrict_cropstrict_nms_v5/crop_review_routing_v2_v17_precompute_native/panels_unified_220/panels/review_sstk_image_1851035248.jpg,data/SSTK/PhaseA_PhotoPrimary_10K_SigLIP2_v5_20260529/images/sstk_image_1851035248.jpg,"{""person_single_face_headshot_center"": 3, ""person_single_full_body_center"": 6, ""person_single_full_body_rot"": 6}","{""16:9"": 2, ""1:1"": 3, ""3:4"": 3, ""4:3"": 2, ""9:16"": 3, ""FREE"": 2}","{""person_single/face_headshot/center/tight_subject/feasible"": 3, ""person_single/full_body/center/balanced/feasible"": 6, ""person_single/full_body/rot/balanced/feasible"": 6}","{""person_single|face_headshot|center|tight_subject|feasible"": 3, ""person_single|full_body|center|balanced|feasible"": 6, ""person_single|full_body|rot|balanced|feasible"": 6}"
